

Microchip MPLAB XC8 Assembler V3.00 build 20241204225717 
                                                                                               Thu Jul 24 16:18:08 2025

Microchip MPLAB XC8 C Compiler v3.00 (Free license) build 20241204225717 Og1 
     1                           	processor	18F4550
     2                           	fnconf	rparam,??,?,0
     3                           	pagewidth 120
     4                           	opt	flic
     5                           	psect	idataCOMRAM,global,class=CODE,space=0,delta=1,noexec
     6                           	psect	mediumconst,global,reloc=2,class=MEDIUMCONST,space=0,delta=1,noexec
     7                           	psect	cinit,global,reloc=2,class=CODE,space=0,delta=1
     8                           	psect	bssCOMRAM,global,class=COMRAM,space=1,delta=1,lowdata,noexec
     9                           	psect	dataCOMRAM,global,class=COMRAM,space=1,delta=1,lowdata,noexec
    10                           	psect	cstackCOMRAM,global,class=COMRAM,space=1,delta=1,lowdata,noexec
    11                           	psect	text0,global,reloc=2,class=CODE,space=0,delta=1
    12                           	psect	text1,global,reloc=2,class=CODE,space=0,delta=1
    13                           	psect	text2,global,reloc=2,class=CODE,space=0,delta=1
    14                           	psect	text3,global,reloc=2,class=CODE,space=0,delta=1
    15                           	psect	text4,global,reloc=2,class=CODE,space=0,delta=1
    16                           	psect	text5,global,reloc=2,class=CODE,space=0,delta=1,group=2
    17                           	psect	text6,global,reloc=2,class=CODE,space=0,delta=1
    18                           	psect	text7,global,reloc=2,class=CODE,space=0,delta=1
    19                           	psect	text8,global,reloc=2,class=CODE,space=0,delta=1
    20                           	psect	text9,global,reloc=2,class=CODE,space=0,delta=1
    21                           	psect	text10,global,reloc=2,class=CODE,space=0,delta=1,group=1
    22                           	psect	text11,global,reloc=2,class=CODE,space=0,delta=1,group=1
    23                           	psect	text12,global,reloc=2,class=CODE,space=0,delta=1
    24                           	psect	text13,global,reloc=2,class=CODE,space=0,delta=1
    25                           	psect	text14,global,reloc=2,class=CODE,space=0,delta=1
    26                           	psect	text15,global,reloc=2,class=CODE,space=0,delta=1
    27                           	psect	text16,global,reloc=2,class=CODE,space=0,delta=1
    28                           	psect	text17,global,reloc=2,class=CODE,space=0,delta=1
    29                           	psect	intsave_regs,global,class=BIGRAM,space=1,delta=1,noexec
    30                           	psect	rparam,global,class=COMRAM,space=1,delta=1,noexec
    31                           	psect	idloc,global,abs,ovrld,class=IDLOC,space=5,delta=1,noexec
    32                           	psect	config,global,abs,ovrld,class=CONFIG,space=4,delta=1,noexec
    33   000000                     
    34                           ; Generated 17/10/2023 GMT
    35                           ; 
    36                           ; Copyright © 2023, Microchip Technology Inc. and its subsidiaries ("Microchip")
    37                           ; All rights reserved.
    38                           ; 
    39                           ; This software is developed by Microchip Technology Inc. and its subsidiaries ("Microch
      +                          ip").
    40                           ; 
    41                           ; Redistribution and use in source and binary forms, with or without modification, are
    42                           ; permitted provided that the following conditions are met:
    43                           ; 
    44                           ;     1. Redistributions of source code must retain the above copyright notice, this lis
      +                          t of
    45                           ;        conditions and the following disclaimer.
    46                           ; 
    47                           ;     2. Redistributions in binary form must reproduce the above copyright notice, this 
      +                          list
    48                           ;        of conditions and the following disclaimer in the documentation and/or other
    49                           ;        materials provided with the distribution. Publication is not required when
    50                           ;        this file is used in an embedded application.
    51                           ; 
    52                           ;     3. Microchip's name may not be used to endorse or promote products derived from th
      +                          is
    53                           ;        software without specific prior written permission.
    54                           ; 
    55                           ; THIS SOFTWARE IS PROVIDED BY MICROCHIP "AS IS" AND ANY EXPRESS OR IMPLIED WARRANTIES,
    56                           ; INCLUDING, BUT NOT LIMITED TO, THE IMPLIED WARRANTIES OF MERCHANTABILITY AND FITNESS F
      +                          OR
    57                           ; PURPOSE ARE DISCLAIMED.  IN NO EVENT SHALL MICROCHIP BE LIABLE FOR ANY DIRECT, INDIREC
      +                          T,
    58                           ; INCIDENTAL, SPECIAL, EXEMPLARY, OR CONSEQUENTIAL DAMAGES (INCLUDING BUT NOT LIMITED TO
    59                           ; PROCUREMENT OF SUBSTITUTE GOODS OR SERVICES; LOSS OF USE, DATA OR PROFITS; OR BUSINESS
    60                           ; INTERRUPTION) HOWSOEVER CAUSED AND ON ANY THEORY OF LIABILITY, WHETHER IN CONTRACT, ST
      +                          RICT
    61                           ; LIABILITY, OR TORT (INCLUDING NEGLIGENCE OR OTHERWISE) ARISING IN ANY WAY OUT OF THE U
      +                          SE OF
    62                           ; THIS SOFTWARE, EVEN IF ADVISED OF THE POSSIBILITY OF SUCH DAMAGE.
    63                           ; 
    64                           ; 
    65                           ; Code-generator required, PIC18F4550 Definitions
    66                           ; 
    67                           ; SFR Addresses
    68   000FE0                     bsr             equ	4064
    69   000FE9                     fsr0            equ	4073
    70   000FEA                     fsr0h           equ	4074
    71   000FE9                     fsr0l           equ	4073
    72   000FE1                     fsr1            equ	4065
    73   000FE2                     fsr1h           equ	4066
    74   000FE1                     fsr1l           equ	4065
    75   000FD9                     fsr2            equ	4057
    76   000FDA                     fsr2h           equ	4058
    77   000FD9                     fsr2l           equ	4057
    78   000FEF                     indf0           equ	4079
    79   000FE7                     indf1           equ	4071
    80   000FDF                     indf2           equ	4063
    81   000FF2                     intcon          equ	4082
    82   000000                     nvmcon          equ	0
    83   000FF9                     pcl             equ	4089
    84   000FFA                     pclath          equ	4090
    85   000FFB                     pclatu          equ	4091
    86   000FEB                     plusw0          equ	4075
    87   000FE3                     plusw1          equ	4067
    88   000FDB                     plusw2          equ	4059
    89   000FED                     postdec0        equ	4077
    90   000FE5                     postdec1        equ	4069
    91   000FDD                     postdec2        equ	4061
    92   000FEE                     postinc0        equ	4078
    93   000FE6                     postinc1        equ	4070
    94   000FDE                     postinc2        equ	4062
    95   000FEC                     preinc0         equ	4076
    96   000FE4                     preinc1         equ	4068
    97   000FDC                     preinc2         equ	4060
    98   000FF3                     prod            equ	4083
    99   000FF4                     prodh           equ	4084
   100   000FF3                     prodl           equ	4083
   101   000FD8                     status          equ	4056
   102   000FF5                     tablat          equ	4085
   103   000FF6                     tblptr          equ	4086
   104   000FF7                     tblptrh         equ	4087
   105   000FF6                     tblptrl         equ	4086
   106   000FF8                     tblptru         equ	4088
   107   000FFD                     tosl            equ	4093
   108   000FE8                     wreg            equ	4072
   109   000F62                     SPPDATA         equ	3938	;# 
   110   000F63                     SPPCFG          equ	3939	;# 
   111   000F64                     SPPEPS          equ	3940	;# 
   112   000F65                     SPPCON          equ	3941	;# 
   113   000F66                     UFRM            equ	3942	;# 
   114   000F66                     UFRML           equ	3942	;# 
   115   000F67                     UFRMH           equ	3943	;# 
   116   000F68                     UIR             equ	3944	;# 
   117   000F69                     UIE             equ	3945	;# 
   118   000F6A                     UEIR            equ	3946	;# 
   119   000F6B                     UEIE            equ	3947	;# 
   120   000F6C                     USTAT           equ	3948	;# 
   121   000F6D                     UCON            equ	3949	;# 
   122   000F6E                     UADDR           equ	3950	;# 
   123   000F6F                     UCFG            equ	3951	;# 
   124   000F70                     UEP0            equ	3952	;# 
   125   000F71                     UEP1            equ	3953	;# 
   126   000F72                     UEP2            equ	3954	;# 
   127   000F73                     UEP3            equ	3955	;# 
   128   000F74                     UEP4            equ	3956	;# 
   129   000F75                     UEP5            equ	3957	;# 
   130   000F76                     UEP6            equ	3958	;# 
   131   000F77                     UEP7            equ	3959	;# 
   132   000F78                     UEP8            equ	3960	;# 
   133   000F79                     UEP9            equ	3961	;# 
   134   000F7A                     UEP10           equ	3962	;# 
   135   000F7B                     UEP11           equ	3963	;# 
   136   000F7C                     UEP12           equ	3964	;# 
   137   000F7D                     UEP13           equ	3965	;# 
   138   000F7E                     UEP14           equ	3966	;# 
   139   000F7F                     UEP15           equ	3967	;# 
   140   000F80                     PORTA           equ	3968	;# 
   141   000F81                     PORTB           equ	3969	;# 
   142   000F82                     PORTC           equ	3970	;# 
   143   000F83                     PORTD           equ	3971	;# 
   144   000F84                     PORTE           equ	3972	;# 
   145   000F89                     LATA            equ	3977	;# 
   146   000F8A                     LATB            equ	3978	;# 
   147   000F8B                     LATC            equ	3979	;# 
   148   000F8C                     LATD            equ	3980	;# 
   149   000F8D                     LATE            equ	3981	;# 
   150   000F92                     TRISA           equ	3986	;# 
   151   000F92                     DDRA            equ	3986	;# 
   152   000F93                     TRISB           equ	3987	;# 
   153   000F93                     DDRB            equ	3987	;# 
   154   000F94                     TRISC           equ	3988	;# 
   155   000F94                     DDRC            equ	3988	;# 
   156   000F95                     TRISD           equ	3989	;# 
   157   000F95                     DDRD            equ	3989	;# 
   158   000F96                     TRISE           equ	3990	;# 
   159   000F96                     DDRE            equ	3990	;# 
   160   000F9B                     OSCTUNE         equ	3995	;# 
   161   000F9D                     PIE1            equ	3997	;# 
   162   000F9E                     PIR1            equ	3998	;# 
   163   000F9F                     IPR1            equ	3999	;# 
   164   000FA0                     PIE2            equ	4000	;# 
   165   000FA1                     PIR2            equ	4001	;# 
   166   000FA2                     IPR2            equ	4002	;# 
   167   000FA6                     EECON1          equ	4006	;# 
   168   000FA7                     EECON2          equ	4007	;# 
   169   000FA8                     EEDATA          equ	4008	;# 
   170   000FA9                     EEADR           equ	4009	;# 
   171   000FAB                     RCSTA           equ	4011	;# 
   172   000FAB                     RCSTA1          equ	4011	;# 
   173   000FAC                     TXSTA           equ	4012	;# 
   174   000FAC                     TXSTA1          equ	4012	;# 
   175   000FAD                     TXREG           equ	4013	;# 
   176   000FAD                     TXREG1          equ	4013	;# 
   177   000FAE                     RCREG           equ	4014	;# 
   178   000FAE                     RCREG1          equ	4014	;# 
   179   000FAF                     SPBRG           equ	4015	;# 
   180   000FAF                     SPBRG1          equ	4015	;# 
   181   000FB0                     SPBRGH          equ	4016	;# 
   182   000FB1                     T3CON           equ	4017	;# 
   183   000FB2                     TMR3            equ	4018	;# 
   184   000FB2                     TMR3L           equ	4018	;# 
   185   000FB3                     TMR3H           equ	4019	;# 
   186   000FB4                     CMCON           equ	4020	;# 
   187   000FB5                     CVRCON          equ	4021	;# 
   188   000FB6                     ECCP1AS         equ	4022	;# 
   189   000FB6                     CCP1AS          equ	4022	;# 
   190   000FB7                     ECCP1DEL        equ	4023	;# 
   191   000FB7                     CCP1DEL         equ	4023	;# 
   192   000FB8                     BAUDCON         equ	4024	;# 
   193   000FB8                     BAUDCTL         equ	4024	;# 
   194   000FBA                     CCP2CON         equ	4026	;# 
   195   000FBB                     CCPR2           equ	4027	;# 
   196   000FBB                     CCPR2L          equ	4027	;# 
   197   000FBC                     CCPR2H          equ	4028	;# 
   198   000FBD                     CCP1CON         equ	4029	;# 
   199   000FBD                     ECCP1CON        equ	4029	;# 
   200   000FBE                     CCPR1           equ	4030	;# 
   201   000FBE                     CCPR1L          equ	4030	;# 
   202   000FBF                     CCPR1H          equ	4031	;# 
   203   000FC0                     ADCON2          equ	4032	;# 
   204   000FC1                     ADCON1          equ	4033	;# 
   205   000FC2                     ADCON0          equ	4034	;# 
   206   000FC3                     ADRES           equ	4035	;# 
   207   000FC3                     ADRESL          equ	4035	;# 
   208   000FC4                     ADRESH          equ	4036	;# 
   209   000FC5                     SSPCON2         equ	4037	;# 
   210   000FC6                     SSPCON1         equ	4038	;# 
   211   000FC7                     SSPSTAT         equ	4039	;# 
   212   000FC8                     SSPADD          equ	4040	;# 
   213   000FC9                     SSPBUF          equ	4041	;# 
   214   000FCA                     T2CON           equ	4042	;# 
   215   000FCB                     PR2             equ	4043	;# 
   216   000FCB                     MEMCON          equ	4043	;# 
   217   000FCC                     TMR2            equ	4044	;# 
   218   000FCD                     T1CON           equ	4045	;# 
   219   000FCE                     TMR1            equ	4046	;# 
   220   000FCE                     TMR1L           equ	4046	;# 
   221   000FCF                     TMR1H           equ	4047	;# 
   222   000FD0                     RCON            equ	4048	;# 
   223   000FD1                     WDTCON          equ	4049	;# 
   224   000FD2                     HLVDCON         equ	4050	;# 
   225   000FD2                     LVDCON          equ	4050	;# 
   226   000FD3                     OSCCON          equ	4051	;# 
   227   000FD5                     T0CON           equ	4053	;# 
   228   000FD6                     TMR0            equ	4054	;# 
   229   000FD6                     TMR0L           equ	4054	;# 
   230   000FD7                     TMR0H           equ	4055	;# 
   231   000FD8                     STATUS          equ	4056	;# 
   232   000FD9                     FSR2            equ	4057	;# 
   233   000FD9                     FSR2L           equ	4057	;# 
   234   000FDA                     FSR2H           equ	4058	;# 
   235   000FDB                     PLUSW2          equ	4059	;# 
   236   000FDC                     PREINC2         equ	4060	;# 
   237   000FDD                     POSTDEC2        equ	4061	;# 
   238   000FDE                     POSTINC2        equ	4062	;# 
   239   000FDF                     INDF2           equ	4063	;# 
   240   000FE0                     BSR             equ	4064	;# 
   241   000FE1                     FSR1            equ	4065	;# 
   242   000FE1                     FSR1L           equ	4065	;# 
   243   000FE2                     FSR1H           equ	4066	;# 
   244   000FE3                     PLUSW1          equ	4067	;# 
   245   000FE4                     PREINC1         equ	4068	;# 
   246   000FE5                     POSTDEC1        equ	4069	;# 
   247   000FE6                     POSTINC1        equ	4070	;# 
   248   000FE7                     INDF1           equ	4071	;# 
   249   000FE8                     WREG            equ	4072	;# 
   250   000FE9                     FSR0            equ	4073	;# 
   251   000FE9                     FSR0L           equ	4073	;# 
   252   000FEA                     FSR0H           equ	4074	;# 
   253   000FEB                     PLUSW0          equ	4075	;# 
   254   000FEC                     PREINC0         equ	4076	;# 
   255   000FED                     POSTDEC0        equ	4077	;# 
   256   000FEE                     POSTINC0        equ	4078	;# 
   257   000FEF                     INDF0           equ	4079	;# 
   258   000FF0                     INTCON3         equ	4080	;# 
   259   000FF1                     INTCON2         equ	4081	;# 
   260   000FF2                     INTCON          equ	4082	;# 
   261   000FF3                     PROD            equ	4083	;# 
   262   000FF3                     PRODL           equ	4083	;# 
   263   000FF4                     PRODH           equ	4084	;# 
   264   000FF5                     TABLAT          equ	4085	;# 
   265   000FF6                     TBLPTR          equ	4086	;# 
   266   000FF6                     TBLPTRL         equ	4086	;# 
   267   000FF7                     TBLPTRH         equ	4087	;# 
   268   000FF8                     TBLPTRU         equ	4088	;# 
   269   000FF9                     PCLAT           equ	4089	;# 
   270   000FF9                     PC              equ	4089	;# 
   271   000FF9                     PCL             equ	4089	;# 
   272   000FFA                     PCLATH          equ	4090	;# 
   273   000FFB                     PCLATU          equ	4091	;# 
   274   000FFC                     STKPTR          equ	4092	;# 
   275   000FFD                     TOS             equ	4093	;# 
   276   000FFD                     TOSL            equ	4093	;# 
   277   000FFE                     TOSH            equ	4094	;# 
   278   000FFF                     TOSU            equ	4095	;# 
   279   000F62                     SPPDATA         equ	3938	;# 
   280   000F63                     SPPCFG          equ	3939	;# 
   281   000F64                     SPPEPS          equ	3940	;# 
   282   000F65                     SPPCON          equ	3941	;# 
   283   000F66                     UFRM            equ	3942	;# 
   284   000F66                     UFRML           equ	3942	;# 
   285   000F67                     UFRMH           equ	3943	;# 
   286   000F68                     UIR             equ	3944	;# 
   287   000F69                     UIE             equ	3945	;# 
   288   000F6A                     UEIR            equ	3946	;# 
   289   000F6B                     UEIE            equ	3947	;# 
   290   000F6C                     USTAT           equ	3948	;# 
   291   000F6D                     UCON            equ	3949	;# 
   292   000F6E                     UADDR           equ	3950	;# 
   293   000F6F                     UCFG            equ	3951	;# 
   294   000F70                     UEP0            equ	3952	;# 
   295   000F71                     UEP1            equ	3953	;# 
   296   000F72                     UEP2            equ	3954	;# 
   297   000F73                     UEP3            equ	3955	;# 
   298   000F74                     UEP4            equ	3956	;# 
   299   000F75                     UEP5            equ	3957	;# 
   300   000F76                     UEP6            equ	3958	;# 
   301   000F77                     UEP7            equ	3959	;# 
   302   000F78                     UEP8            equ	3960	;# 
   303   000F79                     UEP9            equ	3961	;# 
   304   000F7A                     UEP10           equ	3962	;# 
   305   000F7B                     UEP11           equ	3963	;# 
   306   000F7C                     UEP12           equ	3964	;# 
   307   000F7D                     UEP13           equ	3965	;# 
   308   000F7E                     UEP14           equ	3966	;# 
   309   000F7F                     UEP15           equ	3967	;# 
   310   000F80                     PORTA           equ	3968	;# 
   311   000F81                     PORTB           equ	3969	;# 
   312   000F82                     PORTC           equ	3970	;# 
   313   000F83                     PORTD           equ	3971	;# 
   314   000F84                     PORTE           equ	3972	;# 
   315   000F89                     LATA            equ	3977	;# 
   316   000F8A                     LATB            equ	3978	;# 
   317   000F8B                     LATC            equ	3979	;# 
   318   000F8C                     LATD            equ	3980	;# 
   319   000F8D                     LATE            equ	3981	;# 
   320   000F92                     TRISA           equ	3986	;# 
   321   000F92                     DDRA            equ	3986	;# 
   322   000F93                     TRISB           equ	3987	;# 
   323   000F93                     DDRB            equ	3987	;# 
   324   000F94                     TRISC           equ	3988	;# 
   325   000F94                     DDRC            equ	3988	;# 
   326   000F95                     TRISD           equ	3989	;# 
   327   000F95                     DDRD            equ	3989	;# 
   328   000F96                     TRISE           equ	3990	;# 
   329   000F96                     DDRE            equ	3990	;# 
   330   000F9B                     OSCTUNE         equ	3995	;# 
   331   000F9D                     PIE1            equ	3997	;# 
   332   000F9E                     PIR1            equ	3998	;# 
   333   000F9F                     IPR1            equ	3999	;# 
   334   000FA0                     PIE2            equ	4000	;# 
   335   000FA1                     PIR2            equ	4001	;# 
   336   000FA2                     IPR2            equ	4002	;# 
   337   000FA6                     EECON1          equ	4006	;# 
   338   000FA7                     EECON2          equ	4007	;# 
   339   000FA8                     EEDATA          equ	4008	;# 
   340   000FA9                     EEADR           equ	4009	;# 
   341   000FAB                     RCSTA           equ	4011	;# 
   342   000FAB                     RCSTA1          equ	4011	;# 
   343   000FAC                     TXSTA           equ	4012	;# 
   344   000FAC                     TXSTA1          equ	4012	;# 
   345   000FAD                     TXREG           equ	4013	;# 
   346   000FAD                     TXREG1          equ	4013	;# 
   347   000FAE                     RCREG           equ	4014	;# 
   348   000FAE                     RCREG1          equ	4014	;# 
   349   000FAF                     SPBRG           equ	4015	;# 
   350   000FAF                     SPBRG1          equ	4015	;# 
   351   000FB0                     SPBRGH          equ	4016	;# 
   352   000FB1                     T3CON           equ	4017	;# 
   353   000FB2                     TMR3            equ	4018	;# 
   354   000FB2                     TMR3L           equ	4018	;# 
   355   000FB3                     TMR3H           equ	4019	;# 
   356   000FB4                     CMCON           equ	4020	;# 
   357   000FB5                     CVRCON          equ	4021	;# 
   358   000FB6                     ECCP1AS         equ	4022	;# 
   359   000FB6                     CCP1AS          equ	4022	;# 
   360   000FB7                     ECCP1DEL        equ	4023	;# 
   361   000FB7                     CCP1DEL         equ	4023	;# 
   362   000FB8                     BAUDCON         equ	4024	;# 
   363   000FB8                     BAUDCTL         equ	4024	;# 
   364   000FBA                     CCP2CON         equ	4026	;# 
   365   000FBB                     CCPR2           equ	4027	;# 
   366   000FBB                     CCPR2L          equ	4027	;# 
   367   000FBC                     CCPR2H          equ	4028	;# 
   368   000FBD                     CCP1CON         equ	4029	;# 
   369   000FBD                     ECCP1CON        equ	4029	;# 
   370   000FBE                     CCPR1           equ	4030	;# 
   371   000FBE                     CCPR1L          equ	4030	;# 
   372   000FBF                     CCPR1H          equ	4031	;# 
   373   000FC0                     ADCON2          equ	4032	;# 
   374   000FC1                     ADCON1          equ	4033	;# 
   375   000FC2                     ADCON0          equ	4034	;# 
   376   000FC3                     ADRES           equ	4035	;# 
   377   000FC3                     ADRESL          equ	4035	;# 
   378   000FC4                     ADRESH          equ	4036	;# 
   379   000FC5                     SSPCON2         equ	4037	;# 
   380   000FC6                     SSPCON1         equ	4038	;# 
   381   000FC7                     SSPSTAT         equ	4039	;# 
   382   000FC8                     SSPADD          equ	4040	;# 
   383   000FC9                     SSPBUF          equ	4041	;# 
   384   000FCA                     T2CON           equ	4042	;# 
   385   000FCB                     PR2             equ	4043	;# 
   386   000FCB                     MEMCON          equ	4043	;# 
   387   000FCC                     TMR2            equ	4044	;# 
   388   000FCD                     T1CON           equ	4045	;# 
   389   000FCE                     TMR1            equ	4046	;# 
   390   000FCE                     TMR1L           equ	4046	;# 
   391   000FCF                     TMR1H           equ	4047	;# 
   392   000FD0                     RCON            equ	4048	;# 
   393   000FD1                     WDTCON          equ	4049	;# 
   394   000FD2                     HLVDCON         equ	4050	;# 
   395   000FD2                     LVDCON          equ	4050	;# 
   396   000FD3                     OSCCON          equ	4051	;# 
   397   000FD5                     T0CON           equ	4053	;# 
   398   000FD6                     TMR0            equ	4054	;# 
   399   000FD6                     TMR0L           equ	4054	;# 
   400   000FD7                     TMR0H           equ	4055	;# 
   401   000FD8                     STATUS          equ	4056	;# 
   402   000FD9                     FSR2            equ	4057	;# 
   403   000FD9                     FSR2L           equ	4057	;# 
   404   000FDA                     FSR2H           equ	4058	;# 
   405   000FDB                     PLUSW2          equ	4059	;# 
   406   000FDC                     PREINC2         equ	4060	;# 
   407   000FDD                     POSTDEC2        equ	4061	;# 
   408   000FDE                     POSTINC2        equ	4062	;# 
   409   000FDF                     INDF2           equ	4063	;# 
   410   000FE0                     BSR             equ	4064	;# 
   411   000FE1                     FSR1            equ	4065	;# 
   412   000FE1                     FSR1L           equ	4065	;# 
   413   000FE2                     FSR1H           equ	4066	;# 
   414   000FE3                     PLUSW1          equ	4067	;# 
   415   000FE4                     PREINC1         equ	4068	;# 
   416   000FE5                     POSTDEC1        equ	4069	;# 
   417   000FE6                     POSTINC1        equ	4070	;# 
   418   000FE7                     INDF1           equ	4071	;# 
   419   000FE8                     WREG            equ	4072	;# 
   420   000FE9                     FSR0            equ	4073	;# 
   421   000FE9                     FSR0L           equ	4073	;# 
   422   000FEA                     FSR0H           equ	4074	;# 
   423   000FEB                     PLUSW0          equ	4075	;# 
   424   000FEC                     PREINC0         equ	4076	;# 
   425   000FED                     POSTDEC0        equ	4077	;# 
   426   000FEE                     POSTINC0        equ	4078	;# 
   427   000FEF                     INDF0           equ	4079	;# 
   428   000FF0                     INTCON3         equ	4080	;# 
   429   000FF1                     INTCON2         equ	4081	;# 
   430   000FF2                     INTCON          equ	4082	;# 
   431   000FF3                     PROD            equ	4083	;# 
   432   000FF3                     PRODL           equ	4083	;# 
   433   000FF4                     PRODH           equ	4084	;# 
   434   000FF5                     TABLAT          equ	4085	;# 
   435   000FF6                     TBLPTR          equ	4086	;# 
   436   000FF6                     TBLPTRL         equ	4086	;# 
   437   000FF7                     TBLPTRH         equ	4087	;# 
   438   000FF8                     TBLPTRU         equ	4088	;# 
   439   000FF9                     PCLAT           equ	4089	;# 
   440   000FF9                     PC              equ	4089	;# 
   441   000FF9                     PCL             equ	4089	;# 
   442   000FFA                     PCLATH          equ	4090	;# 
   443   000FFB                     PCLATU          equ	4091	;# 
   444   000FFC                     STKPTR          equ	4092	;# 
   445   000FFD                     TOS             equ	4093	;# 
   446   000FFD                     TOSL            equ	4093	;# 
   447   000FFE                     TOSH            equ	4094	;# 
   448   000FFF                     TOSU            equ	4095	;# 
   449   000F62                     SPPDATA         equ	3938	;# 
   450   000F63                     SPPCFG          equ	3939	;# 
   451   000F64                     SPPEPS          equ	3940	;# 
   452   000F65                     SPPCON          equ	3941	;# 
   453   000F66                     UFRM            equ	3942	;# 
   454   000F66                     UFRML           equ	3942	;# 
   455   000F67                     UFRMH           equ	3943	;# 
   456   000F68                     UIR             equ	3944	;# 
   457   000F69                     UIE             equ	3945	;# 
   458   000F6A                     UEIR            equ	3946	;# 
   459   000F6B                     UEIE            equ	3947	;# 
   460   000F6C                     USTAT           equ	3948	;# 
   461   000F6D                     UCON            equ	3949	;# 
   462   000F6E                     UADDR           equ	3950	;# 
   463   000F6F                     UCFG            equ	3951	;# 
   464   000F70                     UEP0            equ	3952	;# 
   465   000F71                     UEP1            equ	3953	;# 
   466   000F72                     UEP2            equ	3954	;# 
   467   000F73                     UEP3            equ	3955	;# 
   468   000F74                     UEP4            equ	3956	;# 
   469   000F75                     UEP5            equ	3957	;# 
   470   000F76                     UEP6            equ	3958	;# 
   471   000F77                     UEP7            equ	3959	;# 
   472   000F78                     UEP8            equ	3960	;# 
   473   000F79                     UEP9            equ	3961	;# 
   474   000F7A                     UEP10           equ	3962	;# 
   475   000F7B                     UEP11           equ	3963	;# 
   476   000F7C                     UEP12           equ	3964	;# 
   477   000F7D                     UEP13           equ	3965	;# 
   478   000F7E                     UEP14           equ	3966	;# 
   479   000F7F                     UEP15           equ	3967	;# 
   480   000F80                     PORTA           equ	3968	;# 
   481   000F81                     PORTB           equ	3969	;# 
   482   000F82                     PORTC           equ	3970	;# 
   483   000F83                     PORTD           equ	3971	;# 
   484   000F84                     PORTE           equ	3972	;# 
   485   000F89                     LATA            equ	3977	;# 
   486   000F8A                     LATB            equ	3978	;# 
   487   000F8B                     LATC            equ	3979	;# 
   488   000F8C                     LATD            equ	3980	;# 
   489   000F8D                     LATE            equ	3981	;# 
   490   000F92                     TRISA           equ	3986	;# 
   491   000F92                     DDRA            equ	3986	;# 
   492   000F93                     TRISB           equ	3987	;# 
   493   000F93                     DDRB            equ	3987	;# 
   494   000F94                     TRISC           equ	3988	;# 
   495   000F94                     DDRC            equ	3988	;# 
   496   000F95                     TRISD           equ	3989	;# 
   497   000F95                     DDRD            equ	3989	;# 
   498   000F96                     TRISE           equ	3990	;# 
   499   000F96                     DDRE            equ	3990	;# 
   500   000F9B                     OSCTUNE         equ	3995	;# 
   501   000F9D                     PIE1            equ	3997	;# 
   502   000F9E                     PIR1            equ	3998	;# 
   503   000F9F                     IPR1            equ	3999	;# 
   504   000FA0                     PIE2            equ	4000	;# 
   505   000FA1                     PIR2            equ	4001	;# 
   506   000FA2                     IPR2            equ	4002	;# 
   507   000FA6                     EECON1          equ	4006	;# 
   508   000FA7                     EECON2          equ	4007	;# 
   509   000FA8                     EEDATA          equ	4008	;# 
   510   000FA9                     EEADR           equ	4009	;# 
   511   000FAB                     RCSTA           equ	4011	;# 
   512   000FAB                     RCSTA1          equ	4011	;# 
   513   000FAC                     TXSTA           equ	4012	;# 
   514   000FAC                     TXSTA1          equ	4012	;# 
   515   000FAD                     TXREG           equ	4013	;# 
   516   000FAD                     TXREG1          equ	4013	;# 
   517   000FAE                     RCREG           equ	4014	;# 
   518   000FAE                     RCREG1          equ	4014	;# 
   519   000FAF                     SPBRG           equ	4015	;# 
   520   000FAF                     SPBRG1          equ	4015	;# 
   521   000FB0                     SPBRGH          equ	4016	;# 
   522   000FB1                     T3CON           equ	4017	;# 
   523   000FB2                     TMR3            equ	4018	;# 
   524   000FB2                     TMR3L           equ	4018	;# 
   525   000FB3                     TMR3H           equ	4019	;# 
   526   000FB4                     CMCON           equ	4020	;# 
   527   000FB5                     CVRCON          equ	4021	;# 
   528   000FB6                     ECCP1AS         equ	4022	;# 
   529   000FB6                     CCP1AS          equ	4022	;# 
   530   000FB7                     ECCP1DEL        equ	4023	;# 
   531   000FB7                     CCP1DEL         equ	4023	;# 
   532   000FB8                     BAUDCON         equ	4024	;# 
   533   000FB8                     BAUDCTL         equ	4024	;# 
   534   000FBA                     CCP2CON         equ	4026	;# 
   535   000FBB                     CCPR2           equ	4027	;# 
   536   000FBB                     CCPR2L          equ	4027	;# 
   537   000FBC                     CCPR2H          equ	4028	;# 
   538   000FBD                     CCP1CON         equ	4029	;# 
   539   000FBD                     ECCP1CON        equ	4029	;# 
   540   000FBE                     CCPR1           equ	4030	;# 
   541   000FBE                     CCPR1L          equ	4030	;# 
   542   000FBF                     CCPR1H          equ	4031	;# 
   543   000FC0                     ADCON2          equ	4032	;# 
   544   000FC1                     ADCON1          equ	4033	;# 
   545   000FC2                     ADCON0          equ	4034	;# 
   546   000FC3                     ADRES           equ	4035	;# 
   547   000FC3                     ADRESL          equ	4035	;# 
   548   000FC4                     ADRESH          equ	4036	;# 
   549   000FC5                     SSPCON2         equ	4037	;# 
   550   000FC6                     SSPCON1         equ	4038	;# 
   551   000FC7                     SSPSTAT         equ	4039	;# 
   552   000FC8                     SSPADD          equ	4040	;# 
   553   000FC9                     SSPBUF          equ	4041	;# 
   554   000FCA                     T2CON           equ	4042	;# 
   555   000FCB                     PR2             equ	4043	;# 
   556   000FCB                     MEMCON          equ	4043	;# 
   557   000FCC                     TMR2            equ	4044	;# 
   558   000FCD                     T1CON           equ	4045	;# 
   559   000FCE                     TMR1            equ	4046	;# 
   560   000FCE                     TMR1L           equ	4046	;# 
   561   000FCF                     TMR1H           equ	4047	;# 
   562   000FD0                     RCON            equ	4048	;# 
   563   000FD1                     WDTCON          equ	4049	;# 
   564   000FD2                     HLVDCON         equ	4050	;# 
   565   000FD2                     LVDCON          equ	4050	;# 
   566   000FD3                     OSCCON          equ	4051	;# 
   567   000FD5                     T0CON           equ	4053	;# 
   568   000FD6                     TMR0            equ	4054	;# 
   569   000FD6                     TMR0L           equ	4054	;# 
   570   000FD7                     TMR0H           equ	4055	;# 
   571   000FD8                     STATUS          equ	4056	;# 
   572   000FD9                     FSR2            equ	4057	;# 
   573   000FD9                     FSR2L           equ	4057	;# 
   574   000FDA                     FSR2H           equ	4058	;# 
   575   000FDB                     PLUSW2          equ	4059	;# 
   576   000FDC                     PREINC2         equ	4060	;# 
   577   000FDD                     POSTDEC2        equ	4061	;# 
   578   000FDE                     POSTINC2        equ	4062	;# 
   579   000FDF                     INDF2           equ	4063	;# 
   580   000FE0                     BSR             equ	4064	;# 
   581   000FE1                     FSR1            equ	4065	;# 
   582   000FE1                     FSR1L           equ	4065	;# 
   583   000FE2                     FSR1H           equ	4066	;# 
   584   000FE3                     PLUSW1          equ	4067	;# 
   585   000FE4                     PREINC1         equ	4068	;# 
   586   000FE5                     POSTDEC1        equ	4069	;# 
   587   000FE6                     POSTINC1        equ	4070	;# 
   588   000FE7                     INDF1           equ	4071	;# 
   589   000FE8                     WREG            equ	4072	;# 
   590   000FE9                     FSR0            equ	4073	;# 
   591   000FE9                     FSR0L           equ	4073	;# 
   592   000FEA                     FSR0H           equ	4074	;# 
   593   000FEB                     PLUSW0          equ	4075	;# 
   594   000FEC                     PREINC0         equ	4076	;# 
   595   000FED                     POSTDEC0        equ	4077	;# 
   596   000FEE                     POSTINC0        equ	4078	;# 
   597   000FEF                     INDF0           equ	4079	;# 
   598   000FF0                     INTCON3         equ	4080	;# 
   599   000FF1                     INTCON2         equ	4081	;# 
   600   000FF2                     INTCON          equ	4082	;# 
   601   000FF3                     PROD            equ	4083	;# 
   602   000FF3                     PRODL           equ	4083	;# 
   603   000FF4                     PRODH           equ	4084	;# 
   604   000FF5                     TABLAT          equ	4085	;# 
   605   000FF6                     TBLPTR          equ	4086	;# 
   606   000FF6                     TBLPTRL         equ	4086	;# 
   607   000FF7                     TBLPTRH         equ	4087	;# 
   608   000FF8                     TBLPTRU         equ	4088	;# 
   609   000FF9                     PCLAT           equ	4089	;# 
   610   000FF9                     PC              equ	4089	;# 
   611   000FF9                     PCL             equ	4089	;# 
   612   000FFA                     PCLATH          equ	4090	;# 
   613   000FFB                     PCLATU          equ	4091	;# 
   614   000FFC                     STKPTR          equ	4092	;# 
   615   000FFD                     TOS             equ	4093	;# 
   616   000FFD                     TOSL            equ	4093	;# 
   617   000FFE                     TOSH            equ	4094	;# 
   618   000FFF                     TOSU            equ	4095	;# 
   619                           
   620                           	psect	idataCOMRAM
   621   0071AE                     __pidataCOMRAM:
   622                           	callstack 0
   623                           
   624                           ;initializer for _status
   625   0071AE  2E                 	db	low STR_1
   626   0071AF  7D                 	db	high STR_1
   627                           
   628                           	psect	mediumconst
   629   007C5A                     __pmediumconst:
   630                           	callstack 0
   631   007C5A  00                 	db	0
   632   007C5B                     _keymap:
   633                           	callstack 0
   634   007C5B  31                 	db	49
   635   007C5C  32                 	db	50
   636   007C5D  33                 	db	51
   637   007C5E  41                 	db	65
   638   007C5F  34                 	db	52
   639   007C60  35                 	db	53
   640   007C61  36                 	db	54
   641   007C62  42                 	db	66
   642   007C63  37                 	db	55
   643   007C64  38                 	db	56
   644   007C65  39                 	db	57
   645   007C66  43                 	db	67
   646   007C67  2A                 	db	42
   647   007C68  30                 	db	48
   648   007C69  23                 	db	35
   649   007C6A  44                 	db	68
   650   007C6B                     __end_of_keymap:
   651                           	callstack 0
   652   000F81                     _PORTB          set	3969
   653   000F8A                     _LATB           set	3978
   654   000F93                     _TRISB          set	3987
   655   000F95                     _TRISDbits      set	3989
   656   000F92                     _TRISAbits      set	3986
   657   000F8C                     _LATDbits       set	3980
   658   000F89                     _LATAbits       set	3977
   659   000FD3                     _OSCCONbits     set	4051
   660   000FD3                     _OSCCON         set	4051
   661   007C6B                     STR_27:
   662   007C6B  4F                 	db	79	;'O'
   663   007C6C  62                 	db	98	;'b'
   664   007C6D  6A                 	db	106	;'j'
   665   007C6E  65                 	db	101	;'e'
   666   007C6F  74                 	db	116	;'t'
   667   007C70  69                 	db	105	;'i'
   668   007C71  76                 	db	118	;'v'
   669   007C72  6F                 	db	111	;'o'
   670   007C73  20                 	db	32
   671   007C74  63                 	db	99	;'c'
   672   007C75  75                 	db	117	;'u'
   673   007C76  6D                 	db	109	;'m'
   674   007C77  70                 	db	112	;'p'
   675   007C78  6C                 	db	108	;'l'
   676   007C79  69                 	db	105	;'i'
   677   007C7A  64                 	db	100	;'d'
   678   007C7B  6F                 	db	111	;'o'
   679   007C7C  00                 	db	0
   680   007C7D                     STR_8:
   681   007C7D  20                 	db	32
   682   007C7E  20                 	db	32
   683   007C7F  21                 	db	33
   684   007C80  21                 	db	33
   685   007C81  21                 	db	33
   686   007C82  50                 	db	80	;'P'
   687   007C83  41                 	db	65	;'A'
   688   007C84  52                 	db	82	;'R'
   689   007C85  41                 	db	65	;'A'
   690   007C86  44                 	db	68	;'D'
   691   007C87  41                 	db	65	;'A'
   692   007C88  21                 	db	33
   693   007C89  21                 	db	33
   694   007C8A  21                 	db	33
   695   007C8B  20                 	db	32
   696   007C8C  20                 	db	32
   697   007C8D  00                 	db	0
   698   007C8E                     STR_9:
   699   007C8E  21                 	db	33
   700   007C8F  21                 	db	33
   701   007C90  21                 	db	33
   702   007C91  45                 	db	69	;'E'
   703   007C92  4D                 	db	77	;'M'
   704   007C93  45                 	db	69	;'E'
   705   007C94  52                 	db	82	;'R'
   706   007C95  47                 	db	71	;'G'
   707   007C96  45                 	db	69	;'E'
   708   007C97  4E                 	db	78	;'N'
   709   007C98  43                 	db	67	;'C'
   710   007C99  49                 	db	73	;'I'
   711   007C9A  41                 	db	65	;'A'
   712   007C9B  21                 	db	33
   713   007C9C  21                 	db	33
   714   007C9D  21                 	db	33
   715   007C9E  00                 	db	0
   716   007C9F                     STR_30:
   717   007C9F  63                 	db	99	;'c'
   718   007CA0  6F                 	db	111	;'o'
   719   007CA1  6E                 	db	110	;'n'
   720   007CA2  74                 	db	116	;'t'
   721   007CA3  61                 	db	97	;'a'
   722   007CA4  64                 	db	100	;'d'
   723   007CA5  6F                 	db	111	;'o'
   724   007CA6  72                 	db	114	;'r'
   725   007CA7  20                 	db	32
   726   007CA8  70                 	db	112	;'p'
   727   007CA9  6C                 	db	108	;'l'
   728   007CAA  61                 	db	97	;'a'
   729   007CAB  79                 	db	121	;'y'
   730   007CAC  2E                 	db	46
   731   007CAD  2E                 	db	46
   732   007CAE  2E                 	db	46
   733   007CAF  00                 	db	0
   734   007CB0                     STR_10:
   735   007CB0  50                 	db	80	;'P'
   736   007CB1  69                 	db	105	;'i'
   737   007CB2  65                 	db	101	;'e'
   738   007CB3  7A                 	db	122	;'z'
   739   007CB4  61                 	db	97	;'a'
   740   007CB5  73                 	db	115	;'s'
   741   007CB6  20                 	db	32
   742   007CB7  61                 	db	97	;'a'
   743   007CB8  20                 	db	32
   744   007CB9  63                 	db	99	;'c'
   745   007CBA  6F                 	db	111	;'o'
   746   007CBB  6E                 	db	110	;'n'
   747   007CBC  74                 	db	116	;'t'
   748   007CBD  61                 	db	97	;'a'
   749   007CBE  72                 	db	114	;'r'
   750   007CBF  3A                 	db	58	;':'
   751   007CC0  00                 	db	0
   752   007CC1                     STR_28:
   753   007CC1  50                 	db	80	;'P'
   754   007CC2  72                 	db	114	;'r'
   755   007CC3  65                 	db	101	;'e'
   756   007CC4  73                 	db	115	;'s'
   757   007CC5  69                 	db	105	;'i'
   758   007CC6  6F                 	db	111	;'o'
   759   007CC7  6E                 	db	110	;'n'
   760   007CC8  65                 	db	101	;'e'
   761   007CC9  20                 	db	32
   762   007CCA  4F                 	db	79	;'O'
   763   007CCB  4B                 	db	75	;'K'
   764   007CCC  2E                 	db	46
   765   007CCD  2E                 	db	46
   766   007CCE  2E                 	db	46
   767   007CCF  00                 	db	0
   768   007CD0                     STR_13:
   769   007CD0  56                 	db	86	;'V'
   770   007CD1  61                 	db	97	;'a'
   771   007CD2  6C                 	db	108	;'l'
   772   007CD3  6F                 	db	111	;'o'
   773   007CD4  72                 	db	114	;'r'
   774   007CD5  20                 	db	32
   775   007CD6  49                 	db	73	;'I'
   776   007CD7  6E                 	db	110	;'n'
   777   007CD8  76                 	db	118	;'v'
   778   007CD9  61                 	db	97	;'a'
   779   007CDA  6C                 	db	108	;'l'
   780   007CDB  69                 	db	105	;'i'
   781   007CDC  64                 	db	100	;'d'
   782   007CDD  6F                 	db	111	;'o'
   783   007CDE  00                 	db	0
   784   007CDF                     STR_7:
   785   007CDF  73                 	db	115	;'s'
   786   007CE0  74                 	db	116	;'t'
   787   007CE1  6F                 	db	111	;'o'
   788   007CE2  70                 	db	112	;'p'
   789   007CE3  5F                 	db	95	;'_'
   790   007CE4  65                 	db	101	;'e'
   791   007CE5  6D                 	db	109	;'m'
   792   007CE6  65                 	db	101	;'e'
   793   007CE7  72                 	db	114	;'r'
   794   007CE8  67                 	db	103	;'g'
   795   007CE9  65                 	db	101	;'e'
   796   007CEA  6E                 	db	110	;'n'
   797   007CEB  63                 	db	99	;'c'
   798   007CEC  79                 	db	121	;'y'
   799   007CED  00                 	db	0
   800   007CEE                     STR_29:
   801   007CEE  42                 	db	66	;'B'
   802   007CEF  69                 	db	105	;'i'
   803   007CF0  65                 	db	101	;'e'
   804   007CF1  6E                 	db	110	;'n'
   805   007CF2  76                 	db	118	;'v'
   806   007CF3  65                 	db	101	;'e'
   807   007CF4  6E                 	db	110	;'n'
   808   007CF5  69                 	db	105	;'i'
   809   007CF6  64                 	db	100	;'d'
   810   007CF7  6F                 	db	111	;'o'
   811   007CF8  20                 	db	32
   812   007CF9  61                 	db	97	;'a'
   813   007CFA  00                 	db	0
   814   007CFB                     STR_14:
   815   007CFB  53                 	db	83	;'S'
   816   007CFC  6F                 	db	111	;'o'
   817   007CFD  6C                 	db	108	;'l'
   818   007CFE  6F                 	db	111	;'o'
   819   007CFF  20                 	db	32
   820   007D00  31                 	db	49	;'1'
   821   007D01  20                 	db	32
   822   007D02  61                 	db	97	;'a'
   823   007D03  20                 	db	32
   824   007D04  35                 	db	53	;'5'
   825   007D05  39                 	db	57	;'9'
   826   007D06  00                 	db	0
   827   007D07                     STR_4:
   828   007D07  66                 	db	102	;'f'
   829   007D08  61                 	db	97	;'a'
   830   007D09  69                 	db	105	;'i'
   831   007D0A  6C                 	db	108	;'l'
   832   007D0B  5F                 	db	95	;'_'
   833   007D0C  69                 	db	105	;'i'
   834   007D0D  6E                 	db	110	;'n'
   835   007D0E  70                 	db	112	;'p'
   836   007D0F  75                 	db	117	;'u'
   837   007D10  74                 	db	116	;'t'
   838   007D11  00                 	db	0
   839   007D12                     STR_17:
   840   007D12  4F                 	db	79	;'O'
   841   007D13  62                 	db	98	;'b'
   842   007D14  6A                 	db	106	;'j'
   843   007D15  65                 	db	101	;'e'
   844   007D16  74                 	db	116	;'t'
   845   007D17  69                 	db	105	;'i'
   846   007D18  76                 	db	118	;'v'
   847   007D19  6F                 	db	111	;'o'
   848   007D1A  3A                 	db	58	;':'
   849   007D1B  00                 	db	0
   850   007D1C                     STR_6:
   851   007D1C  65                 	db	101	;'e'
   852   007D1D  6E                 	db	110	;'n'
   853   007D1E  64                 	db	100	;'d'
   854   007D1F  5F                 	db	95	;'_'
   855   007D20  63                 	db	99	;'c'
   856   007D21  6F                 	db	111	;'o'
   857   007D22  75                 	db	117	;'u'
   858   007D23  6E                 	db	110	;'n'
   859   007D24  74                 	db	116	;'t'
   860   007D25  00                 	db	0
   861   007D26                     STR_18:
   862   007D26  46                 	db	70	;'F'
   863   007D27  61                 	db	97	;'a'
   864   007D28  6C                 	db	108	;'l'
   865   007D29  74                 	db	116	;'t'
   866   007D2A  61                 	db	97	;'a'
   867   007D2B  6E                 	db	110	;'n'
   868   007D2C  3A                 	db	58	;':'
   869   007D2D  00                 	db	0
   870   007D2E                     STR_1:
   871   007D2E  77                 	db	119	;'w'
   872   007D2F  65                 	db	101	;'e'
   873   007D30  6C                 	db	108	;'l'
   874   007D31  63                 	db	99	;'c'
   875   007D32  6F                 	db	111	;'o'
   876   007D33  6D                 	db	109	;'m'
   877   007D34  65                 	db	101	;'e'
   878   007D35  00                 	db	0
   879   007D36                     STR_3:
   880   007D36  61                 	db	97	;'a'
   881   007D37  73                 	db	115	;'s'
   882   007D38  6B                 	db	107	;'k'
   883   007D39  00                 	db	0
   884   007CDF                     STR_16          equ	STR_7
   885   007CDF                     STR_24          equ	STR_7
   886   007D07                     STR_12          equ	STR_4
   887   007D1C                     STR_22          equ	STR_6
   888   007D1C                     STR_26          equ	STR_6
   889   007D20                     STR_5           equ	STR_6+4
   890   007D20                     STR_11          equ	STR_6+4
   891   007D20                     STR_20          equ	STR_6+4
   892   007D20                     STR_25          equ	STR_6+4
   893   007D36                     STR_15          equ	STR_3
   894   007D36                     STR_19          equ	STR_3
   895   007D36                     STR_21          equ	STR_3
   896   007D36                     STR_23          equ	STR_3
   897   007D2E                     STR_2           equ	STR_1
   898   007D3A  00                 	db	0	; dummy byte at the end
   899   007C5A                     __smallconst    set	__pmediumconst
   900   007C5A                     __mediumconst   set	__pmediumconst
   901   000002                     __activetblptr  equ	2
   902                           
   903                           ; #config settings
   904                           
   905                           	psect	cinit
   906   007226                     __pcinit:
   907                           	callstack 0
   908   007226                     start_initialization:
   909                           	callstack 0
   910   007226                     __initialization:
   911                           	callstack 0
   912                           
   913                           ; Initialize objects allocated to COMRAM (2 bytes)
   914                           ; load TBLPTR registers with __pidataCOMRAM
   915   007226  0EAE               	movlw	low __pidataCOMRAM
   916   007228  6EF6               	movwf	tblptrl,c
   917   00722A  0E71               	movlw	high __pidataCOMRAM
   918   00722C  6EF7               	movwf	tblptrh,c
   919   00722E  0E00               	movlw	low (__pidataCOMRAM shr (0+16))
   920   007230  6EF8               	movwf	tblptru,c
   921   007232  0009               	tblrd		*+	;fetch initializer
   922   007234  CFF5 F021          	movff	tablat,__pdataCOMRAM
   923   007238  0009               	tblrd		*+	;fetch initializer
   924   00723A  CFF5 F022          	movff	tablat,__pdataCOMRAM+1
   925                           
   926                           ; Clear objects allocated to COMRAM (8 bytes)
   927   00723E  EE00  F019         	lfsr	0,__pbssCOMRAM
   928   007242  0E08               	movlw	8
   929   007244                     clear_0:
   930   007244  6AEE               	clrf	postinc0,c
   931   007246  06E8               	decf	wreg,f,c
   932   007248  E1FD               	bnz	clear_0
   933   00724A                     end_of_initialization:
   934                           	callstack 0
   935   00724A                     __end_of__initialization:
   936                           	callstack 0
   937   00724A  0E00               	movlw	low (__Lmediumconst shr (0+16))
   938   00724C  6EF8               	movwf	tblptru,c
   939   00724E  0100               	movlb	0
   940   007250  EF9B  F039         	goto	_main	;jump to C main() function
   941                           
   942                           	psect	bssCOMRAM
   943   000019                     __pbssCOMRAM:
   944                           	callstack 0
   945   000019                     	ds	3
   946   00001C                     _led_estado:
   947                           	callstack 0
   948   00001C                     	ds	2
   949   00001E                     _int0_triggered:
   950                           	callstack 0
   951   00001E                     	ds	1
   952   00001F                     _piezas_objetivo:
   953                           	callstack 0
   954   00001F                     	ds	1
   955   000020                     _piezas_contadas:
   956                           	callstack 0
   957   000020                     	ds	1
   958                           
   959                           	psect	dataCOMRAM
   960   000021                     __pdataCOMRAM:
   961                           	callstack 0
   962   000021                     _status:
   963                           	callstack 0
   964   000021                     	ds	2
   965                           
   966                           	psect	cstackCOMRAM
   967   000001                     __pcstackCOMRAM:
   968                           	callstack 0
   969   000001                     ?_atoi:
   970                           	callstack 0
   971   000001                     ?___awdiv:
   972                           	callstack 0
   973   000001                     ?___awmod:
   974                           	callstack 0
   975   000001                     atoi@s:
   976                           	callstack 0
   977   000001                     ___awdiv@dividend:
   978                           	callstack 0
   979   000001                     ___awmod@dividend:
   980                           	callstack 0
   981   000001                     ??_keypad_get_key:
   982   000001                     ??_lcd_send_nibble:
   983                           
   984                           ; 1 bytes @ 0x0
   985   000001                     	ds	1
   986   000002                     lcd_send_nibble@nibble:
   987                           	callstack 0
   988                           
   989                           ; 1 bytes @ 0x1
   990   000002                     	ds	1
   991   000003                     lcd_data@data:
   992                           	callstack 0
   993   000003                     keypad_get_key@row:
   994                           	callstack 0
   995   000003                     ___awdiv@divisor:
   996                           	callstack 0
   997   000003                     ___awmod@divisor:
   998                           	callstack 0
   999   000003                     ??_lcd_cmd:
  1000   000003                     ??_atoi:
  1001                           
  1002                           ; 1 bytes @ 0x2
  1003   000003                     	ds	1
  1004   000004                     lcd_cmd@cmd:
  1005                           	callstack 0
  1006   000004                     keypad_get_key@col:
  1007                           	callstack 0
  1008   000004                     lcd_write@str:
  1009                           	callstack 0
  1010                           
  1011                           ; 2 bytes @ 0x3
  1012   000004                     	ds	1
  1013   000005                     lcd_set_cursor@col:
  1014                           	callstack 0
  1015   000005                     ___awdiv@counter:
  1016                           	callstack 0
  1017   000005                     ___awmod@counter:
  1018                           	callstack 0
  1019   000005                     ??_lcd_clear:
  1020   000005                     
  1021                           ; 1 bytes @ 0x4
  1022   000005                     	ds	1
  1023   000006                     lcd_set_cursor@row:
  1024                           	callstack 0
  1025   000006                     ___awdiv@sign:
  1026                           	callstack 0
  1027   000006                     ___awmod@sign:
  1028                           	callstack 0
  1029   000006                     atoi@neg:
  1030                           	callstack 0
  1031   000006                     ??_lcd_init:
  1032                           
  1033                           ; 1 bytes @ 0x5
  1034   000006                     	ds	1
  1035   000007                     _lcd_set_cursor$348:
  1036                           	callstack 0
  1037   000007                     ___awdiv@quotient:
  1038                           	callstack 0
  1039   000007                     atoi@n:
  1040                           	callstack 0
  1041                           
  1042                           ; 2 bytes @ 0x6
  1043   000007                     	ds	2
  1044   000009                     lcd_set_cursor@addr:
  1045                           	callstack 0
  1046                           
  1047                           ; 1 bytes @ 0x8
  1048   000009                     	ds	1
  1049   00000A                     set_status@new_status:
  1050                           	callstack 0
  1051   00000A                     
  1052                           ; 1 bytes @ 0x9
  1053   00000A                     	ds	2
  1054   00000C                     ??_get_valid_input:
  1055                           
  1056                           ; 1 bytes @ 0xB
  1057   00000C                     	ds	2
  1058   00000E                     get_valid_input@buffer:
  1059                           	callstack 0
  1060                           
  1061                           ; 3 bytes @ 0xD
  1062   00000E                     	ds	3
  1063   000011                     get_valid_input@value:
  1064                           	callstack 0
  1065                           
  1066                           ; 2 bytes @ 0x10
  1067   000011                     	ds	2
  1068   000013                     get_valid_input@index:
  1069                           	callstack 0
  1070                           
  1071                           ; 2 bytes @ 0x12
  1072   000013                     	ds	2
  1073   000015                     get_valid_input@key:
  1074                           	callstack 0
  1075                           
  1076                           ; 1 bytes @ 0x14
  1077   000015                     	ds	1
  1078   000016                     loop@key:
  1079                           	callstack 0
  1080   000016                     
  1081                           ; 1 bytes @ 0x15
  1082   000016                     	ds	1
  1083   000017                     ??_main:
  1084                           
  1085                           ; 1 bytes @ 0x16
  1086   000017                     	ds	2
  1087                           
  1088 ;;
  1089 ;;Main: autosize = 0, tempsize = 2, incstack = 0, save=0
  1090 ;;
  1091 ;; *************** function _main *****************
  1092 ;; Defined at:
  1093 ;;		line 157 in file "main.c"
  1094 ;; Parameters:    Size  Location     Type
  1095 ;;		None
  1096 ;; Auto vars:     Size  Location     Type
  1097 ;;		None
  1098 ;; Return value:  Size  Location     Type
  1099 ;;                  1    wreg      void 
  1100 ;; Registers used:
  1101 ;;		wreg, fsr2l, fsr2h, status,2, status,0, tblptrl, tblptrh, tblptru, prodl, prodh, cstack
  1102 ;; Tracked objects:
  1103 ;;		On entry : 0/0
  1104 ;;		On exit  : 0/0
  1105 ;;		Unchanged: 0/0
  1106 ;; Data sizes:     COMRAM   BANK0   BANK1   BANK2   BANK3   BANK4   BANK5   BANK6   BANK7
  1107 ;;      Params:         0       0       0       0       0       0       0       0       0
  1108 ;;      Locals:         0       0       0       0       0       0       0       0       0
  1109 ;;      Temps:          2       0       0       0       0       0       0       0       0
  1110 ;;      Totals:         2       0       0       0       0       0       0       0       0
  1111 ;;Total ram usage:        2 bytes
  1112 ;; Hardware stack levels required when called: 7
  1113 ;; This function calls:
  1114 ;;		_keypad_init
  1115 ;;		_lcd_init
  1116 ;;		_lcd_set_cursor
  1117 ;;		_lcd_write
  1118 ;;		_loop
  1119 ;; This function is called by:
  1120 ;;		Startup code after reset
  1121 ;; This function uses a non-reentrant model
  1122 ;;
  1123                           
  1124                           	psect	text0
  1125   007336                     __ptext0:
  1126                           	callstack 0
  1127   007336                     _main:
  1128                           	callstack 24
  1129   007336  0E72               	movlw	114
  1130   007338  6ED3               	movwf	211,c	;volatile
  1131   00733A                     l95:
  1132   00733A  A4D3               	btfss	211,2,c	;volatile
  1133   00733C  EFA2  F039         	goto	u971
  1134   007340  EFA4  F039         	goto	u970
  1135   007344                     u971:
  1136   007344  EF9D  F039         	goto	l95
  1137   007348                     u970:
  1138   007348  0E82               	movlw	130
  1139   00734A  6E17               	movwf	??_main^0,c
  1140   00734C  0EDE               	movlw	222
  1141   00734E                     u987:
  1142   00734E  2EE8               	decfsz	wreg,f,c
  1143   007350  D7FE               	bra	u987
  1144   007352  2E17               	decfsz	??_main^0,f,c
  1145   007354  D7FC               	bra	u987
  1146   007356  EC62  F039         	call	_lcd_init	;wreg free
  1147   00735A  ECD8  F038         	call	_keypad_init	;wreg free
  1148   00735E  0E01               	movlw	1
  1149   007360  6E05               	movwf	lcd_set_cursor@col^0,c
  1150   007362  0E01               	movlw	1
  1151   007364  EC45  F039         	call	_lcd_set_cursor
  1152   007368  0EEE               	movlw	low STR_29
  1153   00736A  6E04               	movwf	lcd_write@str^0,c
  1154   00736C  0E7C               	movlw	high STR_29
  1155   00736E  6E05               	movwf	(lcd_write@str+1)^0,c
  1156   007370  EC2A  F039         	call	_lcd_write	;wreg free
  1157   007374  0E01               	movlw	1
  1158   007376  6E05               	movwf	lcd_set_cursor@col^0,c
  1159   007378  0E02               	movlw	2
  1160   00737A  EC45  F039         	call	_lcd_set_cursor
  1161   00737E  0E9F               	movlw	low STR_30
  1162   007380  6E04               	movwf	lcd_write@str^0,c
  1163   007382  0E7C               	movlw	high STR_30
  1164   007384  6E05               	movwf	(lcd_write@str+1)^0,c
  1165   007386  EC2A  F039         	call	_lcd_write	;wreg free
  1166   00738A  0E33               	movlw	51
  1167   00738C  6E18               	movwf	(??_main+1)^0,c
  1168   00738E  0EBB               	movlw	187
  1169   007390  6E17               	movwf	??_main^0,c
  1170   007392  0EE0               	movlw	224
  1171   007394                     u997:
  1172   007394  2EE8               	decfsz	wreg,f,c
  1173   007396  D7FE               	bra	u997
  1174   007398  2E17               	decfsz	??_main^0,f,c
  1175   00739A  D7FC               	bra	u997
  1176   00739C  2E18               	decfsz	(??_main+1)^0,f,c
  1177   00739E  D7FA               	bra	u997
  1178   0073A0  EC94  F03C         	call	_loop	;wreg free
  1179   0073A4  EF9E  F03E         	goto	start
  1180   0073A8                     __end_of_main:
  1181                           	callstack 0
  1182                           
  1183 ;; *************** function _loop *****************
  1184 ;; Defined at:
  1185 ;;		line 111 in file "main.c"
  1186 ;; Parameters:    Size  Location     Type
  1187 ;;		None
  1188 ;; Auto vars:     Size  Location     Type
  1189 ;;  key             1   21[COMRAM] unsigned char 
  1190 ;; Return value:  Size  Location     Type
  1191 ;;                  1    wreg      void 
  1192 ;; Registers used:
  1193 ;;		wreg, fsr2l, fsr2h, status,2, status,0, tblptrl, tblptrh, tblptru, prodl, prodh, cstack
  1194 ;; Tracked objects:
  1195 ;;		On entry : 0/0
  1196 ;;		On exit  : 0/0
  1197 ;;		Unchanged: 0/0
  1198 ;; Data sizes:     COMRAM   BANK0   BANK1   BANK2   BANK3   BANK4   BANK5   BANK6   BANK7
  1199 ;;      Params:         0       0       0       0       0       0       0       0       0
  1200 ;;      Locals:         1       0       0       0       0       0       0       0       0
  1201 ;;      Temps:          0       0       0       0       0       0       0       0       0
  1202 ;;      Totals:         1       0       0       0       0       0       0       0       0
  1203 ;;Total ram usage:        1 bytes
  1204 ;; Hardware stack levels used: 1
  1205 ;; Hardware stack levels required when called: 6
  1206 ;; This function calls:
  1207 ;;		_count_update_screen
  1208 ;;		_get_valid_input
  1209 ;;		_keypad_get_key
  1210 ;;		_lcd_clear
  1211 ;;		_lcd_set_cursor
  1212 ;;		_lcd_write
  1213 ;;		_set_status
  1214 ;; This function is called by:
  1215 ;;		_main
  1216 ;; This function uses a non-reentrant model
  1217 ;;
  1218                           
  1219                           	psect	text1
  1220   007928                     __ptext1:
  1221                           	callstack 0
  1222   007928                     _loop:
  1223                           	callstack 24
  1224   007928                     l74:
  1225   007928                     
  1226                           ;main.c: 113:             else if (key == 'B') {
  1227   007928  0E36               	movlw	low STR_3
  1228   00792A  6E0A               	movwf	set_status@new_status^0,c
  1229   00792C  0E7D               	movlw	high STR_3
  1230   00792E  6E0B               	movwf	(set_status@new_status+1)^0,c
  1231   007930  EC25  F03B         	call	_set_status	;wreg free
  1232   007934                     
  1233                           ;main.c: 114:                 set_status("stop_emergency");
  1234   007934  EC40  F03D         	call	_get_valid_input	;wreg free
  1235   007938  6E1F               	movwf	_piezas_objetivo^0,c
  1236   00793A                     l1523:
  1237                           
  1238                           ;main.c: 115:             }
  1239   00793A  EC67  F03A         	call	_count_update_screen	;wreg free
  1240   00793E                     l1525:
  1241                           
  1242                           ;main.c: 117:                 set_status("end_count");
  1243   00793E  EC95  F03B         	call	_keypad_get_key	;wreg free
  1244   007942  6E16               	movwf	loop@key^0,c
  1245   007944                     
  1246                           ;main.c: 118:                 lcd_clear();
  1247   007944  0E2A               	movlw	42
  1248   007946  1816               	xorwf	loop@key^0,w,c
  1249   007948  A4D8               	btfss	status,2,c
  1250   00794A  EFA9  F03C         	goto	u881
  1251   00794E  EFAB  F03C         	goto	u880
  1252   007952                     u881:
  1253   007952  EFB6  F03C         	goto	l1533
  1254   007956                     u880:
  1255   007956                     
  1256                           ;main.c: 119:                 lcd_set_cursor(1, 1);
  1257   007956  6A20               	clrf	_piezas_contadas^0,c	;volatile
  1258   007958                     
  1259                           ;main.c: 120:                 lcd_write("Objetivo cumplido");
  1260   007958  0E20               	movlw	low (STR_6+4)
  1261   00795A  6E0A               	movwf	set_status@new_status^0,c
  1262   00795C  0E7D               	movlw	high (STR_6+4)
  1263   00795E  6E0B               	movwf	(set_status@new_status+1)^0,c
  1264   007960  EC25  F03B         	call	_set_status	;wreg free
  1265                           
  1266                           ;main.c: 121:                 lcd_set_cursor(2, 1);
  1267   007964  EC67  F03A         	call	_count_update_screen	;wreg free
  1268                           
  1269                           ;main.c: 122:                 lcd_write("Presione OK...");
  1270   007968  EFF7  F03C         	goto	l1555
  1271   00796C                     l1533:
  1272   00796C  0E23               	movlw	35
  1273   00796E  1816               	xorwf	loop@key^0,w,c
  1274   007970  A4D8               	btfss	status,2,c
  1275   007972  EFBD  F03C         	goto	u891
  1276   007976  EFBF  F03C         	goto	u890
  1277   00797A                     u891:
  1278   00797A  EFC8  F03C         	goto	l1541
  1279   00797E                     u890:
  1280   00797E                     
  1281                           ;main.c: 124: 
  1282   00797E  6A20               	clrf	_piezas_contadas^0,c	;volatile
  1283   007980                     
  1284                           ;main.c: 125:             if (int0_triggered) {
  1285   007980  0E36               	movlw	low STR_3
  1286   007982  6E0A               	movwf	set_status@new_status^0,c
  1287   007984  0E7D               	movlw	high STR_3
  1288   007986  6E0B               	movwf	(set_status@new_status+1)^0,c
  1289   007988  EC25  F03B         	call	_set_status	;wreg free
  1290                           
  1291                           ;main.c: 126:                 int0_triggered = 0;
  1292   00798C  EF94  F03C         	goto	l74
  1293   007990                     l1541:
  1294   007990  0E41               	movlw	65
  1295   007992  1816               	xorwf	loop@key^0,w,c
  1296   007994  A4D8               	btfss	status,2,c
  1297   007996  EFCF  F03C         	goto	u901
  1298   00799A  EFD1  F03C         	goto	u900
  1299   00799E                     u901:
  1300   00799E  EFE6  F03C         	goto	l1551
  1301   0079A2                     u900:
  1302   0079A2  0E1C               	movlw	low STR_6
  1303   0079A4  1821               	xorwf	_status^0,w,c
  1304   0079A6  E107               	bnz	u911
  1305   0079A8  0E7D               	movlw	high STR_6
  1306   0079AA  1822               	xorwf	(_status+1)^0,w,c
  1307   0079AC  A4D8               	btfss	status,2,c
  1308   0079AE  EFDB  F03C         	goto	u911
  1309   0079B2  EFDD  F03C         	goto	u910
  1310   0079B6                     u911:
  1311   0079B6  EFE6  F03C         	goto	l1551
  1312   0079BA                     u910:
  1313   0079BA                     
  1314                           ;main.c: 129:                     count_update_screen();
  1315   0079BA  6A20               	clrf	_piezas_contadas^0,c	;volatile
  1316   0079BC                     
  1317                           ;main.c: 130:                 }
  1318   0079BC  0E36               	movlw	low STR_3
  1319   0079BE  6E0A               	movwf	set_status@new_status^0,c
  1320   0079C0  0E7D               	movlw	high STR_3
  1321   0079C2  6E0B               	movwf	(set_status@new_status+1)^0,c
  1322   0079C4  EC25  F03B         	call	_set_status	;wreg free
  1323                           
  1324                           ;main.c: 131:             }
  1325   0079C8  EF94  F03C         	goto	l74
  1326   0079CC                     l1551:
  1327   0079CC  0E42               	movlw	66
  1328   0079CE  1816               	xorwf	loop@key^0,w,c
  1329   0079D0  A4D8               	btfss	status,2,c
  1330   0079D2  EFED  F03C         	goto	u921
  1331   0079D6  EFEF  F03C         	goto	u920
  1332   0079DA                     u921:
  1333   0079DA  EFF7  F03C         	goto	l80
  1334   0079DE                     u920:
  1335   0079DE                     
  1336                           ;main.c: 134: }
  1337   0079DE  0EDF               	movlw	low STR_7
  1338   0079E0  6E0A               	movwf	set_status@new_status^0,c
  1339   0079E2  0E7C               	movlw	high STR_7
  1340   0079E4  6E0B               	movwf	(set_status@new_status+1)^0,c
  1341   0079E6  EC25  F03B         	call	_set_status	;wreg free
  1342   0079EA  EFF7  F03C         	goto	l1555
  1343   0079EE                     l80:
  1344   0079EE                     l1555:
  1345                           
  1346                           ;main.c: 136: 
  1347   0079EE  501F               	movf	_piezas_objetivo^0,w,c
  1348   0079F0  5C20               	subwf	_piezas_contadas^0,w,c	;volatile
  1349   0079F2  A0D8               	btfss	status,0,c
  1350   0079F4  EFFE  F03C         	goto	u931
  1351   0079F8  EF00  F03D         	goto	u930
  1352   0079FC                     u931:
  1353   0079FC  EF2A  F03D         	goto	l1569
  1354   007A00                     u930:
  1355   007A00  0E20               	movlw	low (STR_6+4)
  1356   007A02  1821               	xorwf	_status^0,w,c
  1357   007A04  E107               	bnz	u941
  1358   007A06  0E7D               	movlw	high (STR_6+4)
  1359   007A08  1822               	xorwf	(_status+1)^0,w,c
  1360   007A0A  A4D8               	btfss	status,2,c
  1361   007A0C  EF0A  F03D         	goto	u941
  1362   007A10  EF0C  F03D         	goto	u940
  1363   007A14                     u941:
  1364   007A14  EF2A  F03D         	goto	l1569
  1365   007A18                     u940:
  1366   007A18                     
  1367                           ;main.c: 137: void main(void) {
  1368   007A18  0E1C               	movlw	low STR_6
  1369   007A1A  6E0A               	movwf	set_status@new_status^0,c
  1370   007A1C  0E7D               	movlw	high STR_6
  1371   007A1E  6E0B               	movwf	(set_status@new_status+1)^0,c
  1372   007A20  EC25  F03B         	call	_set_status	;wreg free
  1373   007A24                     
  1374                           ;main.c: 138: 
  1375   007A24  ECE5  F038         	call	_lcd_clear	;wreg free
  1376   007A28                     
  1377                           ;main.c: 139:     OSCCON = 0b01110010;
  1378   007A28  0E01               	movlw	1
  1379   007A2A  6E05               	movwf	lcd_set_cursor@col^0,c
  1380   007A2C  0E01               	movlw	1
  1381   007A2E  EC45  F039         	call	_lcd_set_cursor
  1382                           
  1383                           ;main.c: 140:     while (!OSCCONbits.IOFS);
  1384   007A32  0E6B               	movlw	low STR_27
  1385   007A34  6E04               	movwf	lcd_write@str^0,c
  1386   007A36  0E7C               	movlw	high STR_27
  1387   007A38  6E05               	movwf	(lcd_write@str+1)^0,c
  1388   007A3A  EC2A  F039         	call	_lcd_write	;wreg free
  1389   007A3E                     
  1390                           ;main.c: 141:     _delay((unsigned long)((50)*(8000000/4000.0)));
  1391   007A3E  0E01               	movlw	1
  1392   007A40  6E05               	movwf	lcd_set_cursor@col^0,c
  1393   007A42  0E02               	movlw	2
  1394   007A44  EC45  F039         	call	_lcd_set_cursor
  1395   007A48                     
  1396                           ;main.c: 142: 
  1397   007A48  0EC1               	movlw	low STR_28
  1398   007A4A  6E04               	movwf	lcd_write@str^0,c
  1399   007A4C  0E7C               	movlw	high STR_28
  1400   007A4E  6E05               	movwf	(lcd_write@str+1)^0,c
  1401   007A50  EC2A  F039         	call	_lcd_write	;wreg free
  1402   007A54                     l1569:
  1403                           
  1404                           ;main.c: 145: 
  1405   007A54  501E               	movf	_int0_triggered^0,w,c	;volatile
  1406   007A56  B4D8               	btfsc	status,2,c
  1407   007A58  EF30  F03D         	goto	u951
  1408   007A5C  EF32  F03D         	goto	u950
  1409   007A60                     u951:
  1410   007A60  EF9F  F03C         	goto	l1525
  1411   007A64                     u950:
  1412   007A64                     
  1413                           ;main.c: 146:     lcd_set_cursor(1, 1);
  1414   007A64  6A1E               	clrf	_int0_triggered^0,c	;volatile
  1415   007A66                     
  1416                           ;main.c: 147:     lcd_write("Bienvenido a");
  1417   007A66  501F               	movf	_piezas_objetivo^0,w,c
  1418   007A68  5C20               	subwf	_piezas_contadas^0,w,c	;volatile
  1419   007A6A  B0D8               	btfsc	status,0,c
  1420   007A6C  EF3A  F03D         	goto	u961
  1421   007A70  EF3C  F03D         	goto	u960
  1422   007A74                     u961:
  1423   007A74  EF9F  F03C         	goto	l1525
  1424   007A78                     u960:
  1425   007A78                     
  1426                           ;main.c: 148: 
  1427   007A78  2A20               	incf	_piezas_contadas^0,f,c	;volatile
  1428   007A7A  EF9D  F03C         	goto	l1523
  1429   007A7E  0012               	return		;funcret
  1430   007A80                     __end_of_loop:
  1431                           	callstack 0
  1432                           
  1433 ;; *************** function _get_valid_input *****************
  1434 ;; Defined at:
  1435 ;;		line 48 in file "main.c"
  1436 ;; Parameters:    Size  Location     Type
  1437 ;;		None
  1438 ;; Auto vars:     Size  Location     Type
  1439 ;;  buffer          3   13[COMRAM] unsigned char [3]
  1440 ;;  index           2   18[COMRAM] int 
  1441 ;;  value           2   16[COMRAM] int 
  1442 ;;  key             1   20[COMRAM] unsigned char 
  1443 ;; Return value:  Size  Location     Type
  1444 ;;                  1    wreg      unsigned char 
  1445 ;; Registers used:
  1446 ;;		wreg, fsr2l, fsr2h, status,2, status,0, tblptrl, tblptrh, tblptru, prodl, prodh, cstack
  1447 ;; Tracked objects:
  1448 ;;		On entry : 0/0
  1449 ;;		On exit  : 0/0
  1450 ;;		Unchanged: 0/0
  1451 ;; Data sizes:     COMRAM   BANK0   BANK1   BANK2   BANK3   BANK4   BANK5   BANK6   BANK7
  1452 ;;      Params:         0       0       0       0       0       0       0       0       0
  1453 ;;      Locals:         8       0       0       0       0       0       0       0       0
  1454 ;;      Temps:          2       0       0       0       0       0       0       0       0
  1455 ;;      Totals:        10       0       0       0       0       0       0       0       0
  1456 ;;Total ram usage:       10 bytes
  1457 ;; Hardware stack levels used: 1
  1458 ;; Hardware stack levels required when called: 5
  1459 ;; This function calls:
  1460 ;;		_atoi
  1461 ;;		_keypad_get_key
  1462 ;;		_lcd_clear
  1463 ;;		_lcd_cmd
  1464 ;;		_lcd_data
  1465 ;;		_lcd_set_cursor
  1466 ;;		_lcd_write
  1467 ;;		_set_status
  1468 ;; This function is called by:
  1469 ;;		_loop
  1470 ;; This function uses a non-reentrant model
  1471 ;;
  1472                           
  1473                           	psect	text2
  1474   007A80                     __ptext2:
  1475                           	callstack 0
  1476   007A80                     _get_valid_input:
  1477                           	callstack 24
  1478   007A80                     
  1479                           ;main.c: 49:                 lcd_set_cursor(2, index);
  1480   007A80  0E00               	movlw	0
  1481   007A82  6E0E               	movwf	get_valid_input@buffer^0,c
  1482   007A84  0E00               	movlw	0
  1483   007A86  6E0F               	movwf	(get_valid_input@buffer+1)^0,c
  1484   007A88  0E00               	movlw	0
  1485   007A8A  6E10               	movwf	(get_valid_input@buffer+2)^0,c
  1486   007A8C                     l53:
  1487                           
  1488                           ;main.c: 55:                     lcd_cmd(0x0C);
  1489   007A8C  0E00               	movlw	0
  1490   007A8E  6E14               	movwf	(get_valid_input@index+1)^0,c
  1491   007A90  0E00               	movlw	0
  1492   007A92  6E13               	movwf	get_valid_input@index^0,c
  1493   007A94                     
  1494                           ;main.c: 56:                     set_status("count");
  1495   007A94  ECE5  F038         	call	_lcd_clear	;wreg free
  1496   007A98                     
  1497                           ;main.c: 57:                     return value;
  1498   007A98  0EB0               	movlw	low STR_10
  1499   007A9A  6E04               	movwf	lcd_write@str^0,c
  1500   007A9C  0E7C               	movlw	high STR_10
  1501   007A9E  6E05               	movwf	(lcd_write@str+1)^0,c
  1502   007AA0  EC2A  F039         	call	_lcd_write	;wreg free
  1503   007AA4                     
  1504                           ;main.c: 58:                 } else {
  1505   007AA4  0E01               	movlw	1
  1506   007AA6  6E05               	movwf	lcd_set_cursor@col^0,c
  1507   007AA8  0E02               	movlw	2
  1508   007AAA  EC45  F039         	call	_lcd_set_cursor
  1509   007AAE                     
  1510                           ;main.c: 59:                     set_status("fail_input");
  1511   007AAE  0E0E               	movlw	14
  1512   007AB0  EC00  F039         	call	_lcd_cmd
  1513   007AB4                     l1447:
  1514                           
  1515                           ;main.c: 62:                     lcd_set_cursor(2, 1);
  1516   007AB4  EC95  F03B         	call	_keypad_get_key	;wreg free
  1517   007AB8  6E15               	movwf	get_valid_input@key^0,c
  1518   007ABA                     
  1519                           ;main.c: 63:                     lcd_write("Solo 1 a 59");
  1520   007ABA  0E2F               	movlw	47
  1521   007ABC  6415               	cpfsgt	get_valid_input@key^0,c
  1522   007ABE  EF63  F03D         	goto	u791
  1523   007AC2  EF65  F03D         	goto	u790
  1524   007AC6                     u791:
  1525   007AC6  EF88  F03D         	goto	l1461
  1526   007ACA                     u790:
  1527   007ACA  0E3A               	movlw	58
  1528   007ACC  6015               	cpfslt	get_valid_input@key^0,c
  1529   007ACE  EF6B  F03D         	goto	u801
  1530   007AD2  EF6D  F03D         	goto	u800
  1531   007AD6                     u801:
  1532   007AD6  EF88  F03D         	goto	l1461
  1533   007ADA                     u800:
  1534   007ADA  BE14               	btfsc	(get_valid_input@index+1)^0,7,c
  1535   007ADC  EF7B  F03D         	goto	u810
  1536   007AE0  5014               	movf	(get_valid_input@index+1)^0,w,c
  1537   007AE2  E107               	bnz	u811
  1538   007AE4  0E02               	movlw	2
  1539   007AE6  5C13               	subwf	get_valid_input@index^0,w,c
  1540   007AE8  B0D8               	btfsc	status,0,c
  1541   007AEA  EF79  F03D         	goto	u811
  1542   007AEE  EF7B  F03D         	goto	u810
  1543   007AF2                     u811:
  1544   007AF2  EF88  F03D         	goto	l1461
  1545   007AF6                     u810:
  1546   007AF6                     
  1547                           ;main.c: 64:                     _delay((unsigned long)((5000)*(8000000/4000.0)));
  1548   007AF6  5013               	movf	get_valid_input@index^0,w,c
  1549   007AF8  0F0E               	addlw	low get_valid_input@buffer
  1550   007AFA  6ED9               	movwf	fsr2l,c
  1551   007AFC  6ADA               	clrf	fsr2h,c
  1552   007AFE  C015  FFDF         	movff	get_valid_input@key,indf2
  1553   007B02  4A13               	infsnz	get_valid_input@index^0,f,c
  1554   007B04  2A14               	incf	(get_valid_input@index+1)^0,f,c
  1555   007B06                     
  1556                           ;main.c: 65:                     set_status("ask");
  1557   007B06  5015               	movf	get_valid_input@key^0,w,c
  1558   007B08  ECF1  F038         	call	_lcd_data
  1559                           
  1560                           ;main.c: 66:                     break;
  1561   007B0C  EF5A  F03D         	goto	l1447
  1562   007B10                     l1461:
  1563   007B10  0E43               	movlw	67
  1564   007B12  1815               	xorwf	get_valid_input@key^0,w,c
  1565   007B14  A4D8               	btfss	status,2,c
  1566   007B16  EF8F  F03D         	goto	u821
  1567   007B1A  EF91  F03D         	goto	u820
  1568   007B1E                     u821:
  1569   007B1E  EFB0  F03D         	goto	l1469
  1570   007B22                     u820:
  1571   007B22  BE14               	btfsc	(get_valid_input@index+1)^0,7,c
  1572   007B24  EF9C  F03D         	goto	u831
  1573   007B28  5014               	movf	(get_valid_input@index+1)^0,w,c
  1574   007B2A  E108               	bnz	u830
  1575   007B2C  0413               	decf	get_valid_input@index^0,w,c
  1576   007B2E  A0D8               	btfss	status,0,c
  1577   007B30  EF9C  F03D         	goto	u831
  1578   007B34  EF9E  F03D         	goto	u830
  1579   007B38                     u831:
  1580   007B38  EFB0  F03D         	goto	l1469
  1581   007B3C                     u830:
  1582   007B3C                     
  1583                           ;main.c: 67:                 }
  1584   007B3C  C013  F005         	movff	get_valid_input@index,lcd_set_cursor@col
  1585   007B40  0E02               	movlw	2
  1586   007B42  EC45  F039         	call	_lcd_set_cursor
  1587                           
  1588                           ;main.c: 68:             } else if (key == 'B') {
  1589   007B46  0E20               	movlw	32
  1590   007B48  ECF1  F038         	call	_lcd_data
  1591                           
  1592                           ;main.c: 69:                 set_status("stop_emergency");
  1593   007B4C  C013  F005         	movff	get_valid_input@index,lcd_set_cursor@col
  1594   007B50  0E02               	movlw	2
  1595   007B52  EC45  F039         	call	_lcd_set_cursor
  1596   007B56                     
  1597                           ;main.c: 70:             }
  1598   007B56  0613               	decf	get_valid_input@index^0,f,c
  1599   007B58  A0D8               	btfss	status,0,c
  1600   007B5A  0614               	decf	(get_valid_input@index+1)^0,f,c
  1601                           
  1602                           ;main.c: 71:         }
  1603   007B5C  EF5A  F03D         	goto	l1447
  1604   007B60                     l1469:
  1605   007B60  0E41               	movlw	65
  1606   007B62  1815               	xorwf	get_valid_input@key^0,w,c
  1607   007B64  A4D8               	btfss	status,2,c
  1608   007B66  EFB7  F03D         	goto	u841
  1609   007B6A  EFB9  F03D         	goto	u840
  1610   007B6E                     u841:
  1611   007B6E  EF19  F03E         	goto	l1501
  1612   007B72                     u840:
  1613   007B72                     
  1614                           ;main.c: 72:     }
  1615   007B72  5013               	movf	get_valid_input@index^0,w,c
  1616   007B74  0F0E               	addlw	low get_valid_input@buffer
  1617   007B76  6ED9               	movwf	fsr2l,c
  1618   007B78  6ADA               	clrf	fsr2h,c
  1619   007B7A  6ADF               	clrf	indf2,c
  1620   007B7C                     
  1621                           ;main.c: 73: }
  1622   007B7C  0E0E               	movlw	low get_valid_input@buffer
  1623   007B7E  6E01               	movwf	atoi@s^0,c
  1624   007B80  EC0E  F03C         	call	_atoi	;wreg free
  1625   007B84  C001  F011         	movff	?_atoi,get_valid_input@value
  1626   007B88  C002  F012         	movff	?_atoi+1,get_valid_input@value+1
  1627   007B8C                     
  1628                           ;main.c: 74: 
  1629   007B8C  BE12               	btfsc	(get_valid_input@value+1)^0,7,c
  1630   007B8E  EFD1  F03D         	goto	u851
  1631   007B92  5012               	movf	(get_valid_input@value+1)^0,w,c
  1632   007B94  E108               	bnz	u850
  1633   007B96  0411               	decf	get_valid_input@value^0,w,c
  1634   007B98  A0D8               	btfss	status,0,c
  1635   007B9A  EFD1  F03D         	goto	u851
  1636   007B9E  EFD3  F03D         	goto	u850
  1637   007BA2                     u851:
  1638   007BA2  EFED  F03D         	goto	l1489
  1639   007BA6                     u850:
  1640   007BA6  BE12               	btfsc	(get_valid_input@value+1)^0,7,c
  1641   007BA8  EFE1  F03D         	goto	u860
  1642   007BAC  5012               	movf	(get_valid_input@value+1)^0,w,c
  1643   007BAE  E107               	bnz	u861
  1644   007BB0  0E3C               	movlw	60
  1645   007BB2  5C11               	subwf	get_valid_input@value^0,w,c
  1646   007BB4  B0D8               	btfsc	status,0,c
  1647   007BB6  EFDF  F03D         	goto	u861
  1648   007BBA  EFE1  F03D         	goto	u860
  1649   007BBE                     u861:
  1650   007BBE  EFED  F03D         	goto	l1489
  1651   007BC2                     u860:
  1652   007BC2                     
  1653                           ;main.c: 75: void count_update_screen(void) {
  1654   007BC2  0E0C               	movlw	12
  1655   007BC4  EC00  F039         	call	_lcd_cmd
  1656   007BC8                     
  1657                           ;main.c: 76: 
  1658   007BC8  0E20               	movlw	low (STR_6+4)
  1659   007BCA  6E0A               	movwf	set_status@new_status^0,c
  1660   007BCC  0E7D               	movlw	high (STR_6+4)
  1661   007BCE  6E0B               	movwf	(set_status@new_status+1)^0,c
  1662   007BD0  EC25  F03B         	call	_set_status	;wreg free
  1663   007BD4                     
  1664                           ;main.c: 77:     lcd_clear();
  1665   007BD4  5011               	movf	get_valid_input@value^0,w,c
  1666   007BD6  EF2C  F03E         	goto	l61
  1667   007BDA                     l1489:
  1668                           
  1669                           ;main.c: 79:     lcd_write("Objetivo:");
  1670   007BDA  0E07               	movlw	low STR_4
  1671   007BDC  6E0A               	movwf	set_status@new_status^0,c
  1672   007BDE  0E7D               	movlw	high STR_4
  1673   007BE0  6E0B               	movwf	(set_status@new_status+1)^0,c
  1674   007BE2  EC25  F03B         	call	_set_status	;wreg free
  1675   007BE6                     
  1676                           ;main.c: 80:     lcd_set_cursor(1, 11);
  1677   007BE6  ECE5  F038         	call	_lcd_clear	;wreg free
  1678   007BEA                     
  1679                           ;main.c: 81:     lcd_data((piezas_objetivo / 10) + '0');
  1680   007BEA  0ED0               	movlw	low STR_13
  1681   007BEC  6E04               	movwf	lcd_write@str^0,c
  1682   007BEE  0E7C               	movlw	high STR_13
  1683   007BF0  6E05               	movwf	(lcd_write@str+1)^0,c
  1684   007BF2  EC2A  F039         	call	_lcd_write	;wreg free
  1685                           
  1686                           ;main.c: 82:     lcd_data((piezas_objetivo % 10) + '0');
  1687   007BF6  0E01               	movlw	1
  1688   007BF8  6E05               	movwf	lcd_set_cursor@col^0,c
  1689   007BFA  0E02               	movlw	2
  1690   007BFC  EC45  F039         	call	_lcd_set_cursor
  1691   007C00                     
  1692                           ;main.c: 83: 
  1693   007C00  0EFB               	movlw	low STR_14
  1694   007C02  6E04               	movwf	lcd_write@str^0,c
  1695   007C04  0E7C               	movlw	high STR_14
  1696   007C06  6E05               	movwf	(lcd_write@str+1)^0,c
  1697   007C08  EC2A  F039         	call	_lcd_write	;wreg free
  1698   007C0C                     
  1699                           ;main.c: 84:     lcd_set_cursor(2, 1);
  1700   007C0C  0E33               	movlw	51
  1701   007C0E  6E0D               	movwf	(??_get_valid_input+1)^0,c
  1702   007C10  0EBB               	movlw	187
  1703   007C12  6E0C               	movwf	??_get_valid_input^0,c
  1704   007C14  0EE0               	movlw	224
  1705   007C16                     u1007:
  1706   007C16  2EE8               	decfsz	wreg,f,c
  1707   007C18  D7FE               	bra	u1007
  1708   007C1A  2E0C               	decfsz	??_get_valid_input^0,f,c
  1709   007C1C  D7FC               	bra	u1007
  1710   007C1E  2E0D               	decfsz	(??_get_valid_input+1)^0,f,c
  1711   007C20  D7FA               	bra	u1007
  1712   007C22                     
  1713                           ;main.c: 85:     lcd_write("Faltan:");
  1714   007C22  0E36               	movlw	low STR_3
  1715   007C24  6E0A               	movwf	set_status@new_status^0,c
  1716   007C26  0E7D               	movlw	high STR_3
  1717   007C28  6E0B               	movwf	(set_status@new_status+1)^0,c
  1718   007C2A  EC25  F03B         	call	_set_status	;wreg free
  1719                           
  1720                           ;main.c: 86:     lcd_set_cursor(2, 9);
  1721   007C2E  EF46  F03D         	goto	l53
  1722   007C32                     l1501:
  1723   007C32  0E42               	movlw	66
  1724   007C34  1815               	xorwf	get_valid_input@key^0,w,c
  1725   007C36  A4D8               	btfss	status,2,c
  1726   007C38  EF20  F03E         	goto	u871
  1727   007C3C  EF22  F03E         	goto	u870
  1728   007C40                     u871:
  1729   007C40  EF2A  F03E         	goto	l56
  1730   007C44                     u870:
  1731   007C44                     
  1732                           ;main.c: 89: }
  1733   007C44  0EDF               	movlw	low STR_7
  1734   007C46  6E0A               	movwf	set_status@new_status^0,c
  1735   007C48  0E7C               	movlw	high STR_7
  1736   007C4A  6E0B               	movwf	(set_status@new_status+1)^0,c
  1737   007C4C  EC25  F03B         	call	_set_status	;wreg free
  1738   007C50  EF5A  F03D         	goto	l1447
  1739   007C54                     l56:
  1740   007C54  EF5A  F03D         	goto	l1447
  1741   007C58                     l61:
  1742   007C58  0012               	return		;funcret
  1743   007C5A                     __end_of_get_valid_input:
  1744                           	callstack 0
  1745                           
  1746 ;; *************** function _set_status *****************
  1747 ;; Defined at:
  1748 ;;		line 20 in file "main.c"
  1749 ;; Parameters:    Size  Location     Type
  1750 ;;  new_status      2    9[COMRAM] PTR unsigned char 
  1751 ;;		 -> STR_26(10), STR_24(15), STR_23(4), STR_21(4), 
  1752 ;;		 -> STR_20(6), STR_19(4), STR_16(15), STR_15(4), 
  1753 ;;		 -> STR_12(11), STR_11(6), 
  1754 ;; Auto vars:     Size  Location     Type
  1755 ;;		None
  1756 ;; Return value:  Size  Location     Type
  1757 ;;                  1    wreg      void 
  1758 ;; Registers used:
  1759 ;;		wreg, status,2, status,0, tblptrl, tblptrh, tblptru, cstack
  1760 ;; Tracked objects:
  1761 ;;		On entry : 0/0
  1762 ;;		On exit  : 0/0
  1763 ;;		Unchanged: 0/0
  1764 ;; Data sizes:     COMRAM   BANK0   BANK1   BANK2   BANK3   BANK4   BANK5   BANK6   BANK7
  1765 ;;      Params:         2       0       0       0       0       0       0       0       0
  1766 ;;      Locals:         0       0       0       0       0       0       0       0       0
  1767 ;;      Temps:          0       0       0       0       0       0       0       0       0
  1768 ;;      Totals:         2       0       0       0       0       0       0       0       0
  1769 ;;Total ram usage:        2 bytes
  1770 ;; Hardware stack levels used: 1
  1771 ;; Hardware stack levels required when called: 4
  1772 ;; This function calls:
  1773 ;;		_lcd_clear
  1774 ;;		_lcd_set_cursor
  1775 ;;		_lcd_write
  1776 ;; This function is called by:
  1777 ;;		_get_valid_input
  1778 ;;		_loop
  1779 ;; This function uses a non-reentrant model
  1780 ;;
  1781                           
  1782                           	psect	text3
  1783   00764A                     __ptext3:
  1784                           	callstack 0
  1785   00764A                     _set_status:
  1786                           	callstack 25
  1787   00764A                     
  1788                           ;main.c: 21:         lcd_set_cursor(2, 1);
  1789   00764A  C00A  F021         	movff	set_status@new_status,_status
  1790   00764E  C00B  F022         	movff	set_status@new_status+1,_status+1
  1791                           
  1792                           ;main.c: 22:         lcd_write("!!!EMERGENCIA!!!");
  1793   007652  0E2E               	movlw	low STR_1
  1794   007654  180A               	xorwf	set_status@new_status^0,w,c
  1795   007656  E107               	bnz	u551
  1796   007658  0E7D               	movlw	high STR_1
  1797   00765A  180B               	xorwf	(set_status@new_status+1)^0,w,c
  1798   00765C  A4D8               	btfss	status,2,c
  1799   00765E  EF33  F03B         	goto	u551
  1800   007662  EF35  F03B         	goto	u550
  1801   007666                     u551:
  1802   007666  EF37  F03B         	goto	l1303
  1803   00766A                     u550:
  1804   00766A  EF94  F03B         	goto	l48
  1805   00766E                     l1303:
  1806   00766E  0E36               	movlw	low STR_3
  1807   007670  180A               	xorwf	set_status@new_status^0,w,c
  1808   007672  E107               	bnz	u561
  1809   007674  0E7D               	movlw	high STR_3
  1810   007676  180B               	xorwf	(set_status@new_status+1)^0,w,c
  1811   007678  A4D8               	btfss	status,2,c
  1812   00767A  EF41  F03B         	goto	u561
  1813   00767E  EF43  F03B         	goto	u560
  1814   007682                     u561:
  1815   007682  EF45  F03B         	goto	l1307
  1816   007686                     u560:
  1817   007686  EF94  F03B         	goto	l48
  1818   00768A                     l1307:
  1819   00768A  0E07               	movlw	low STR_4
  1820   00768C  180A               	xorwf	set_status@new_status^0,w,c
  1821   00768E  E107               	bnz	u571
  1822   007690  0E7D               	movlw	high STR_4
  1823   007692  180B               	xorwf	(set_status@new_status+1)^0,w,c
  1824   007694  A4D8               	btfss	status,2,c
  1825   007696  EF4F  F03B         	goto	u571
  1826   00769A  EF51  F03B         	goto	u570
  1827   00769E                     u571:
  1828   00769E  EF53  F03B         	goto	l1311
  1829   0076A2                     u570:
  1830   0076A2  EF94  F03B         	goto	l48
  1831   0076A6                     l1311:
  1832   0076A6  0E20               	movlw	low (STR_6+4)
  1833   0076A8  180A               	xorwf	set_status@new_status^0,w,c
  1834   0076AA  E107               	bnz	u581
  1835   0076AC  0E7D               	movlw	high (STR_6+4)
  1836   0076AE  180B               	xorwf	(set_status@new_status+1)^0,w,c
  1837   0076B0  A4D8               	btfss	status,2,c
  1838   0076B2  EF5D  F03B         	goto	u581
  1839   0076B6  EF5F  F03B         	goto	u580
  1840   0076BA                     u581:
  1841   0076BA  EF61  F03B         	goto	l1315
  1842   0076BE                     u580:
  1843   0076BE  EF94  F03B         	goto	l48
  1844   0076C2                     l1315:
  1845   0076C2  0E1C               	movlw	low STR_6
  1846   0076C4  180A               	xorwf	set_status@new_status^0,w,c
  1847   0076C6  E107               	bnz	u591
  1848   0076C8  0E7D               	movlw	high STR_6
  1849   0076CA  180B               	xorwf	(set_status@new_status+1)^0,w,c
  1850   0076CC  A4D8               	btfss	status,2,c
  1851   0076CE  EF6B  F03B         	goto	u591
  1852   0076D2  EF6D  F03B         	goto	u590
  1853   0076D6                     u591:
  1854   0076D6  EF6F  F03B         	goto	l1319
  1855   0076DA                     u590:
  1856   0076DA  EF94  F03B         	goto	l48
  1857   0076DE                     l1319:
  1858   0076DE  0EDF               	movlw	low STR_7
  1859   0076E0  180A               	xorwf	set_status@new_status^0,w,c
  1860   0076E2  E107               	bnz	u601
  1861   0076E4  0E7C               	movlw	high STR_7
  1862   0076E6  180B               	xorwf	(set_status@new_status+1)^0,w,c
  1863   0076E8  A4D8               	btfss	status,2,c
  1864   0076EA  EF79  F03B         	goto	u601
  1865   0076EE  EF7B  F03B         	goto	u600
  1866   0076F2                     u601:
  1867   0076F2  EF94  F03B         	goto	l48
  1868   0076F6                     u600:
  1869   0076F6                     
  1870                           ;main.c: 38:         lcd_set_cursor(2, 1);
  1871   0076F6  ECE5  F038         	call	_lcd_clear	;wreg free
  1872                           
  1873                           ;main.c: 39:         lcd_cmd(0x0E);
  1874   0076FA  0E01               	movlw	1
  1875   0076FC  6E05               	movwf	lcd_set_cursor@col^0,c
  1876   0076FE  0E01               	movlw	1
  1877   007700  EC45  F039         	call	_lcd_set_cursor
  1878   007704                     
  1879                           ;main.c: 40: 
  1880   007704  0E7D               	movlw	low STR_8
  1881   007706  6E04               	movwf	lcd_write@str^0,c
  1882   007708  0E7C               	movlw	high STR_8
  1883   00770A  6E05               	movwf	(lcd_write@str+1)^0,c
  1884   00770C  EC2A  F039         	call	_lcd_write	;wreg free
  1885   007710                     
  1886                           ;main.c: 41:         while (1) {
  1887   007710  0E01               	movlw	1
  1888   007712  6E05               	movwf	lcd_set_cursor@col^0,c
  1889   007714  0E02               	movlw	2
  1890   007716  EC45  F039         	call	_lcd_set_cursor
  1891                           
  1892                           ;main.c: 42:             key = keypad_get_key();
  1893   00771A  0E8E               	movlw	low STR_9
  1894   00771C  6E04               	movwf	lcd_write@str^0,c
  1895   00771E  0E7C               	movlw	high STR_9
  1896   007720  6E05               	movwf	(lcd_write@str+1)^0,c
  1897   007722  EC2A  F039         	call	_lcd_write	;wreg free
  1898   007726  0003               	sleep		;# 
  1899   007728                     l48:
  1900   007728  0012               	return		;funcret
  1901   00772A                     __end_of_set_status:
  1902                           	callstack 0
  1903                           
  1904 ;; *************** function _keypad_get_key *****************
  1905 ;; Defined at:
  1906 ;;		line 16 in file "keypad.c"
  1907 ;; Parameters:    Size  Location     Type
  1908 ;;		None
  1909 ;; Auto vars:     Size  Location     Type
  1910 ;;  col             1    3[COMRAM] unsigned char 
  1911 ;;  row             1    2[COMRAM] unsigned char 
  1912 ;; Return value:  Size  Location     Type
  1913 ;;                  1    wreg      unsigned char 
  1914 ;; Registers used:
  1915 ;;		wreg, status,2, status,0, tblptrl, tblptrh, tblptru, prodl, prodh
  1916 ;; Tracked objects:
  1917 ;;		On entry : 0/0
  1918 ;;		On exit  : 0/0
  1919 ;;		Unchanged: 0/0
  1920 ;; Data sizes:     COMRAM   BANK0   BANK1   BANK2   BANK3   BANK4   BANK5   BANK6   BANK7
  1921 ;;      Params:         0       0       0       0       0       0       0       0       0
  1922 ;;      Locals:         2       0       0       0       0       0       0       0       0
  1923 ;;      Temps:          2       0       0       0       0       0       0       0       0
  1924 ;;      Totals:         4       0       0       0       0       0       0       0       0
  1925 ;;Total ram usage:        4 bytes
  1926 ;; Hardware stack levels used: 1
  1927 ;; This function calls:
  1928 ;;		Nothing
  1929 ;; This function is called by:
  1930 ;;		_get_valid_input
  1931 ;;		_loop
  1932 ;; This function uses a non-reentrant model
  1933 ;;
  1934                           
  1935                           	psect	text4
  1936   00772A                     __ptext4:
  1937                           	callstack 0
  1938   00772A                     _keypad_get_key:
  1939                           	callstack 29
  1940   00772A                     
  1941                           ;keypad.c: 17:     for (char row = 0; row < 4; row++) {
  1942   00772A  6A03               	clrf	keypad_get_key@row^0,c
  1943   00772C                     l927:
  1944   00772C  0E03               	movlw	3
  1945   00772E  6403               	cpfsgt	keypad_get_key@row^0,c
  1946   007730  EF9C  F03B         	goto	u91
  1947   007734  EF9E  F03B         	goto	u90
  1948   007738                     u91:
  1949   007738  EFA0  F03B         	goto	l931
  1950   00773C                     u90:
  1951   00773C  EF0C  F03C         	goto	l961
  1952   007740                     l931:
  1953                           
  1954                           ;keypad.c: 18:         LATB = ~(1 << row);
  1955   007740  C003  F001         	movff	keypad_get_key@row,??_keypad_get_key
  1956   007744  0E01               	movlw	1
  1957   007746  6E02               	movwf	(??_keypad_get_key+1)^0,c
  1958   007748  2A01               	incf	??_keypad_get_key^0,f,c
  1959   00774A  EFA9  F03B         	goto	u104
  1960   00774E                     u105:
  1961   00774E  90D8               	bcf	status,0,c
  1962   007750  3602               	rlcf	(??_keypad_get_key+1)^0,f,c
  1963   007752                     u104:
  1964   007752  2E01               	decfsz	??_keypad_get_key^0,f,c
  1965   007754  EFA7  F03B         	goto	u105
  1966   007758  5002               	movf	(??_keypad_get_key+1)^0,w,c
  1967   00775A  0AFF               	xorlw	255
  1968   00775C  6E8A               	movwf	138,c	;volatile
  1969   00775E                     
  1970                           ;keypad.c: 19:         _delay((unsigned long)((5)*(8000000/4000000.0)));
  1971   00775E  0E03               	movlw	3
  1972   007760                     u1017:
  1973   007760  2EE8               	decfsz	wreg,f,c
  1974   007762  D7FE               	bra	u1017
  1975   007764  0000               	nop	
  1976   007766                     
  1977                           ;keypad.c: 21:         for (char col = 0; col < 4; col++) {
  1978   007766  6A04               	clrf	keypad_get_key@col^0,c
  1979   007768                     l941:
  1980                           
  1981                           ;keypad.c: 22:             if (!(PORTB & (1 << (col + 4)))) {
  1982   007768  C004  F001         	movff	keypad_get_key@col,??_keypad_get_key
  1983   00776C  0E04               	movlw	4
  1984   00776E  2601               	addwf	??_keypad_get_key^0,f,c
  1985   007770  0E01               	movlw	1
  1986   007772  6E02               	movwf	(??_keypad_get_key+1)^0,c
  1987   007774  2A01               	incf	??_keypad_get_key^0,f,c
  1988   007776  EFBF  F03B         	goto	u114
  1989   00777A                     u115:
  1990   00777A  90D8               	bcf	status,0,c
  1991   00777C  3602               	rlcf	(??_keypad_get_key+1)^0,f,c
  1992   00777E                     u114:
  1993   00777E  2E01               	decfsz	??_keypad_get_key^0,f,c
  1994   007780  EFBD  F03B         	goto	u115
  1995   007784  5002               	movf	(??_keypad_get_key+1)^0,w,c
  1996   007786  1481               	andwf	129,w,c	;volatile
  1997   007788  0900               	iorlw	0
  1998   00778A  A4D8               	btfss	status,2,c
  1999   00778C  EFCA  F03B         	goto	u121
  2000   007790  EFCC  F03B         	goto	u120
  2001   007794                     u121:
  2002   007794  EF00  F03C         	goto	l953
  2003   007798                     u120:
  2004   007798                     l945:
  2005   007798  C004  F001         	movff	keypad_get_key@col,??_keypad_get_key
  2006   00779C  0E04               	movlw	4
  2007   00779E  2601               	addwf	??_keypad_get_key^0,f,c
  2008   0077A0  0E01               	movlw	1
  2009   0077A2  6E02               	movwf	(??_keypad_get_key+1)^0,c
  2010   0077A4  2A01               	incf	??_keypad_get_key^0,f,c
  2011   0077A6  EFD7  F03B         	goto	u134
  2012   0077AA                     u135:
  2013   0077AA  90D8               	bcf	status,0,c
  2014   0077AC  3602               	rlcf	(??_keypad_get_key+1)^0,f,c
  2015   0077AE                     u134:
  2016   0077AE  2E01               	decfsz	??_keypad_get_key^0,f,c
  2017   0077B0  EFD5  F03B         	goto	u135
  2018   0077B4  5002               	movf	(??_keypad_get_key+1)^0,w,c
  2019   0077B6  1481               	andwf	129,w,c	;volatile
  2020   0077B8  0900               	iorlw	0
  2021   0077BA  B4D8               	btfsc	status,2,c
  2022   0077BC  EFE2  F03B         	goto	u141
  2023   0077C0  EFE4  F03B         	goto	u140
  2024   0077C4                     u141:
  2025   0077C4  EFCC  F03B         	goto	l945
  2026   0077C8                     u140:
  2027   0077C8                     
  2028                           ;keypad.c: 24:                 _delay((unsigned long)((10)*(8000000/4000.0)));
  2029   0077C8  0E1A               	movlw	26
  2030   0077CA  6E01               	movwf	??_keypad_get_key^0,c
  2031   0077CC  0EF8               	movlw	248
  2032   0077CE                     u1027:
  2033   0077CE  2EE8               	decfsz	wreg,f,c
  2034   0077D0  D7FE               	bra	u1027
  2035   0077D2  2E01               	decfsz	??_keypad_get_key^0,f,c
  2036   0077D4  D7FC               	bra	u1027
  2037   0077D6  D000               	nop2	
  2038   0077D8                     
  2039                           ;keypad.c: 25:                 return keymap[row][col];
  2040   0077D8  5003               	movf	keypad_get_key@row^0,w,c
  2041   0077DA  0D04               	mullw	4
  2042   0077DC  0E5B               	movlw	low _keymap
  2043   0077DE  24F3               	addwf	243,w,c
  2044   0077E0  6E01               	movwf	??_keypad_get_key^0,c
  2045   0077E2  0E7C               	movlw	high _keymap
  2046   0077E4  20F4               	addwfc	prodh,w,c
  2047   0077E6  6E02               	movwf	(??_keypad_get_key+1)^0,c
  2048   0077E8  5004               	movf	keypad_get_key@col^0,w,c
  2049   0077EA  2601               	addwf	??_keypad_get_key^0,f,c
  2050   0077EC  0E00               	movlw	0
  2051   0077EE  2202               	addwfc	(??_keypad_get_key+1)^0,f,c
  2052   0077F0  C001  FFF6         	movff	??_keypad_get_key,tblptrl
  2053   0077F4  C002  FFF7         	movff	??_keypad_get_key+1,tblptrh
  2054   0077F8                     	if	0	;tblptru may be non-zero
  2055   0077F8                     	endif
  2056   0077F8                     	if	0	;tblptru may be non-zero
  2057   0077F8                     	endif
  2058   0077F8  0008               	tblrd		*
  2059   0077FA  50F5               	movf	tablat,w,c
  2060   0077FC  EF0D  F03C         	goto	l163
  2061   007800                     l953:
  2062                           
  2063                           ;keypad.c: 27:         }
  2064   007800  2A04               	incf	keypad_get_key@col^0,f,c
  2065   007802  0E03               	movlw	3
  2066   007804  6404               	cpfsgt	keypad_get_key@col^0,c
  2067   007806  EF07  F03C         	goto	u151
  2068   00780A  EF09  F03C         	goto	u150
  2069   00780E                     u151:
  2070   00780E  EFB4  F03B         	goto	l941
  2071   007812                     u150:
  2072   007812                     
  2073                           ;keypad.c: 28:     }
  2074   007812  2A03               	incf	keypad_get_key@row^0,f,c
  2075   007814  EF96  F03B         	goto	l927
  2076   007818                     l961:
  2077                           
  2078                           ;keypad.c: 29:     return 0;
  2079   007818  0E00               	movlw	0
  2080   00781A                     l163:
  2081   00781A  0012               	return		;funcret
  2082   00781C                     __end_of_keypad_get_key:
  2083                           	callstack 0
  2084                           
  2085 ;; *************** function _atoi *****************
  2086 ;; Defined at:
  2087 ;;		line 5 in file "/Applications/microchip/xc8/v3.00/pic/sources/c99/common/atoi.c"
  2088 ;; Parameters:    Size  Location     Type
  2089 ;;  s               1    0[COMRAM] PTR const unsigned char 
  2090 ;;		 -> get_valid_input@buffer(3), 
  2091 ;; Auto vars:     Size  Location     Type
  2092 ;;  n               2    6[COMRAM] int 
  2093 ;;  neg             1    5[COMRAM] _Bool 
  2094 ;; Return value:  Size  Location     Type
  2095 ;;                  2    0[COMRAM] int 
  2096 ;; Registers used:
  2097 ;;		wreg, fsr2l, fsr2h, status,2, status,0, prodl, prodh
  2098 ;; Tracked objects:
  2099 ;;		On entry : 0/0
  2100 ;;		On exit  : 0/0
  2101 ;;		Unchanged: 0/0
  2102 ;; Data sizes:     COMRAM   BANK0   BANK1   BANK2   BANK3   BANK4   BANK5   BANK6   BANK7
  2103 ;;      Params:         2       0       0       0       0       0       0       0       0
  2104 ;;      Locals:         3       0       0       0       0       0       0       0       0
  2105 ;;      Temps:          3       0       0       0       0       0       0       0       0
  2106 ;;      Totals:         8       0       0       0       0       0       0       0       0
  2107 ;;Total ram usage:        8 bytes
  2108 ;; Hardware stack levels used: 1
  2109 ;; This function calls:
  2110 ;;		Nothing
  2111 ;; This function is called by:
  2112 ;;		_get_valid_input
  2113 ;; This function uses a non-reentrant model
  2114 ;;
  2115                           
  2116                           	psect	text5
  2117   00781C                     __ptext5:
  2118                           	callstack 0
  2119   00781C                     _atoi:
  2120                           	callstack 28
  2121   00781C  0E00               	movlw	0
  2122   00781E  6E08               	movwf	(atoi@n+1)^0,c
  2123   007820  0E00               	movlw	0
  2124   007822  6E07               	movwf	atoi@n^0,c
  2125   007824  6A06               	clrf	atoi@neg^0,c
  2126   007826  EF16  F03C         	goto	l1333
  2127   00782A                     l1331:
  2128   00782A  2A01               	incf	atoi@s^0,f,c
  2129   00782C                     l1333:
  2130   00782C  5001               	movf	atoi@s^0,w,c
  2131   00782E  6ED9               	movwf	fsr2l,c
  2132   007830  6ADA               	clrf	fsr2h,c
  2133   007832  0E20               	movlw	32
  2134   007834  18DE               	xorwf	postinc2,w,c
  2135   007836  B4D8               	btfsc	status,2,c
  2136   007838  EF20  F03C         	goto	u611
  2137   00783C  EF22  F03C         	goto	u610
  2138   007840                     u611:
  2139   007840  EF15  F03C         	goto	l1331
  2140   007844                     u610:
  2141   007844  5001               	movf	atoi@s^0,w,c
  2142   007846  6ED9               	movwf	fsr2l,c
  2143   007848  6ADA               	clrf	fsr2h,c
  2144   00784A  50DF               	movf	indf2,w,c
  2145   00784C  6E03               	movwf	??_atoi^0,c
  2146   00784E  0EF7               	movlw	247
  2147   007850  2603               	addwf	??_atoi^0,f,c
  2148   007852  0E04               	movlw	4
  2149   007854  6403               	cpfsgt	??_atoi^0,c
  2150   007856  EF2F  F03C         	goto	u621
  2151   00785A  EF31  F03C         	goto	u620
  2152   00785E                     u621:
  2153   00785E  EF15  F03C         	goto	l1331
  2154   007862                     u620:
  2155   007862  5001               	movf	atoi@s^0,w,c
  2156   007864  6ED9               	movwf	fsr2l,c
  2157   007866  6ADA               	clrf	fsr2h,c
  2158   007868  0E2D               	movlw	45
  2159   00786A  18DE               	xorwf	postinc2,w,c
  2160   00786C  A4D8               	btfss	status,2,c
  2161   00786E  EF3B  F03C         	goto	u631
  2162   007872  EF3D  F03C         	goto	u630
  2163   007876                     u631:
  2164   007876  EF42  F03C         	goto	l1343
  2165   00787A                     u630:
  2166   00787A  0E01               	movlw	1
  2167   00787C  6E06               	movwf	atoi@neg^0,c
  2168   00787E                     l1341:
  2169   00787E  2A01               	incf	atoi@s^0,f,c
  2170   007880  EF6A  F03C         	goto	l1351
  2171   007884                     l1343:
  2172   007884  5001               	movf	atoi@s^0,w,c
  2173   007886  6ED9               	movwf	fsr2l,c
  2174   007888  6ADA               	clrf	fsr2h,c
  2175   00788A  0E2B               	movlw	43
  2176   00788C  18DE               	xorwf	postinc2,w,c
  2177   00788E  A4D8               	btfss	status,2,c
  2178   007890  EF4C  F03C         	goto	u641
  2179   007894  EF4E  F03C         	goto	u640
  2180   007898                     u641:
  2181   007898  EF6A  F03C         	goto	l1351
  2182   00789C                     u640:
  2183   00789C  EF3F  F03C         	goto	l1341
  2184   0078A0                     l1347:
  2185   0078A0  0E0A               	movlw	10
  2186   0078A2  0207               	mulwf	atoi@n^0,c
  2187   0078A4  CFF3 F003          	movff	prodl,??_atoi
  2188   0078A8  CFF4 F004          	movff	prodh,??_atoi+1
  2189   0078AC  0208               	mulwf	(atoi@n+1)^0,c
  2190   0078AE  50F3               	movf	prodl,w,c
  2191   0078B0  2604               	addwf	(??_atoi+1)^0,f,c
  2192   0078B2  5001               	movf	atoi@s^0,w,c
  2193   0078B4  6ED9               	movwf	fsr2l,c
  2194   0078B6  6ADA               	clrf	fsr2h,c
  2195   0078B8  50DF               	movf	indf2,w,c
  2196   0078BA  6E05               	movwf	(??_atoi+2)^0,c
  2197   0078BC  5005               	movf	(??_atoi+2)^0,w,c
  2198   0078BE  5E03               	subwf	??_atoi^0,f,c
  2199   0078C0  0E00               	movlw	0
  2200   0078C2  5A04               	subwfb	(??_atoi+1)^0,f,c
  2201   0078C4  0E30               	movlw	48
  2202   0078C6  2403               	addwf	??_atoi^0,w,c
  2203   0078C8  6E07               	movwf	atoi@n^0,c
  2204   0078CA  0E00               	movlw	0
  2205   0078CC  2004               	addwfc	(??_atoi+1)^0,w,c
  2206   0078CE  6E08               	movwf	(atoi@n+1)^0,c
  2207   0078D0  EF3F  F03C         	goto	l1341
  2208   0078D4                     l1351:
  2209   0078D4  5001               	movf	atoi@s^0,w,c
  2210   0078D6  6ED9               	movwf	fsr2l,c
  2211   0078D8  6ADA               	clrf	fsr2h,c
  2212   0078DA  50DF               	movf	indf2,w,c
  2213   0078DC  6E03               	movwf	??_atoi^0,c
  2214   0078DE  0ED0               	movlw	208
  2215   0078E0  2603               	addwf	??_atoi^0,f,c
  2216   0078E2  0E09               	movlw	9
  2217   0078E4  6403               	cpfsgt	??_atoi^0,c
  2218   0078E6  EF77  F03C         	goto	u651
  2219   0078EA  EF79  F03C         	goto	u650
  2220   0078EE                     u651:
  2221   0078EE  EF50  F03C         	goto	l1347
  2222   0078F2                     u650:
  2223   0078F2  5006               	movf	atoi@neg^0,w,c
  2224   0078F4  A4D8               	btfss	status,2,c
  2225   0078F6  EF7F  F03C         	goto	u661
  2226   0078FA  EF81  F03C         	goto	u660
  2227   0078FE                     u661:
  2228   0078FE  EF8F  F03C         	goto	l850
  2229   007902                     u660:
  2230   007902  C007  F003         	movff	atoi@n,??_atoi
  2231   007906  C008  F004         	movff	atoi@n+1,??_atoi+1
  2232   00790A  1E03               	comf	??_atoi^0,f,c
  2233   00790C  1E04               	comf	(??_atoi+1)^0,f,c
  2234   00790E  4A03               	infsnz	??_atoi^0,f,c
  2235   007910  2A04               	incf	(??_atoi+1)^0,f,c
  2236   007912  C003  F001         	movff	??_atoi,?_atoi
  2237   007916  C004  F002         	movff	??_atoi+1,?_atoi+1
  2238   00791A  EF93  F03C         	goto	l853
  2239   00791E                     l850:
  2240   00791E  C007  F001         	movff	atoi@n,?_atoi
  2241   007922  C008  F002         	movff	atoi@n+1,?_atoi+1
  2242   007926                     l853:
  2243   007926  0012               	return		;funcret
  2244   007928                     __end_of_atoi:
  2245                           	callstack 0
  2246                           
  2247 ;; *************** function _count_update_screen *****************
  2248 ;; Defined at:
  2249 ;;		line 95 in file "main.c"
  2250 ;; Parameters:    Size  Location     Type
  2251 ;;		None
  2252 ;; Auto vars:     Size  Location     Type
  2253 ;;		None
  2254 ;; Return value:  Size  Location     Type
  2255 ;;                  1    wreg      void 
  2256 ;; Registers used:
  2257 ;;		wreg, status,2, status,0, tblptrl, tblptrh, tblptru, cstack
  2258 ;; Tracked objects:
  2259 ;;		On entry : 0/0
  2260 ;;		On exit  : 0/0
  2261 ;;		Unchanged: 0/0
  2262 ;; Data sizes:     COMRAM   BANK0   BANK1   BANK2   BANK3   BANK4   BANK5   BANK6   BANK7
  2263 ;;      Params:         0       0       0       0       0       0       0       0       0
  2264 ;;      Locals:         0       0       0       0       0       0       0       0       0
  2265 ;;      Temps:          0       0       0       0       0       0       0       0       0
  2266 ;;      Totals:         0       0       0       0       0       0       0       0       0
  2267 ;;Total ram usage:        0 bytes
  2268 ;; Hardware stack levels used: 1
  2269 ;; Hardware stack levels required when called: 4
  2270 ;; This function calls:
  2271 ;;		___awdiv
  2272 ;;		___awmod
  2273 ;;		_lcd_clear
  2274 ;;		_lcd_data
  2275 ;;		_lcd_set_cursor
  2276 ;;		_lcd_write
  2277 ;; This function is called by:
  2278 ;;		_loop
  2279 ;; This function uses a non-reentrant model
  2280 ;;
  2281                           
  2282                           	psect	text6
  2283   0074CE                     __ptext6:
  2284                           	callstack 0
  2285   0074CE                     _count_update_screen:
  2286                           	callstack 25
  2287   0074CE                     
  2288                           ;main.c: 97:             char key = keypad_get_key();
  2289   0074CE  ECE5  F038         	call	_lcd_clear	;wreg free
  2290                           
  2291                           ;main.c: 98:             if (key == '*') {
  2292   0074D2  0E01               	movlw	1
  2293   0074D4  6E05               	movwf	lcd_set_cursor@col^0,c
  2294   0074D6  0E01               	movlw	1
  2295   0074D8  EC45  F039         	call	_lcd_set_cursor
  2296   0074DC                     
  2297                           ;main.c: 99:                 piezas_contadas = 0;
  2298   0074DC  0E12               	movlw	low STR_17
  2299   0074DE  6E04               	movwf	lcd_write@str^0,c
  2300   0074E0  0E7D               	movlw	high STR_17
  2301   0074E2  6E05               	movwf	(lcd_write@str+1)^0,c
  2302   0074E4  EC2A  F039         	call	_lcd_write	;wreg free
  2303   0074E8                     
  2304                           ;main.c: 100:                 set_status("count");
  2305   0074E8  0E0B               	movlw	11
  2306   0074EA  6E05               	movwf	lcd_set_cursor@col^0,c
  2307   0074EC  0E01               	movlw	1
  2308   0074EE  EC45  F039         	call	_lcd_set_cursor
  2309   0074F2                     
  2310                           ;main.c: 101:                 count_update_screen();
  2311   0074F2  C01F  F001         	movff	_piezas_objetivo,___awdiv@dividend
  2312   0074F6  6A02               	clrf	(___awdiv@dividend+1)^0,c
  2313   0074F8  0E00               	movlw	0
  2314   0074FA  6E04               	movwf	(___awdiv@divisor+1)^0,c
  2315   0074FC  0E0A               	movlw	10
  2316   0074FE  6E03               	movwf	___awdiv@divisor^0,c
  2317   007500  ECC4  F03A         	call	___awdiv	;wreg free
  2318   007504  5001               	movf	?___awdiv^0,w,c
  2319   007506  0F30               	addlw	48
  2320   007508  ECF1  F038         	call	_lcd_data
  2321   00750C                     
  2322                           ;main.c: 102:             }
  2323   00750C  C01F  F001         	movff	_piezas_objetivo,___awmod@dividend
  2324   007510  6A02               	clrf	(___awmod@dividend+1)^0,c
  2325   007512  0E00               	movlw	0
  2326   007514  6E04               	movwf	(___awmod@divisor+1)^0,c
  2327   007516  0E0A               	movlw	10
  2328   007518  6E03               	movwf	___awmod@divisor^0,c
  2329   00751A  EC10  F03A         	call	___awmod	;wreg free
  2330   00751E  5001               	movf	?___awmod^0,w,c
  2331   007520  0F30               	addlw	48
  2332   007522  ECF1  F038         	call	_lcd_data
  2333   007526                     
  2334                           ;main.c: 104:                 piezas_contadas = 0;
  2335   007526  0E01               	movlw	1
  2336   007528  6E05               	movwf	lcd_set_cursor@col^0,c
  2337   00752A  0E02               	movlw	2
  2338   00752C  EC45  F039         	call	_lcd_set_cursor
  2339   007530                     
  2340                           ;main.c: 105:                 set_status("ask");
  2341   007530  0E26               	movlw	low STR_18
  2342   007532  6E04               	movwf	lcd_write@str^0,c
  2343   007534  0E7D               	movlw	high STR_18
  2344   007536  6E05               	movwf	(lcd_write@str+1)^0,c
  2345   007538  EC2A  F039         	call	_lcd_write	;wreg free
  2346                           
  2347                           ;main.c: 106:                 break;
  2348   00753C  0E09               	movlw	9
  2349   00753E  6E05               	movwf	lcd_set_cursor@col^0,c
  2350   007540  0E02               	movlw	2
  2351   007542  EC45  F039         	call	_lcd_set_cursor
  2352                           
  2353                           ;main.c: 107:             }
  2354   007546  5020               	movf	_piezas_contadas^0,w,c	;volatile
  2355   007548  5C1F               	subwf	_piezas_objetivo^0,w,c
  2356   00754A  6E01               	movwf	___awdiv@dividend^0,c
  2357   00754C  6A02               	clrf	(___awdiv@dividend+1)^0,c
  2358   00754E  A0D8               	btfss	status,0,c
  2359   007550  0602               	decf	(___awdiv@dividend+1)^0,f,c
  2360   007552  0E00               	movlw	0
  2361   007554  6E04               	movwf	(___awdiv@divisor+1)^0,c
  2362   007556  0E0A               	movlw	10
  2363   007558  6E03               	movwf	___awdiv@divisor^0,c
  2364   00755A  ECC4  F03A         	call	___awdiv	;wreg free
  2365   00755E  5001               	movf	?___awdiv^0,w,c
  2366   007560  0F30               	addlw	48
  2367   007562  ECF1  F038         	call	_lcd_data
  2368                           
  2369                           ;main.c: 108:             else if (key == 'A' && status == "end_count") {
  2370   007566  5020               	movf	_piezas_contadas^0,w,c	;volatile
  2371   007568  5C1F               	subwf	_piezas_objetivo^0,w,c
  2372   00756A  6E01               	movwf	___awmod@dividend^0,c
  2373   00756C  6A02               	clrf	(___awmod@dividend+1)^0,c
  2374   00756E  A0D8               	btfss	status,0,c
  2375   007570  0602               	decf	(___awmod@dividend+1)^0,f,c
  2376   007572  0E00               	movlw	0
  2377   007574  6E04               	movwf	(___awmod@divisor+1)^0,c
  2378   007576  0E0A               	movlw	10
  2379   007578  6E03               	movwf	___awmod@divisor^0,c
  2380   00757A  EC10  F03A         	call	___awmod	;wreg free
  2381   00757E  5001               	movf	?___awmod^0,w,c
  2382   007580  0F30               	addlw	48
  2383   007582  ECF1  F038         	call	_lcd_data
  2384   007586  0012               	return		;funcret
  2385   007588                     __end_of_count_update_screen:
  2386                           	callstack 0
  2387                           
  2388 ;; *************** function _lcd_write *****************
  2389 ;; Defined at:
  2390 ;;		line 42 in file "lcd.c"
  2391 ;; Parameters:    Size  Location     Type
  2392 ;;  str             2    3[COMRAM] PTR const unsigned char 
  2393 ;;		 -> STR_30(17), STR_29(13), STR_28(15), STR_27(18), 
  2394 ;;		 -> STR_18(8), STR_17(10), STR_14(12), STR_13(15), 
  2395 ;;		 -> STR_10(17), STR_9(17), STR_8(17), 
  2396 ;; Auto vars:     Size  Location     Type
  2397 ;;		None
  2398 ;; Return value:  Size  Location     Type
  2399 ;;                  1    wreg      void 
  2400 ;; Registers used:
  2401 ;;		wreg, status,2, status,0, tblptrl, tblptrh, tblptru, cstack
  2402 ;; Tracked objects:
  2403 ;;		On entry : 0/0
  2404 ;;		On exit  : 0/0
  2405 ;;		Unchanged: 0/0
  2406 ;; Data sizes:     COMRAM   BANK0   BANK1   BANK2   BANK3   BANK4   BANK5   BANK6   BANK7
  2407 ;;      Params:         2       0       0       0       0       0       0       0       0
  2408 ;;      Locals:         0       0       0       0       0       0       0       0       0
  2409 ;;      Temps:          0       0       0       0       0       0       0       0       0
  2410 ;;      Totals:         2       0       0       0       0       0       0       0       0
  2411 ;;Total ram usage:        2 bytes
  2412 ;; Hardware stack levels used: 1
  2413 ;; Hardware stack levels required when called: 3
  2414 ;; This function calls:
  2415 ;;		_lcd_data
  2416 ;; This function is called by:
  2417 ;;		_set_status
  2418 ;;		_get_valid_input
  2419 ;;		_count_update_screen
  2420 ;;		_loop
  2421 ;;		_main
  2422 ;; This function uses a non-reentrant model
  2423 ;;
  2424                           
  2425                           	psect	text7
  2426   007254                     __ptext7:
  2427                           	callstack 0
  2428   007254                     _lcd_write:
  2429                           	callstack 25
  2430   007254                     
  2431                           ;lcd.c: 43:     while (*str) lcd_data(*str++);
  2432   007254  EF36  F039         	goto	l1297
  2433   007258                     l1293:
  2434   007258  C004  FFF6         	movff	lcd_write@str,tblptrl
  2435   00725C  C005  FFF7         	movff	lcd_write@str+1,tblptrh
  2436   007260                     	if	0	;tblptru may be non-zero
  2437   007260                     	endif
  2438   007260                     	if	0	;tblptru may be non-zero
  2439   007260                     	endif
  2440   007260  0008               	tblrd		*
  2441   007262  50F5               	movf	tablat,w,c
  2442   007264  ECF1  F038         	call	_lcd_data
  2443   007268  4A04               	infsnz	lcd_write@str^0,f,c
  2444   00726A  2A05               	incf	(lcd_write@str+1)^0,f,c
  2445   00726C                     l1297:
  2446   00726C  C004  FFF6         	movff	lcd_write@str,tblptrl
  2447   007270  C005  FFF7         	movff	lcd_write@str+1,tblptrh
  2448   007274                     	if	0	;tblptru may be non-zero
  2449   007274                     	endif
  2450   007274                     	if	0	;tblptru may be non-zero
  2451   007274                     	endif
  2452   007274  0008               	tblrd		*
  2453   007276  50F5               	movf	tablat,w,c
  2454   007278  0900               	iorlw	0
  2455   00727A  A4D8               	btfss	status,2,c
  2456   00727C  EF42  F039         	goto	u541
  2457   007280  EF44  F039         	goto	u540
  2458   007284                     u541:
  2459   007284  EF2C  F039         	goto	l1293
  2460   007288                     u540:
  2461   007288  0012               	return		;funcret
  2462   00728A                     __end_of_lcd_write:
  2463                           	callstack 0
  2464                           
  2465 ;; *************** function _lcd_data *****************
  2466 ;; Defined at:
  2467 ;;		line 25 in file "lcd.c"
  2468 ;; Parameters:    Size  Location     Type
  2469 ;;  data            1    wreg     unsigned char 
  2470 ;; Auto vars:     Size  Location     Type
  2471 ;;  data            1    2[COMRAM] unsigned char 
  2472 ;; Return value:  Size  Location     Type
  2473 ;;                  1    wreg      void 
  2474 ;; Registers used:
  2475 ;;		wreg, status,2, status,0, cstack
  2476 ;; Tracked objects:
  2477 ;;		On entry : 0/0
  2478 ;;		On exit  : 0/0
  2479 ;;		Unchanged: 0/0
  2480 ;; Data sizes:     COMRAM   BANK0   BANK1   BANK2   BANK3   BANK4   BANK5   BANK6   BANK7
  2481 ;;      Params:         0       0       0       0       0       0       0       0       0
  2482 ;;      Locals:         1       0       0       0       0       0       0       0       0
  2483 ;;      Temps:          0       0       0       0       0       0       0       0       0
  2484 ;;      Totals:         1       0       0       0       0       0       0       0       0
  2485 ;;Total ram usage:        1 bytes
  2486 ;; Hardware stack levels used: 1
  2487 ;; Hardware stack levels required when called: 2
  2488 ;; This function calls:
  2489 ;;		_lcd_send_nibble
  2490 ;; This function is called by:
  2491 ;;		_get_valid_input
  2492 ;;		_count_update_screen
  2493 ;;		_lcd_write
  2494 ;; This function uses a non-reentrant model
  2495 ;;
  2496                           
  2497                           	psect	text8
  2498   0071E2                     __ptext8:
  2499                           	callstack 0
  2500   0071E2                     _lcd_data:
  2501                           	callstack 25
  2502                           
  2503                           ;incstack = 0
  2504                           ;lcd_data@data stored from wreg
  2505   0071E2  6E03               	movwf	lcd_data@data^0,c
  2506   0071E4                     
  2507                           ;lcd.c: 26:     LATAbits.LATA4 = 1;
  2508   0071E4  8889               	bsf	137,4,c	;volatile
  2509   0071E6                     
  2510                           ;lcd.c: 27:     lcd_send_nibble(data >> 4);
  2511   0071E6  3803               	swapf	lcd_data@data^0,w,c
  2512   0071E8  0B0F               	andlw	15
  2513   0071EA  ECD4  F039         	call	_lcd_send_nibble
  2514                           
  2515                           ;lcd.c: 28:     lcd_send_nibble(data & 0x0F);
  2516   0071EE  5003               	movf	lcd_data@data^0,w,c
  2517   0071F0  0B0F               	andlw	15
  2518   0071F2  ECD4  F039         	call	_lcd_send_nibble
  2519   0071F6                     
  2520                           ;lcd.c: 29:     _delay((unsigned long)((50)*(8000000/4000000.0)));
  2521   0071F6  0E21               	movlw	33
  2522   0071F8                     u1037:
  2523   0071F8  2EE8               	decfsz	wreg,f,c
  2524   0071FA  D7FE               	bra	u1037
  2525   0071FC  0000               	nop	
  2526   0071FE  0012               	return		;funcret
  2527   007200                     __end_of_lcd_data:
  2528                           	callstack 0
  2529                           
  2530 ;; *************** function _lcd_set_cursor *****************
  2531 ;; Defined at:
  2532 ;;		line 37 in file "lcd.c"
  2533 ;; Parameters:    Size  Location     Type
  2534 ;;  row             1    wreg     unsigned char 
  2535 ;;  col             1    4[COMRAM] unsigned char 
  2536 ;; Auto vars:     Size  Location     Type
  2537 ;;  row             1    5[COMRAM] unsigned char 
  2538 ;;  addr            1    8[COMRAM] unsigned char 
  2539 ;; Return value:  Size  Location     Type
  2540 ;;                  1    wreg      void 
  2541 ;; Registers used:
  2542 ;;		wreg, status,2, status,0, cstack
  2543 ;; Tracked objects:
  2544 ;;		On entry : 0/0
  2545 ;;		On exit  : 0/0
  2546 ;;		Unchanged: 0/0
  2547 ;; Data sizes:     COMRAM   BANK0   BANK1   BANK2   BANK3   BANK4   BANK5   BANK6   BANK7
  2548 ;;      Params:         1       0       0       0       0       0       0       0       0
  2549 ;;      Locals:         4       0       0       0       0       0       0       0       0
  2550 ;;      Temps:          0       0       0       0       0       0       0       0       0
  2551 ;;      Totals:         5       0       0       0       0       0       0       0       0
  2552 ;;Total ram usage:        5 bytes
  2553 ;; Hardware stack levels used: 1
  2554 ;; Hardware stack levels required when called: 3
  2555 ;; This function calls:
  2556 ;;		_lcd_cmd
  2557 ;; This function is called by:
  2558 ;;		_set_status
  2559 ;;		_get_valid_input
  2560 ;;		_count_update_screen
  2561 ;;		_loop
  2562 ;;		_main
  2563 ;; This function uses a non-reentrant model
  2564 ;;
  2565                           
  2566                           	psect	text9
  2567   00728A                     __ptext9:
  2568                           	callstack 0
  2569   00728A                     _lcd_set_cursor:
  2570                           	callstack 25
  2571                           
  2572                           ;incstack = 0
  2573                           ;lcd_set_cursor@row stored from wreg
  2574   00728A  6E06               	movwf	lcd_set_cursor@row^0,c
  2575   00728C                     
  2576                           ;lcd.c: 38:     unsigned char addr = (row == 1) ? 0x80 + (col - 1) : 0xC0 + (col - 1);
  2577   00728C  0406               	decf	lcd_set_cursor@row^0,w,c
  2578   00728E  B4D8               	btfsc	status,2,c
  2579   007290  EF4C  F039         	goto	u531
  2580   007294  EF4E  F039         	goto	u530
  2581   007298                     u531:
  2582   007298  EF56  F039         	goto	l1285
  2583   00729C                     u530:
  2584   00729C  0EBF               	movlw	191
  2585   00729E  2405               	addwf	lcd_set_cursor@col^0,w,c
  2586   0072A0  6E07               	movwf	_lcd_set_cursor$348^0,c
  2587   0072A2  6A08               	clrf	(_lcd_set_cursor$348+1)^0,c
  2588   0072A4  0E00               	movlw	0
  2589   0072A6  2208               	addwfc	(_lcd_set_cursor$348+1)^0,f,c
  2590   0072A8  EF5C  F039         	goto	l1287
  2591   0072AC                     l1285:
  2592   0072AC  0E7F               	movlw	127
  2593   0072AE  2405               	addwf	lcd_set_cursor@col^0,w,c
  2594   0072B0  6E07               	movwf	_lcd_set_cursor$348^0,c
  2595   0072B2  6A08               	clrf	(_lcd_set_cursor$348+1)^0,c
  2596   0072B4  0E00               	movlw	0
  2597   0072B6  2208               	addwfc	(_lcd_set_cursor$348+1)^0,f,c
  2598   0072B8                     l1287:
  2599   0072B8  C007  F009         	movff	_lcd_set_cursor$348,lcd_set_cursor@addr
  2600   0072BC                     
  2601                           ;lcd.c: 39:     lcd_cmd(addr);
  2602   0072BC  5009               	movf	lcd_set_cursor@addr^0,w,c
  2603   0072BE  EC00  F039         	call	_lcd_cmd
  2604   0072C2  0012               	return		;funcret
  2605   0072C4                     __end_of_lcd_set_cursor:
  2606                           	callstack 0
  2607                           
  2608 ;; *************** function ___awmod *****************
  2609 ;; Defined at:
  2610 ;;		line 7 in file "/Applications/microchip/xc8/v3.00/pic/sources/c99/common/awmod.c"
  2611 ;; Parameters:    Size  Location     Type
  2612 ;;  dividend        2    0[COMRAM] int 
  2613 ;;  divisor         2    2[COMRAM] int 
  2614 ;; Auto vars:     Size  Location     Type
  2615 ;;  sign            1    5[COMRAM] unsigned char 
  2616 ;;  counter         1    4[COMRAM] unsigned char 
  2617 ;; Return value:  Size  Location     Type
  2618 ;;                  2    0[COMRAM] int 
  2619 ;; Registers used:
  2620 ;;		wreg, status,2, status,0
  2621 ;; Tracked objects:
  2622 ;;		On entry : 0/0
  2623 ;;		On exit  : 0/0
  2624 ;;		Unchanged: 0/0
  2625 ;; Data sizes:     COMRAM   BANK0   BANK1   BANK2   BANK3   BANK4   BANK5   BANK6   BANK7
  2626 ;;      Params:         4       0       0       0       0       0       0       0       0
  2627 ;;      Locals:         2       0       0       0       0       0       0       0       0
  2628 ;;      Temps:          0       0       0       0       0       0       0       0       0
  2629 ;;      Totals:         6       0       0       0       0       0       0       0       0
  2630 ;;Total ram usage:        6 bytes
  2631 ;; Hardware stack levels used: 1
  2632 ;; This function calls:
  2633 ;;		Nothing
  2634 ;; This function is called by:
  2635 ;;		_count_update_screen
  2636 ;; This function uses a non-reentrant model
  2637 ;;
  2638                           
  2639                           	psect	text10
  2640   007420                     __ptext10:
  2641                           	callstack 0
  2642   007420                     ___awmod:
  2643                           	callstack 28
  2644   007420  6A06               	clrf	___awmod@sign^0,c
  2645   007422  BE02               	btfsc	(___awmod@dividend+1)^0,7,c
  2646   007424  EF18  F03A         	goto	u730
  2647   007428  EF16  F03A         	goto	u731
  2648   00742C                     u731:
  2649   00742C  EF1E  F03A         	goto	l1409
  2650   007430                     u730:
  2651   007430  6C01               	negf	___awmod@dividend^0,c
  2652   007432  1E02               	comf	(___awmod@dividend+1)^0,f,c
  2653   007434  B0D8               	btfsc	status,0,c
  2654   007436  2A02               	incf	(___awmod@dividend+1)^0,f,c
  2655   007438  0E01               	movlw	1
  2656   00743A  6E06               	movwf	___awmod@sign^0,c
  2657   00743C                     l1409:
  2658   00743C  BE04               	btfsc	(___awmod@divisor+1)^0,7,c
  2659   00743E  EF25  F03A         	goto	u740
  2660   007442  EF23  F03A         	goto	u741
  2661   007446                     u741:
  2662   007446  EF29  F03A         	goto	l1413
  2663   00744A                     u740:
  2664   00744A  6C03               	negf	___awmod@divisor^0,c
  2665   00744C  1E04               	comf	(___awmod@divisor+1)^0,f,c
  2666   00744E  B0D8               	btfsc	status,0,c
  2667   007450  2A04               	incf	(___awmod@divisor+1)^0,f,c
  2668   007452                     l1413:
  2669   007452  5003               	movf	___awmod@divisor^0,w,c
  2670   007454  1004               	iorwf	(___awmod@divisor+1)^0,w,c
  2671   007456  B4D8               	btfsc	status,2,c
  2672   007458  EF30  F03A         	goto	u751
  2673   00745C  EF32  F03A         	goto	u750
  2674   007460                     u751:
  2675   007460  EF56  F03A         	goto	l1429
  2676   007464                     u750:
  2677   007464  0E01               	movlw	1
  2678   007466  6E05               	movwf	___awmod@counter^0,c
  2679   007468  EF3A  F03A         	goto	l1419
  2680   00746C                     l1417:
  2681   00746C  90D8               	bcf	status,0,c
  2682   00746E  3603               	rlcf	___awmod@divisor^0,f,c
  2683   007470  3604               	rlcf	(___awmod@divisor+1)^0,f,c
  2684   007472  2A05               	incf	___awmod@counter^0,f,c
  2685   007474                     l1419:
  2686   007474  AE04               	btfss	(___awmod@divisor+1)^0,7,c
  2687   007476  EF3F  F03A         	goto	u761
  2688   00747A  EF41  F03A         	goto	u760
  2689   00747E                     u761:
  2690   00747E  EF36  F03A         	goto	l1417
  2691   007482                     u760:
  2692   007482                     l1421:
  2693   007482  5003               	movf	___awmod@divisor^0,w,c
  2694   007484  5C01               	subwf	___awmod@dividend^0,w,c
  2695   007486  5004               	movf	(___awmod@divisor+1)^0,w,c
  2696   007488  5802               	subwfb	(___awmod@dividend+1)^0,w,c
  2697   00748A  A0D8               	btfss	status,0,c
  2698   00748C  EF4A  F03A         	goto	u771
  2699   007490  EF4C  F03A         	goto	u770
  2700   007494                     u771:
  2701   007494  EF50  F03A         	goto	l1425
  2702   007498                     u770:
  2703   007498  5003               	movf	___awmod@divisor^0,w,c
  2704   00749A  5E01               	subwf	___awmod@dividend^0,f,c
  2705   00749C  5004               	movf	(___awmod@divisor+1)^0,w,c
  2706   00749E  5A02               	subwfb	(___awmod@dividend+1)^0,f,c
  2707   0074A0                     l1425:
  2708   0074A0  90D8               	bcf	status,0,c
  2709   0074A2  3204               	rrcf	(___awmod@divisor+1)^0,f,c
  2710   0074A4  3203               	rrcf	___awmod@divisor^0,f,c
  2711   0074A6  2E05               	decfsz	___awmod@counter^0,f,c
  2712   0074A8  EF41  F03A         	goto	l1421
  2713   0074AC                     l1429:
  2714   0074AC  5006               	movf	___awmod@sign^0,w,c
  2715   0074AE  B4D8               	btfsc	status,2,c
  2716   0074B0  EF5C  F03A         	goto	u781
  2717   0074B4  EF5E  F03A         	goto	u780
  2718   0074B8                     u781:
  2719   0074B8  EF62  F03A         	goto	l1433
  2720   0074BC                     u780:
  2721   0074BC  6C01               	negf	___awmod@dividend^0,c
  2722   0074BE  1E02               	comf	(___awmod@dividend+1)^0,f,c
  2723   0074C0  B0D8               	btfsc	status,0,c
  2724   0074C2  2A02               	incf	(___awmod@dividend+1)^0,f,c
  2725   0074C4                     l1433:
  2726   0074C4  C001  F001         	movff	___awmod@dividend,?___awmod
  2727   0074C8  C002  F002         	movff	___awmod@dividend+1,?___awmod+1
  2728   0074CC  0012               	return		;funcret
  2729   0074CE                     __end_of___awmod:
  2730                           	callstack 0
  2731                           
  2732 ;; *************** function ___awdiv *****************
  2733 ;; Defined at:
  2734 ;;		line 7 in file "/Applications/microchip/xc8/v3.00/pic/sources/c99/common/awdiv.c"
  2735 ;; Parameters:    Size  Location     Type
  2736 ;;  dividend        2    0[COMRAM] int 
  2737 ;;  divisor         2    2[COMRAM] int 
  2738 ;; Auto vars:     Size  Location     Type
  2739 ;;  quotient        2    6[COMRAM] int 
  2740 ;;  sign            1    5[COMRAM] unsigned char 
  2741 ;;  counter         1    4[COMRAM] unsigned char 
  2742 ;; Return value:  Size  Location     Type
  2743 ;;                  2    0[COMRAM] int 
  2744 ;; Registers used:
  2745 ;;		wreg, status,2, status,0
  2746 ;; Tracked objects:
  2747 ;;		On entry : 0/0
  2748 ;;		On exit  : 0/0
  2749 ;;		Unchanged: 0/0
  2750 ;; Data sizes:     COMRAM   BANK0   BANK1   BANK2   BANK3   BANK4   BANK5   BANK6   BANK7
  2751 ;;      Params:         4       0       0       0       0       0       0       0       0
  2752 ;;      Locals:         4       0       0       0       0       0       0       0       0
  2753 ;;      Temps:          0       0       0       0       0       0       0       0       0
  2754 ;;      Totals:         8       0       0       0       0       0       0       0       0
  2755 ;;Total ram usage:        8 bytes
  2756 ;; Hardware stack levels used: 1
  2757 ;; This function calls:
  2758 ;;		Nothing
  2759 ;; This function is called by:
  2760 ;;		_count_update_screen
  2761 ;; This function uses a non-reentrant model
  2762 ;;
  2763                           
  2764                           	psect	text11
  2765   007588                     __ptext11:
  2766                           	callstack 0
  2767   007588                     ___awdiv:
  2768                           	callstack 28
  2769   007588  6A06               	clrf	___awdiv@sign^0,c
  2770   00758A  BE04               	btfsc	(___awdiv@divisor+1)^0,7,c
  2771   00758C  EFCC  F03A         	goto	u670
  2772   007590  EFCA  F03A         	goto	u671
  2773   007594                     u671:
  2774   007594  EFD2  F03A         	goto	l1365
  2775   007598                     u670:
  2776   007598  6C03               	negf	___awdiv@divisor^0,c
  2777   00759A  1E04               	comf	(___awdiv@divisor+1)^0,f,c
  2778   00759C  B0D8               	btfsc	status,0,c
  2779   00759E  2A04               	incf	(___awdiv@divisor+1)^0,f,c
  2780   0075A0  0E01               	movlw	1
  2781   0075A2  6E06               	movwf	___awdiv@sign^0,c
  2782   0075A4                     l1365:
  2783   0075A4  BE02               	btfsc	(___awdiv@dividend+1)^0,7,c
  2784   0075A6  EFD9  F03A         	goto	u680
  2785   0075AA  EFD7  F03A         	goto	u681
  2786   0075AE                     u681:
  2787   0075AE  EFDF  F03A         	goto	l1371
  2788   0075B2                     u680:
  2789   0075B2  6C01               	negf	___awdiv@dividend^0,c
  2790   0075B4  1E02               	comf	(___awdiv@dividend+1)^0,f,c
  2791   0075B6  B0D8               	btfsc	status,0,c
  2792   0075B8  2A02               	incf	(___awdiv@dividend+1)^0,f,c
  2793   0075BA  0E01               	movlw	1
  2794   0075BC  1A06               	xorwf	___awdiv@sign^0,f,c
  2795   0075BE                     l1371:
  2796   0075BE  0E00               	movlw	0
  2797   0075C0  6E08               	movwf	(___awdiv@quotient+1)^0,c
  2798   0075C2  0E00               	movlw	0
  2799   0075C4  6E07               	movwf	___awdiv@quotient^0,c
  2800   0075C6  5003               	movf	___awdiv@divisor^0,w,c
  2801   0075C8  1004               	iorwf	(___awdiv@divisor+1)^0,w,c
  2802   0075CA  B4D8               	btfsc	status,2,c
  2803   0075CC  EFEA  F03A         	goto	u691
  2804   0075D0  EFEC  F03A         	goto	u690
  2805   0075D4                     u691:
  2806   0075D4  EF14  F03B         	goto	l1393
  2807   0075D8                     u690:
  2808   0075D8  0E01               	movlw	1
  2809   0075DA  6E05               	movwf	___awdiv@counter^0,c
  2810   0075DC  EFF4  F03A         	goto	l1379
  2811   0075E0                     l1377:
  2812   0075E0  90D8               	bcf	status,0,c
  2813   0075E2  3603               	rlcf	___awdiv@divisor^0,f,c
  2814   0075E4  3604               	rlcf	(___awdiv@divisor+1)^0,f,c
  2815   0075E6  2A05               	incf	___awdiv@counter^0,f,c
  2816   0075E8                     l1379:
  2817   0075E8  AE04               	btfss	(___awdiv@divisor+1)^0,7,c
  2818   0075EA  EFF9  F03A         	goto	u701
  2819   0075EE  EFFB  F03A         	goto	u700
  2820   0075F2                     u701:
  2821   0075F2  EFF0  F03A         	goto	l1377
  2822   0075F6                     u700:
  2823   0075F6                     l1381:
  2824   0075F6  90D8               	bcf	status,0,c
  2825   0075F8  3607               	rlcf	___awdiv@quotient^0,f,c
  2826   0075FA  3608               	rlcf	(___awdiv@quotient+1)^0,f,c
  2827   0075FC  5003               	movf	___awdiv@divisor^0,w,c
  2828   0075FE  5C01               	subwf	___awdiv@dividend^0,w,c
  2829   007600  5004               	movf	(___awdiv@divisor+1)^0,w,c
  2830   007602  5802               	subwfb	(___awdiv@dividend+1)^0,w,c
  2831   007604  A0D8               	btfss	status,0,c
  2832   007606  EF07  F03B         	goto	u711
  2833   00760A  EF09  F03B         	goto	u710
  2834   00760E                     u711:
  2835   00760E  EF0E  F03B         	goto	l1389
  2836   007612                     u710:
  2837   007612  5003               	movf	___awdiv@divisor^0,w,c
  2838   007614  5E01               	subwf	___awdiv@dividend^0,f,c
  2839   007616  5004               	movf	(___awdiv@divisor+1)^0,w,c
  2840   007618  5A02               	subwfb	(___awdiv@dividend+1)^0,f,c
  2841   00761A  8007               	bsf	___awdiv@quotient^0,0,c
  2842   00761C                     l1389:
  2843   00761C  90D8               	bcf	status,0,c
  2844   00761E  3204               	rrcf	(___awdiv@divisor+1)^0,f,c
  2845   007620  3203               	rrcf	___awdiv@divisor^0,f,c
  2846   007622  2E05               	decfsz	___awdiv@counter^0,f,c
  2847   007624  EFFB  F03A         	goto	l1381
  2848   007628                     l1393:
  2849   007628  5006               	movf	___awdiv@sign^0,w,c
  2850   00762A  B4D8               	btfsc	status,2,c
  2851   00762C  EF1A  F03B         	goto	u721
  2852   007630  EF1C  F03B         	goto	u720
  2853   007634                     u721:
  2854   007634  EF20  F03B         	goto	l1397
  2855   007638                     u720:
  2856   007638  6C07               	negf	___awdiv@quotient^0,c
  2857   00763A  1E08               	comf	(___awdiv@quotient+1)^0,f,c
  2858   00763C  B0D8               	btfsc	status,0,c
  2859   00763E  2A08               	incf	(___awdiv@quotient+1)^0,f,c
  2860   007640                     l1397:
  2861   007640  C007  F001         	movff	___awdiv@quotient,?___awdiv
  2862   007644  C008  F002         	movff	___awdiv@quotient+1,?___awdiv+1
  2863   007648  0012               	return		;funcret
  2864   00764A                     __end_of___awdiv:
  2865                           	callstack 0
  2866                           
  2867 ;; *************** function _lcd_init *****************
  2868 ;; Defined at:
  2869 ;;		line 46 in file "lcd.c"
  2870 ;; Parameters:    Size  Location     Type
  2871 ;;		None
  2872 ;; Auto vars:     Size  Location     Type
  2873 ;;		None
  2874 ;; Return value:  Size  Location     Type
  2875 ;;                  1    wreg      void 
  2876 ;; Registers used:
  2877 ;;		wreg, status,2, status,0, cstack
  2878 ;; Tracked objects:
  2879 ;;		On entry : 0/0
  2880 ;;		On exit  : 0/0
  2881 ;;		Unchanged: 0/0
  2882 ;; Data sizes:     COMRAM   BANK0   BANK1   BANK2   BANK3   BANK4   BANK5   BANK6   BANK7
  2883 ;;      Params:         0       0       0       0       0       0       0       0       0
  2884 ;;      Locals:         0       0       0       0       0       0       0       0       0
  2885 ;;      Temps:          1       0       0       0       0       0       0       0       0
  2886 ;;      Totals:         1       0       0       0       0       0       0       0       0
  2887 ;;Total ram usage:        1 bytes
  2888 ;; Hardware stack levels used: 1
  2889 ;; Hardware stack levels required when called: 4
  2890 ;; This function calls:
  2891 ;;		_lcd_clear
  2892 ;;		_lcd_cmd
  2893 ;;		_lcd_send_nibble
  2894 ;; This function is called by:
  2895 ;;		_main
  2896 ;; This function uses a non-reentrant model
  2897 ;;
  2898                           
  2899                           	psect	text12
  2900   0072C4                     __ptext12:
  2901                           	callstack 0
  2902   0072C4                     _lcd_init:
  2903                           	callstack 26
  2904   0072C4                     
  2905                           ;lcd.c: 47:     TRISAbits.TRISA4 = 0;
  2906   0072C4  9892               	bcf	146,4,c	;volatile
  2907                           
  2908                           ;lcd.c: 48:     TRISAbits.TRISA5 = 0;
  2909   0072C6  9A92               	bcf	146,5,c	;volatile
  2910                           
  2911                           ;lcd.c: 50:     TRISDbits.TRISD4 = 0;
  2912   0072C8  9895               	bcf	149,4,c	;volatile
  2913                           
  2914                           ;lcd.c: 51:     TRISDbits.TRISD5 = 0;
  2915   0072CA  9A95               	bcf	149,5,c	;volatile
  2916                           
  2917                           ;lcd.c: 52:     TRISDbits.TRISD6 = 0;
  2918   0072CC  9C95               	bcf	149,6,c	;volatile
  2919                           
  2920                           ;lcd.c: 53:     TRISDbits.TRISD7 = 0;
  2921   0072CE  9E95               	bcf	149,7,c	;volatile
  2922   0072D0                     
  2923                           ;lcd.c: 54:     _delay((unsigned long)((20)*(8000000/4000.0)));
  2924   0072D0  0E34               	movlw	52
  2925   0072D2  6E06               	movwf	??_lcd_init^0,c
  2926   0072D4  0EF2               	movlw	242
  2927   0072D6                     u1047:
  2928   0072D6  2EE8               	decfsz	wreg,f,c
  2929   0072D8  D7FE               	bra	u1047
  2930   0072DA  2E06               	decfsz	??_lcd_init^0,f,c
  2931   0072DC  D7FC               	bra	u1047
  2932   0072DE                     
  2933                           ;lcd.c: 56:     LATAbits.LATA4 = 0;
  2934   0072DE  9889               	bcf	137,4,c	;volatile
  2935   0072E0                     
  2936                           ;lcd.c: 57:     lcd_send_nibble(0x03); _delay((unsigned long)((5)*(8000000/4000.0)));
  2937   0072E0  0E03               	movlw	3
  2938   0072E2  ECD4  F039         	call	_lcd_send_nibble
  2939   0072E6  0E0D               	movlw	13
  2940   0072E8  6E06               	movwf	??_lcd_init^0,c
  2941   0072EA  0EFC               	movlw	252
  2942   0072EC                     u1057:
  2943   0072EC  2EE8               	decfsz	wreg,f,c
  2944   0072EE  D7FE               	bra	u1057
  2945   0072F0  2E06               	decfsz	??_lcd_init^0,f,c
  2946   0072F2  D7FC               	bra	u1057
  2947                           
  2948                           ;lcd.c: 58:     lcd_send_nibble(0x03); _delay((unsigned long)((100)*(8000000/4000000.0))
      +                          );
  2949   0072F4  0E03               	movlw	3
  2950   0072F6  ECD4  F039         	call	_lcd_send_nibble
  2951   0072FA  0E42               	movlw	66
  2952   0072FC                     u1067:
  2953   0072FC  2EE8               	decfsz	wreg,f,c
  2954   0072FE  D7FE               	bra	u1067
  2955   007300  D000               	nop2	
  2956   007302                     
  2957                           ;lcd.c: 59:     lcd_send_nibble(0x03); _delay((unsigned long)((100)*(8000000/4000000.0))
      +                          );
  2958   007302  0E03               	movlw	3
  2959   007304  ECD4  F039         	call	_lcd_send_nibble
  2960   007308  0E42               	movlw	66
  2961   00730A                     u1077:
  2962   00730A  2EE8               	decfsz	wreg,f,c
  2963   00730C  D7FE               	bra	u1077
  2964   00730E  D000               	nop2	
  2965   007310                     
  2966                           ;lcd.c: 60:     lcd_send_nibble(0x02); _delay((unsigned long)((100)*(8000000/4000000.0))
      +                          );
  2967   007310  0E02               	movlw	2
  2968   007312  ECD4  F039         	call	_lcd_send_nibble
  2969   007316  0E42               	movlw	66
  2970   007318                     u1087:
  2971   007318  2EE8               	decfsz	wreg,f,c
  2972   00731A  D7FE               	bra	u1087
  2973   00731C  D000               	nop2	
  2974                           
  2975                           ;lcd.c: 62:     lcd_cmd(0x28);
  2976   00731E  0E28               	movlw	40
  2977   007320  EC00  F039         	call	_lcd_cmd
  2978                           
  2979                           ;lcd.c: 63:     lcd_cmd(0x0C);
  2980   007324  0E0C               	movlw	12
  2981   007326  EC00  F039         	call	_lcd_cmd
  2982                           
  2983                           ;lcd.c: 64:     lcd_cmd(0x06);
  2984   00732A  0E06               	movlw	6
  2985   00732C  EC00  F039         	call	_lcd_cmd
  2986                           
  2987                           ;lcd.c: 65:     lcd_clear();
  2988   007330  ECE5  F038         	call	_lcd_clear	;wreg free
  2989   007334  0012               	return		;funcret
  2990   007336                     __end_of_lcd_init:
  2991                           	callstack 0
  2992                           
  2993 ;; *************** function _lcd_clear *****************
  2994 ;; Defined at:
  2995 ;;		line 32 in file "lcd.c"
  2996 ;; Parameters:    Size  Location     Type
  2997 ;;		None
  2998 ;; Auto vars:     Size  Location     Type
  2999 ;;		None
  3000 ;; Return value:  Size  Location     Type
  3001 ;;                  1    wreg      void 
  3002 ;; Registers used:
  3003 ;;		wreg, status,2, status,0, cstack
  3004 ;; Tracked objects:
  3005 ;;		On entry : 0/0
  3006 ;;		On exit  : 0/0
  3007 ;;		Unchanged: 0/0
  3008 ;; Data sizes:     COMRAM   BANK0   BANK1   BANK2   BANK3   BANK4   BANK5   BANK6   BANK7
  3009 ;;      Params:         0       0       0       0       0       0       0       0       0
  3010 ;;      Locals:         0       0       0       0       0       0       0       0       0
  3011 ;;      Temps:          1       0       0       0       0       0       0       0       0
  3012 ;;      Totals:         1       0       0       0       0       0       0       0       0
  3013 ;;Total ram usage:        1 bytes
  3014 ;; Hardware stack levels used: 1
  3015 ;; Hardware stack levels required when called: 3
  3016 ;; This function calls:
  3017 ;;		_lcd_cmd
  3018 ;; This function is called by:
  3019 ;;		_set_status
  3020 ;;		_get_valid_input
  3021 ;;		_count_update_screen
  3022 ;;		_loop
  3023 ;;		_lcd_init
  3024 ;; This function uses a non-reentrant model
  3025 ;;
  3026                           
  3027                           	psect	text13
  3028   0071CA                     __ptext13:
  3029                           	callstack 0
  3030   0071CA                     _lcd_clear:
  3031                           	callstack 25
  3032   0071CA                     
  3033                           ;lcd.c: 33:     lcd_cmd(0x01);
  3034   0071CA  0E01               	movlw	1
  3035   0071CC  EC00  F039         	call	_lcd_cmd
  3036   0071D0                     
  3037                           ;lcd.c: 34:     _delay((unsigned long)((2)*(8000000/4000.0)));
  3038   0071D0  0E06               	movlw	6
  3039   0071D2  6E05               	movwf	??_lcd_clear^0,c
  3040   0071D4  0E30               	movlw	48
  3041   0071D6                     u1097:
  3042   0071D6  2EE8               	decfsz	wreg,f,c
  3043   0071D8  D7FE               	bra	u1097
  3044   0071DA  2E05               	decfsz	??_lcd_clear^0,f,c
  3045   0071DC  D7FC               	bra	u1097
  3046   0071DE  D000               	nop2	
  3047   0071E0  0012               	return		;funcret
  3048   0071E2                     __end_of_lcd_clear:
  3049                           	callstack 0
  3050                           
  3051 ;; *************** function _lcd_cmd *****************
  3052 ;; Defined at:
  3053 ;;		line 18 in file "lcd.c"
  3054 ;; Parameters:    Size  Location     Type
  3055 ;;  cmd             1    wreg     unsigned char 
  3056 ;; Auto vars:     Size  Location     Type
  3057 ;;  cmd             1    3[COMRAM] unsigned char 
  3058 ;; Return value:  Size  Location     Type
  3059 ;;                  1    wreg      void 
  3060 ;; Registers used:
  3061 ;;		wreg, status,2, status,0, cstack
  3062 ;; Tracked objects:
  3063 ;;		On entry : 0/0
  3064 ;;		On exit  : 0/0
  3065 ;;		Unchanged: 0/0
  3066 ;; Data sizes:     COMRAM   BANK0   BANK1   BANK2   BANK3   BANK4   BANK5   BANK6   BANK7
  3067 ;;      Params:         0       0       0       0       0       0       0       0       0
  3068 ;;      Locals:         1       0       0       0       0       0       0       0       0
  3069 ;;      Temps:          1       0       0       0       0       0       0       0       0
  3070 ;;      Totals:         2       0       0       0       0       0       0       0       0
  3071 ;;Total ram usage:        2 bytes
  3072 ;; Hardware stack levels used: 1
  3073 ;; Hardware stack levels required when called: 2
  3074 ;; This function calls:
  3075 ;;		_lcd_send_nibble
  3076 ;; This function is called by:
  3077 ;;		_get_valid_input
  3078 ;;		_lcd_clear
  3079 ;;		_lcd_set_cursor
  3080 ;;		_lcd_init
  3081 ;; This function uses a non-reentrant model
  3082 ;;
  3083                           
  3084                           	psect	text14
  3085   007200                     __ptext14:
  3086                           	callstack 0
  3087   007200                     _lcd_cmd:
  3088                           	callstack 25
  3089                           
  3090                           ;incstack = 0
  3091                           ;lcd_cmd@cmd stored from wreg
  3092   007200  6E04               	movwf	lcd_cmd@cmd^0,c
  3093   007202                     
  3094                           ;lcd.c: 19:     LATAbits.LATA4 = 0;
  3095   007202  9889               	bcf	137,4,c	;volatile
  3096   007204                     
  3097                           ;lcd.c: 20:     lcd_send_nibble(cmd >> 4);
  3098   007204  3804               	swapf	lcd_cmd@cmd^0,w,c
  3099   007206  0B0F               	andlw	15
  3100   007208  ECD4  F039         	call	_lcd_send_nibble
  3101                           
  3102                           ;lcd.c: 21:     lcd_send_nibble(cmd & 0x0F);
  3103   00720C  5004               	movf	lcd_cmd@cmd^0,w,c
  3104   00720E  0B0F               	andlw	15
  3105   007210  ECD4  F039         	call	_lcd_send_nibble
  3106   007214                     
  3107                           ;lcd.c: 22:     _delay((unsigned long)((2)*(8000000/4000.0)));
  3108   007214  0E06               	movlw	6
  3109   007216  6E03               	movwf	??_lcd_cmd^0,c
  3110   007218  0E30               	movlw	48
  3111   00721A                     u1107:
  3112   00721A  2EE8               	decfsz	wreg,f,c
  3113   00721C  D7FE               	bra	u1107
  3114   00721E  2E03               	decfsz	??_lcd_cmd^0,f,c
  3115   007220  D7FC               	bra	u1107
  3116   007222  D000               	nop2	
  3117   007224  0012               	return		;funcret
  3118   007226                     __end_of_lcd_cmd:
  3119                           	callstack 0
  3120                           
  3121 ;; *************** function _lcd_send_nibble *****************
  3122 ;; Defined at:
  3123 ;;		line 10 in file "lcd.c"
  3124 ;; Parameters:    Size  Location     Type
  3125 ;;  nibble          1    wreg     unsigned char 
  3126 ;; Auto vars:     Size  Location     Type
  3127 ;;  nibble          1    1[COMRAM] unsigned char 
  3128 ;; Return value:  Size  Location     Type
  3129 ;;                  1    wreg      void 
  3130 ;; Registers used:
  3131 ;;		wreg, status,2, status,0, cstack
  3132 ;; Tracked objects:
  3133 ;;		On entry : 0/0
  3134 ;;		On exit  : 0/0
  3135 ;;		Unchanged: 0/0
  3136 ;; Data sizes:     COMRAM   BANK0   BANK1   BANK2   BANK3   BANK4   BANK5   BANK6   BANK7
  3137 ;;      Params:         0       0       0       0       0       0       0       0       0
  3138 ;;      Locals:         1       0       0       0       0       0       0       0       0
  3139 ;;      Temps:          1       0       0       0       0       0       0       0       0
  3140 ;;      Totals:         2       0       0       0       0       0       0       0       0
  3141 ;;Total ram usage:        2 bytes
  3142 ;; Hardware stack levels used: 1
  3143 ;; Hardware stack levels required when called: 1
  3144 ;; This function calls:
  3145 ;;		_lcd_pulse
  3146 ;; This function is called by:
  3147 ;;		_lcd_cmd
  3148 ;;		_lcd_data
  3149 ;;		_lcd_init
  3150 ;; This function uses a non-reentrant model
  3151 ;;
  3152                           
  3153                           	psect	text15
  3154   0073A8                     __ptext15:
  3155                           	callstack 0
  3156   0073A8                     _lcd_send_nibble:
  3157                           	callstack 25
  3158                           
  3159                           ;incstack = 0
  3160                           ;lcd_send_nibble@nibble stored from wreg
  3161   0073A8  6E02               	movwf	lcd_send_nibble@nibble^0,c
  3162   0073AA                     
  3163                           ;lcd.c: 11:     LATDbits.LATD4 = (nibble >> 0) & 1;
  3164   0073AA  C002  F001         	movff	lcd_send_nibble@nibble,??_lcd_send_nibble
  3165   0073AE  0E01               	movlw	1
  3166   0073B0  1601               	andwf	??_lcd_send_nibble^0,f,c
  3167   0073B2  3A01               	swapf	??_lcd_send_nibble^0,f,c
  3168   0073B4  508C               	movf	140,w,c	;volatile
  3169   0073B6  1801               	xorwf	??_lcd_send_nibble^0,w,c
  3170   0073B8  0BEF               	andlw	-17
  3171   0073BA  1801               	xorwf	??_lcd_send_nibble^0,w,c
  3172   0073BC  6E8C               	movwf	140,c	;volatile
  3173                           
  3174                           ;lcd.c: 12:     LATDbits.LATD5 = (nibble >> 1) & 1;
  3175   0073BE  C002  F001         	movff	lcd_send_nibble@nibble,??_lcd_send_nibble
  3176   0073C2  90D8               	bcf	status,0,c
  3177   0073C4  3201               	rrcf	??_lcd_send_nibble^0,f,c
  3178   0073C6  0E01               	movlw	1
  3179   0073C8  1601               	andwf	??_lcd_send_nibble^0,f,c
  3180   0073CA  3A01               	swapf	??_lcd_send_nibble^0,f,c
  3181   0073CC  4601               	rlncf	??_lcd_send_nibble^0,f,c
  3182   0073CE  508C               	movf	140,w,c	;volatile
  3183   0073D0  1801               	xorwf	??_lcd_send_nibble^0,w,c
  3184   0073D2  0BDF               	andlw	-33
  3185   0073D4  1801               	xorwf	??_lcd_send_nibble^0,w,c
  3186   0073D6  6E8C               	movwf	140,c	;volatile
  3187                           
  3188                           ;lcd.c: 13:     LATDbits.LATD6 = (nibble >> 2) & 1;
  3189   0073D8  C002  F001         	movff	lcd_send_nibble@nibble,??_lcd_send_nibble
  3190   0073DC  90D8               	bcf	status,0,c
  3191   0073DE  3201               	rrcf	??_lcd_send_nibble^0,f,c
  3192   0073E0  90D8               	bcf	status,0,c
  3193   0073E2  3201               	rrcf	??_lcd_send_nibble^0,f,c
  3194   0073E4  0E01               	movlw	1
  3195   0073E6  1601               	andwf	??_lcd_send_nibble^0,f,c
  3196   0073E8  3A01               	swapf	??_lcd_send_nibble^0,f,c
  3197   0073EA  4601               	rlncf	??_lcd_send_nibble^0,f,c
  3198   0073EC  4601               	rlncf	??_lcd_send_nibble^0,f,c
  3199   0073EE  508C               	movf	140,w,c	;volatile
  3200   0073F0  1801               	xorwf	??_lcd_send_nibble^0,w,c
  3201   0073F2  0BBF               	andlw	-65
  3202   0073F4  1801               	xorwf	??_lcd_send_nibble^0,w,c
  3203   0073F6  6E8C               	movwf	140,c	;volatile
  3204                           
  3205                           ;lcd.c: 14:     LATDbits.LATD7 = (nibble >> 3) & 1;
  3206   0073F8  C002  F001         	movff	lcd_send_nibble@nibble,??_lcd_send_nibble
  3207   0073FC  90D8               	bcf	status,0,c
  3208   0073FE  3201               	rrcf	??_lcd_send_nibble^0,f,c
  3209   007400  90D8               	bcf	status,0,c
  3210   007402  3201               	rrcf	??_lcd_send_nibble^0,f,c
  3211   007404  90D8               	bcf	status,0,c
  3212   007406  3201               	rrcf	??_lcd_send_nibble^0,f,c
  3213   007408  0E01               	movlw	1
  3214   00740A  1601               	andwf	??_lcd_send_nibble^0,f,c
  3215   00740C  3201               	rrcf	??_lcd_send_nibble^0,f,c
  3216   00740E  3201               	rrcf	??_lcd_send_nibble^0,f,c
  3217   007410  508C               	movf	140,w,c	;volatile
  3218   007412  1801               	xorwf	??_lcd_send_nibble^0,w,c
  3219   007414  0B7F               	andlw	-129
  3220   007416  1801               	xorwf	??_lcd_send_nibble^0,w,c
  3221   007418  6E8C               	movwf	140,c	;volatile
  3222   00741A                     
  3223                           ;lcd.c: 15:     lcd_pulse();
  3224   00741A  ECDD  F038         	call	_lcd_pulse	;wreg free
  3225   00741E  0012               	return		;funcret
  3226   007420                     __end_of_lcd_send_nibble:
  3227                           	callstack 0
  3228                           
  3229 ;; *************** function _lcd_pulse *****************
  3230 ;; Defined at:
  3231 ;;		line 5 in file "lcd.c"
  3232 ;; Parameters:    Size  Location     Type
  3233 ;;		None
  3234 ;; Auto vars:     Size  Location     Type
  3235 ;;		None
  3236 ;; Return value:  Size  Location     Type
  3237 ;;                  1    wreg      void 
  3238 ;; Registers used:
  3239 ;;		wreg
  3240 ;; Tracked objects:
  3241 ;;		On entry : 0/0
  3242 ;;		On exit  : 0/0
  3243 ;;		Unchanged: 0/0
  3244 ;; Data sizes:     COMRAM   BANK0   BANK1   BANK2   BANK3   BANK4   BANK5   BANK6   BANK7
  3245 ;;      Params:         0       0       0       0       0       0       0       0       0
  3246 ;;      Locals:         0       0       0       0       0       0       0       0       0
  3247 ;;      Temps:          0       0       0       0       0       0       0       0       0
  3248 ;;      Totals:         0       0       0       0       0       0       0       0       0
  3249 ;;Total ram usage:        0 bytes
  3250 ;; Hardware stack levels used: 1
  3251 ;; This function calls:
  3252 ;;		Nothing
  3253 ;; This function is called by:
  3254 ;;		_lcd_send_nibble
  3255 ;; This function uses a non-reentrant model
  3256 ;;
  3257                           
  3258                           	psect	text16
  3259   0071BA                     __ptext16:
  3260                           	callstack 0
  3261   0071BA                     _lcd_pulse:
  3262                           	callstack 25
  3263   0071BA                     
  3264                           ;lcd.c: 6:     LATAbits.LATA5 = 1; _delay((unsigned long)((1)*(8000000/4000000.0)));
  3265   0071BA  8A89               	bsf	137,5,c	;volatile
  3266   0071BC  D000               	nop2		;2 cycle nop
  3267                           
  3268                           ;lcd.c: 7:     LATAbits.LATA5 = 0; _delay((unsigned long)((100)*(8000000/4000000.0)));
  3269   0071BE  9A89               	bcf	137,5,c	;volatile
  3270   0071C0  0E42               	movlw	66
  3271   0071C2                     u1117:
  3272   0071C2  2EE8               	decfsz	wreg,f,c
  3273   0071C4  D7FE               	bra	u1117
  3274   0071C6  D000               	nop2	
  3275   0071C8  0012               	return		;funcret
  3276   0071CA                     __end_of_lcd_pulse:
  3277                           	callstack 0
  3278                           
  3279 ;; *************** function _keypad_init *****************
  3280 ;; Defined at:
  3281 ;;		line 11 in file "keypad.c"
  3282 ;; Parameters:    Size  Location     Type
  3283 ;;		None
  3284 ;; Auto vars:     Size  Location     Type
  3285 ;;		None
  3286 ;; Return value:  Size  Location     Type
  3287 ;;                  1    wreg      void 
  3288 ;; Registers used:
  3289 ;;		wreg, status,2
  3290 ;; Tracked objects:
  3291 ;;		On entry : 0/0
  3292 ;;		On exit  : 0/0
  3293 ;;		Unchanged: 0/0
  3294 ;; Data sizes:     COMRAM   BANK0   BANK1   BANK2   BANK3   BANK4   BANK5   BANK6   BANK7
  3295 ;;      Params:         0       0       0       0       0       0       0       0       0
  3296 ;;      Locals:         0       0       0       0       0       0       0       0       0
  3297 ;;      Temps:          0       0       0       0       0       0       0       0       0
  3298 ;;      Totals:         0       0       0       0       0       0       0       0       0
  3299 ;;Total ram usage:        0 bytes
  3300 ;; Hardware stack levels used: 1
  3301 ;; This function calls:
  3302 ;;		Nothing
  3303 ;; This function is called by:
  3304 ;;		_main
  3305 ;; This function uses a non-reentrant model
  3306 ;;
  3307                           
  3308                           	psect	text17
  3309   0071B0                     __ptext17:
  3310                           	callstack 0
  3311   0071B0                     _keypad_init:
  3312                           	callstack 30
  3313   0071B0                     
  3314                           ;keypad.c: 12:     TRISB = 0xF0;
  3315   0071B0  0EF0               	movlw	240
  3316   0071B2  6E93               	movwf	147,c	;volatile
  3317                           
  3318                           ;keypad.c: 13:     LATB = 0x0F;
  3319   0071B4  0E0F               	movlw	15
  3320   0071B6  6E8A               	movwf	138,c	;volatile
  3321   0071B8  0012               	return		;funcret
  3322   0071BA                     __end_of_keypad_init:
  3323                           	callstack 0
  3324                           
  3325                           	psect	rparam
  3326   000001                     ___rparam_used  equ	1
  3327   000000                     ___param_bank   equ	0
  3328   000000                     __Lparam        equ	__Lrparam
  3329   000000                     __Hparam        equ	__Hrparam
  3330                           
  3331                           	psect	idloc
  3332                           
  3333                           ;Config register IDLOC0 @ 0x200000
  3334                           ;	unspecified, using default values
  3335   200000                     	org	2097152
  3336   200000  FF                 	db	255
  3337                           
  3338                           ;Config register IDLOC1 @ 0x200001
  3339                           ;	unspecified, using default values
  3340   200001                     	org	2097153
  3341   200001  FF                 	db	255
  3342                           
  3343                           ;Config register IDLOC2 @ 0x200002
  3344                           ;	unspecified, using default values
  3345   200002                     	org	2097154
  3346   200002  FF                 	db	255
  3347                           
  3348                           ;Config register IDLOC3 @ 0x200003
  3349                           ;	unspecified, using default values
  3350   200003                     	org	2097155
  3351   200003  FF                 	db	255
  3352                           
  3353                           ;Config register IDLOC4 @ 0x200004
  3354                           ;	unspecified, using default values
  3355   200004                     	org	2097156
  3356   200004  FF                 	db	255
  3357                           
  3358                           ;Config register IDLOC5 @ 0x200005
  3359                           ;	unspecified, using default values
  3360   200005                     	org	2097157
  3361   200005  FF                 	db	255
  3362                           
  3363                           ;Config register IDLOC6 @ 0x200006
  3364                           ;	unspecified, using default values
  3365   200006                     	org	2097158
  3366   200006  FF                 	db	255
  3367                           
  3368                           ;Config register IDLOC7 @ 0x200007
  3369                           ;	unspecified, using default values
  3370   200007                     	org	2097159
  3371   200007  FF                 	db	255
  3372                           
  3373                           	psect	config
  3374                           
  3375                           ;Config register CONFIG1L @ 0x300000
  3376                           ;	unspecified, using default values
  3377                           ;	PLL Prescaler Selection bits
  3378                           ;	PLLDIV = 0x0, unprogrammed default
  3379                           ;	System Clock Postscaler Selection bits
  3380                           ;	CPUDIV = 0x0, unprogrammed default
  3381                           ;	USB Clock Selection bit (used in Full-Speed USB mode only; UCFG:FSEN = 1)
  3382                           ;	USBDIV = 0x0, unprogrammed default
  3383   300000                     	org	3145728
  3384   300000  00                 	db	0
  3385                           
  3386                           ;Config register CONFIG1H @ 0x300001
  3387                           ;	Oscillator Selection bits
  3388                           ;	FOSC = INTOSCIO_EC, Internal oscillator, port function on RA6, EC used by USB (INTIO)
  3389                           ;	Fail-Safe Clock Monitor Enable bit
  3390                           ;	FCMEN = 0x0, unprogrammed default
  3391                           ;	Internal/External Oscillator Switchover bit
  3392                           ;	IESO = 0x0, unprogrammed default
  3393   300001                     	org	3145729
  3394   300001  08                 	db	8
  3395                           
  3396                           ;Config register CONFIG2L @ 0x300002
  3397                           ;	Power-up Timer Enable bit
  3398                           ;	PWRT = ON, PWRT enabled
  3399                           ;	Brown-out Reset Enable bits
  3400                           ;	BOR = 0x3, unprogrammed default
  3401                           ;	Brown-out Reset Voltage bits
  3402                           ;	BORV = 0x3, unprogrammed default
  3403                           ;	USB Voltage Regulator Enable bit
  3404                           ;	VREGEN = 0x0, unprogrammed default
  3405   300002                     	org	3145730
  3406   300002  1E                 	db	30
  3407                           
  3408                           ;Config register CONFIG2H @ 0x300003
  3409                           ;	Watchdog Timer Enable bit
  3410                           ;	WDT = OFF, WDT disabled (control is placed on the SWDTEN bit)
  3411                           ;	Watchdog Timer Postscale Select bits
  3412                           ;	WDTPS = 0xF, unprogrammed default
  3413   300003                     	org	3145731
  3414   300003  1E                 	db	30
  3415                           
  3416                           ; Padding undefined space
  3417   300004                     	org	3145732
  3418   300004  FF                 	db	255
  3419                           
  3420                           ;Config register CONFIG3H @ 0x300005
  3421                           ;	CCP2 MUX bit
  3422                           ;	CCP2MX = 0x1, unprogrammed default
  3423                           ;	PORTB A/D Enable bit
  3424                           ;	PBADEN = OFF, PORTB<4:0> pins are configured as digital I/O on Reset
  3425                           ;	Low-Power Timer 1 Oscillator Enable bit
  3426                           ;	LPT1OSC = 0x0, unprogrammed default
  3427                           ;	MCLR Pin Enable bit
  3428                           ;	MCLRE = ON, MCLR pin enabled; RE3 input pin disabled
  3429   300005                     	org	3145733
  3430   300005  81                 	db	129
  3431                           
  3432                           ;Config register CONFIG4L @ 0x300006
  3433                           ;	Stack Full/Underflow Reset Enable bit
  3434                           ;	STVREN = 0x1, unprogrammed default
  3435                           ;	Single-Supply ICSP Enable bit
  3436                           ;	LVP = OFF, Single-Supply ICSP disabled
  3437                           ;	Dedicated In-Circuit Debug/Programming Port (ICPORT) Enable bit
  3438                           ;	ICPRT = 0x0, unprogrammed default
  3439                           ;	Extended Instruction Set Enable bit
  3440                           ;	XINST = 0x0, unprogrammed default
  3441                           ;	Background Debugger Enable bit
  3442                           ;	DEBUG = 0x1, unprogrammed default
  3443   300006                     	org	3145734
  3444   300006  81                 	db	129
  3445                           
  3446                           ; Padding undefined space
  3447   300007                     	org	3145735
  3448   300007  FF                 	db	255
  3449                           
  3450                           ;Config register CONFIG5L @ 0x300008
  3451                           ;	unspecified, using default values
  3452                           ;	Code Protection bit
  3453                           ;	CP0 = 0x1, unprogrammed default
  3454                           ;	Code Protection bit
  3455                           ;	CP1 = 0x1, unprogrammed default
  3456                           ;	Code Protection bit
  3457                           ;	CP2 = 0x1, unprogrammed default
  3458                           ;	Code Protection bit
  3459                           ;	CP3 = 0x1, unprogrammed default
  3460   300008                     	org	3145736
  3461   300008  0F                 	db	15
  3462                           
  3463                           ;Config register CONFIG5H @ 0x300009
  3464                           ;	unspecified, using default values
  3465                           ;	Boot Block Code Protection bit
  3466                           ;	CPB = 0x1, unprogrammed default
  3467                           ;	Data EEPROM Code Protection bit
  3468                           ;	CPD = 0x1, unprogrammed default
  3469   300009                     	org	3145737
  3470   300009  C0                 	db	192
  3471                           
  3472                           ;Config register CONFIG6L @ 0x30000A
  3473                           ;	unspecified, using default values
  3474                           ;	Write Protection bit
  3475                           ;	WRT0 = 0x1, unprogrammed default
  3476                           ;	Write Protection bit
  3477                           ;	WRT1 = 0x1, unprogrammed default
  3478                           ;	Write Protection bit
  3479                           ;	WRT2 = 0x1, unprogrammed default
  3480                           ;	Write Protection bit
  3481                           ;	WRT3 = 0x1, unprogrammed default
  3482   30000A                     	org	3145738
  3483   30000A  0F                 	db	15
  3484                           
  3485                           ;Config register CONFIG6H @ 0x30000B
  3486                           ;	unspecified, using default values
  3487                           ;	Configuration Register Write Protection bit
  3488                           ;	WRTC = 0x1, unprogrammed default
  3489                           ;	Boot Block Write Protection bit
  3490                           ;	WRTB = 0x1, unprogrammed default
  3491                           ;	Data EEPROM Write Protection bit
  3492                           ;	WRTD = 0x1, unprogrammed default
  3493   30000B                     	org	3145739
  3494   30000B  E0                 	db	224
  3495                           
  3496                           ;Config register CONFIG7L @ 0x30000C
  3497                           ;	unspecified, using default values
  3498                           ;	Table Read Protection bit
  3499                           ;	EBTR0 = 0x1, unprogrammed default
  3500                           ;	Table Read Protection bit
  3501                           ;	EBTR1 = 0x1, unprogrammed default
  3502                           ;	Table Read Protection bit
  3503                           ;	EBTR2 = 0x1, unprogrammed default
  3504                           ;	Table Read Protection bit
  3505                           ;	EBTR3 = 0x1, unprogrammed default
  3506   30000C                     	org	3145740
  3507   30000C  0F                 	db	15
  3508                           
  3509                           ;Config register CONFIG7H @ 0x30000D
  3510                           ;	unspecified, using default values
  3511                           ;	Boot Block Table Read Protection bit
  3512                           ;	EBTRB = 0x1, unprogrammed default
  3513   30000D                     	org	3145741
  3514   30000D  40                 	db	64
  3515                           tosu	equ	0xFFF
  3516                           tosh	equ	0xFFE
  3517                           tosl	equ	0xFFD
  3518                           stkptr	equ	0xFFC
  3519                           pclatu	equ	0xFFB
  3520                           pclath	equ	0xFFA
  3521                           pcl	equ	0xFF9
  3522                           tblptru	equ	0xFF8
  3523                           tblptrh	equ	0xFF7
  3524                           tblptrl	equ	0xFF6
  3525                           tablat	equ	0xFF5
  3526                           prodh	equ	0xFF4
  3527                           prodl	equ	0xFF3
  3528                           indf0	equ	0xFEF
  3529                           postinc0	equ	0xFEE
  3530                           postdec0	equ	0xFED
  3531                           preinc0	equ	0xFEC
  3532                           plusw0	equ	0xFEB
  3533                           fsr0h	equ	0xFEA
  3534                           fsr0l	equ	0xFE9
  3535                           wreg	equ	0xFE8
  3536                           indf1	equ	0xFE7
  3537                           postinc1	equ	0xFE6
  3538                           postdec1	equ	0xFE5
  3539                           preinc1	equ	0xFE4
  3540                           plusw1	equ	0xFE3
  3541                           fsr1h	equ	0xFE2
  3542                           fsr1l	equ	0xFE1
  3543                           bsr	equ	0xFE0
  3544                           indf2	equ	0xFDF
  3545                           postinc2	equ	0xFDE
  3546                           postdec2	equ	0xFDD
  3547                           preinc2	equ	0xFDC
  3548                           plusw2	equ	0xFDB
  3549                           fsr2h	equ	0xFDA
  3550                           fsr2l	equ	0xFD9
  3551                           status	equ	0xFD8

Data Sizes:
    Strings     207
    Constant    16
    Data        2
    BSS         8
    Persistent  0
    Stack       0

Auto Spaces:
    Space          Size  Autos    Used
    COMRAM           95     24      34
    BANK0           160      0       0
    BANK1           256      0       0
    BANK2           256      0       0
    BANK3           239      0       0
    BANK4           256      0       0
    BANK5           256      0       0
    BANK6           256      0       0
    BANK7           256      0       0

Pointer List with Targets:

    atoi@s	PTR const unsigned char  size(1) Largest target is 3
		 -> get_valid_input@buffer(COMRAM[3]), 

    lcd_write@str	PTR const unsigned char  size(2) Largest target is 18
		 -> STR_10(CODE[17]), STR_13(CODE[15]), STR_14(CODE[12]), STR_17(CODE[10]), 
		 -> STR_18(CODE[8]), STR_27(CODE[18]), STR_28(CODE[15]), STR_29(CODE[13]), 
		 -> STR_30(CODE[17]), STR_8(CODE[17]), STR_9(CODE[17]), 

    set_status@new_status	PTR unsigned char  size(2) Largest target is 15
		 -> STR_11(CODE[6]), STR_12(CODE[11]), STR_15(CODE[4]), STR_16(CODE[15]), 
		 -> STR_19(CODE[4]), STR_20(CODE[6]), STR_21(CODE[4]), STR_23(CODE[4]), 
		 -> STR_24(CODE[15]), STR_26(CODE[10]), 

    status	PTR unsigned char  size(2) Largest target is 15
		 -> STR_1(CODE[8]), STR_11(CODE[6]), STR_12(CODE[11]), STR_15(CODE[4]), 
		 -> STR_16(CODE[15]), STR_19(CODE[4]), STR_20(CODE[6]), STR_21(CODE[4]), 
		 -> STR_23(CODE[4]), STR_24(CODE[15]), STR_26(CODE[10]), 


Critical Paths under _main in COMRAM

    _main->_loop
    _loop->_get_valid_input
    _get_valid_input->_set_status
    _set_status->_lcd_set_cursor
    _count_update_screen->_lcd_set_cursor
    _lcd_write->_lcd_data
    _lcd_data->_lcd_send_nibble
    _lcd_set_cursor->_lcd_cmd
    _lcd_init->_lcd_clear
    _lcd_clear->_lcd_cmd
    _lcd_cmd->_lcd_send_nibble

Critical Paths under _main in BANK0

    None.

Critical Paths under _main in BANK1

    None.

Critical Paths under _main in BANK2

    None.

Critical Paths under _main in BANK3

    None.

Critical Paths under _main in BANK4

    None.

Critical Paths under _main in BANK5

    None.

Critical Paths under _main in BANK6

    None.

Critical Paths under _main in BANK7

    None.

Call Graph Tables:

 ---------------------------------------------------------------------------------
 (Depth) Function   	        Calls       Base Space   Used Autos Params    Refs
 ---------------------------------------------------------------------------------
 (0) _main                                                 2     2      0    7038
                                             22 COMRAM     2     2      0
                        _keypad_init
                           _lcd_init
                     _lcd_set_cursor
                          _lcd_write
                               _loop
 ---------------------------------------------------------------------------------
 (1) _loop                                                 1     1      0    6036
                                             21 COMRAM     1     1      0
                _count_update_screen
                    _get_valid_input
                     _keypad_get_key
                          _lcd_clear
                     _lcd_set_cursor
                          _lcd_write
                         _set_status
 ---------------------------------------------------------------------------------
 (2) _get_valid_input                                     10    10      0    2734
                                             11 COMRAM    10    10      0
                               _atoi
                     _keypad_get_key
                          _lcd_clear
                            _lcd_cmd
                           _lcd_data
                     _lcd_set_cursor
                          _lcd_write
                         _set_status
 ---------------------------------------------------------------------------------
 (2) _set_status                                           2     0      2     876
                                              9 COMRAM     2     0      2
                          _lcd_clear
                     _lcd_set_cursor
                          _lcd_write
 ---------------------------------------------------------------------------------
 (2) _keypad_get_key                                       4     4      0     135
                                              0 COMRAM     4     4      0
 ---------------------------------------------------------------------------------
 (3) _atoi                                                 8     6      2     229
                                              0 COMRAM     8     6      2
 ---------------------------------------------------------------------------------
 (2) _count_update_screen                                  0     0      0    1490
                            ___awdiv
                            ___awmod
                          _lcd_clear
                           _lcd_data
                     _lcd_set_cursor
                          _lcd_write
 ---------------------------------------------------------------------------------
 (3) _lcd_write                                            2     0      2     230
                                              3 COMRAM     2     0      2
                           _lcd_data
 ---------------------------------------------------------------------------------
 (4) _lcd_data                                             1     1      0     174
                                              2 COMRAM     1     1      0
                    _lcd_send_nibble
 ---------------------------------------------------------------------------------
 (3) _lcd_set_cursor                                       5     4      1     308
                                              4 COMRAM     5     4      1
                            _lcd_cmd
 ---------------------------------------------------------------------------------
 (3) ___awmod                                              6     2      4     300
                                              0 COMRAM     6     2      4
 ---------------------------------------------------------------------------------
 (3) ___awdiv                                              8     4      4     304
                                              0 COMRAM     8     4      4
 ---------------------------------------------------------------------------------
 (1) _lcd_init                                             1     1      0     464
                                              5 COMRAM     1     1      0
                          _lcd_clear
                            _lcd_cmd
                    _lcd_send_nibble
 ---------------------------------------------------------------------------------
 (3) _lcd_clear                                            1     1      0     174
                                              4 COMRAM     1     1      0
                            _lcd_cmd
 ---------------------------------------------------------------------------------
 (4) _lcd_cmd                                              2     2      0     174
                                              2 COMRAM     2     2      0
                    _lcd_send_nibble
 ---------------------------------------------------------------------------------
 (5) _lcd_send_nibble                                      2     2      0     116
                                              0 COMRAM     2     2      0
                          _lcd_pulse
 ---------------------------------------------------------------------------------
 (6) _lcd_pulse                                            0     0      0       0
 ---------------------------------------------------------------------------------
 (1) _keypad_init                                          0     0      0       0
 ---------------------------------------------------------------------------------
 Estimated maximum stack depth 6
 ---------------------------------------------------------------------------------

 Call Graph Graphs:

 _main (ROOT)
   _keypad_init
   _lcd_init
     _lcd_clear
       _lcd_cmd
         _lcd_send_nibble
           _lcd_pulse
     _lcd_cmd
     _lcd_send_nibble
   _lcd_set_cursor
     _lcd_cmd
   _lcd_write
     _lcd_data
       _lcd_send_nibble
   _loop
     _count_update_screen
       ___awdiv
       ___awmod
       _lcd_clear
       _lcd_data
       _lcd_set_cursor
       _lcd_write
     _get_valid_input
       _atoi
       _keypad_get_key
       _lcd_clear
       _lcd_cmd
       _lcd_data
       _lcd_set_cursor
       _lcd_write
       _set_status
         _lcd_clear
         _lcd_set_cursor
         _lcd_write
     _keypad_get_key
     _lcd_clear
     _lcd_set_cursor
     _lcd_write
     _set_status

Address spaces:
Name               Size   Autos  Total    Usage
BIGRAM_1          1024      0       0      0.0%
BIGRAM            1006      0       0      0.0%
BITBANK7           256      0       0      0.0%
BANK7              256      0       0      0.0%
BITBANK6           256      0       0      0.0%
BANK6              256      0       0      0.0%
BITBANK5           256      0       0      0.0%
BANK5              256      0       0      0.0%
BITBANK4           256      0       0      0.0%
BANK4              256      0       0      0.0%
BITBANK2           256      0       0      0.0%
BANK2              256      0       0      0.0%
BITBANK1           256      0       0      0.0%
BANK1              256      0       0      0.0%
BITBANK3           239      0       0      0.0%
BANK3              239      0       0      0.0%
BITBANK0           160      0       0      0.0%
BANK0              160      0       0      0.0%
BITCOMRAM           95      0       0      0.0%
COMRAM              95     24      34     35.8%
BITBIGSFR_1         54      0       0      0.0%
BITBIGSFRll         33      0       0      0.0%
BITBIGSFRh          18      0       0      0.0%
BITBIGSFR_5         12      0       0      0.0%
BITBIGSFRlh          7      0       0      0.0%
BITBIGSFR_2          6      0       0      0.0%
BITBIGSFR_4          3      0       0      0.0%
BITBIGSFR_3          3      0       0      0.0%
STACK                0      0       0      0.0%
DATA                 0      0      34      0.0%


Microchip Technology PIC18 Macro Assembler V3.00 build 20241204225717 
Symbol Table                                                                                   Thu Jul 24 16:18:08 2025

               lcd_data@data 0003                           l61 7C58                           l53 7A8C  
                         l71 7586                           l48 7728                           l56 7C54  
                         l80 79EE                           l74 7928                           l95 733A  
                         l98 73A4                           u90 773C                           u91 7738  
               ___awdiv@sign 0006                          l111 71C8                          l120 71FE  
                        l114 741E                          l130 72C2                          l123 71E0  
                        l117 7224                          l152 71B8                          l136 7288  
                        l410 74CC                          l139 7334                          l163 781A  
                        l397 7648                          l850 791E                          l931 7740  
                        l853 7926                          l941 7768                          l933 775E  
                        l925 772A                          l935 7766                          l927 772C  
                        l945 7798                          l953 7800                          l961 7818  
                        l955 7802                          l947 77C8                          l957 7812  
                        l949 77D8                          u120 7798                          u104 7752  
                        u121 7794                          u105 774E                          u114 777E  
                        u115 777A                          u140 77C8                          u141 77C4  
                        u150 7812                          u134 77AE                          u151 780E  
                        u135 77AA                          u600 76F6                          u601 76F2  
                        u530 729C                          u610 7844                          u531 7298  
                        u611 7840                          u700 75F6                          u540 7288  
                        u620 7862                          u701 75F2                          u541 7284  
                        u621 785E                          u710 7612                          u630 787A  
                        u550 766A                          u711 760E                          u631 7876  
                        u551 7666                          u720 7638                          u640 789C  
                        u560 7686                          u800 7ADA                          u721 7634  
                        u641 7898                          u561 7682                          u801 7AD6  
                        u730 7430                          u650 78F2                          u570 76A2  
                        u810 7AF6                          u731 742C                          u651 78EE  
                        u571 769E                          u811 7AF2                          u740 744A  
                        u660 7902                          u580 76BE                          u820 7B22  
                        u900 79A2                          u741 7446                          u661 78FE  
                        u581 76BA                          u821 7B1E                          u901 799E  
                        u670 7598                          u750 7464                          u590 76DA  
                        u830 7B3C                          u910 79BA                          u671 7594  
                        u751 7460                          u591 76D6                          u831 7B38  
                        u911 79B6                          u680 75B2                          u760 7482  
                        u840 7B72                          u920 79DE                          u681 75AE  
                        u761 747E                          u841 7B6E                          u921 79DA  
                        u690 75D8                          u770 7498                          u850 7BA6  
                        u930 7A00                          u691 75D4                          u771 7494  
                        u851 7BA2                          u931 79FC                          u780 74BC  
                        u860 7BC2                          u940 7A18                          u781 74B8  
                        u861 7BBE                          u941 7A14                          u870 7C44  
                        u790 7ACA                          u950 7A64                          u871 7C40  
                        u791 7AC6                          u951 7A60                          u960 7A78  
                        u880 7956                          u961 7A74                          u881 7952  
                        u890 797E                          u970 7348                          u891 797A  
                        u971 7344                          u987 734E                          u997 7394  
               ___awmod@sign 0006                          prod 0FF3                          wreg 0FE8  
            ?_lcd_set_cursor 0005                         l1311 76A6                         l1303 766E  
                       l1401 7420                         l1321 76F6                         l1235 71B0  
                       l1411 744A                         l1403 7422                         l1331 782A  
                       l1323 7704                         l1315 76C2                         l1307 768A  
                       l1261 73AA                         l1421 7482                         l1413 7452  
                       l1405 7430                         l1341 787E                         l1333 782C  
                       l1325 7710                         l1501 7C32                         l1263 741A  
                       l1431 74BC                         l1423 7498                         l1415 7464  
                       l1407 7438                         l1271 71E4                         l1511 74F2  
                       l1351 78D4                         l1343 7884                         l1335 7844  
                       l1327 781C                         l1319 76DE                         l1503 7C44  
                       l1257 71BA                         l1265 7202                         l1361 7598  
                       l1433 74C4                         l1425 74A0                         l1417 746C  
                       l1409 743C                         l1281 728C                         l1273 71E6  
                       l1513 750C                         l1505 74CE                         l1353 78F2  
                       l1337 7862                         l1329 7824                         l1441 7A98  
                       l1521 7934                         l1601 7356                         l1259 71C0  
                       l1267 7204                         l1371 75BE                         l1363 75A0  
                       l1427 74A6                         l1419 7474                         l1283 729C  
                       l1275 71F6                         l1291 7254                         l1515 7526  
                       l1507 74DC                         l1355 7902                         l1347 78A0  
                       l1339 787A                         l1451 7ACA                         l1443 7AA4  
                       l1531 7958                         l1523 793A                         l1611 737E  
                       l1603 735A                         l1269 7214                         l1277 71CA  
                       l1381 75F6                         l1373 75C6                         l1365 75A4  
                       l1357 7588                         l1429 74AC                         l1285 72AC  
                       l1293 7258                         l1517 7530                         l1509 74E8  
                       l1453 7ADA                         l1461 7B10                         l1445 7AAE  
                       l1437 7A80                         l1541 7990                         l1533 796C  
                       l1525 793E                         l1613 738A                         l1605 735E  
                       l1279 71D0                         l1391 7622                         l1383 75FC  
                       l1375 75D8                         l1367 75B2                         l1359 758A  
                       l1287 72B8                         l1295 7268                         l1471 7B72  
                       l1463 7B22                         l1455 7AF6                         l1447 7AB4  
                       l1439 7A94                         l1543 79A2                         l1551 79CC  
                       l1535 797E                         l1527 7944                         l1519 7928  
                       l1615 73A0                         l1607 7368                         l1385 7612  
                       l1377 75E0                         l1393 7628                         l1369 75BA  
                       l1289 72BC                         l1297 726C                         l1481 7BC8  
                       l1473 7B7C                         l1465 7B3C                         l1457 7B02  
                       l1449 7ABA                         l1561 7A24                         l1553 79DE  
                       l1545 79BA                         l1537 7980                         l1529 7956  
                       l1609 7374                         l1395 7638                         l1387 761A  
                       l1379 75E8                         l1299 764A                         l1491 7BE6  
                       l1483 7BD4                         l1475 7B8C                         l1467 7B56  
                       l1459 7B06                         l1571 7A64                         l1563 7A28  
                       l1547 79BC                         l1555 79EE                         l1581 72D0  
                       l1397 7640                         l1389 761C                         l1493 7BEA  
                       l1477 7BA6                         l1469 7B60                         l1573 7A66  
                       l1565 7A3E                         l1557 7A00                         l1591 7302  
                       l1583 72DE                         l1495 7C00                         l1479 7BC2  
                       l1575 7A78                         l1567 7A48                         l1559 7A18  
                       l1593 7310                         l1585 72E0                         l1497 7C0C  
                       l1489 7BDA                         l1569 7A54                         l1595 7316  
                       l1587 72E6                         l1579 72C4                         l1499 7C22  
                       l1589 72FA                         l1597 7336                         l1599 7348  
                       STR_1 7D2E                         STR_2 7D2E                         STR_3 7D36  
                       STR_4 7D07                         STR_5 7D20                         STR_6 7D1C  
                       STR_7 7CDF                         STR_8 7C7D                         STR_9 7C8E  
                       u1007 7C16                         u1017 7760                         u1107 721A  
                       u1027 77CE                         u1117 71C2                         u1037 71F8  
                       u1047 72D6                         u1057 72EC                         u1067 72FC  
                       u1077 730A                         _LATB 0F8A                         u1087 7318  
                       u1097 71D6             ?_lcd_send_nibble 0001                         _atoi 781C  
                       _main 7336                         _loop 7928                         fsr2h 0FDA  
                       indf2 0FDF                         fsr2l 0FD9                         prodh 0FF4  
                       prodl 0FF3                         start 7D3C  __end_of_count_update_screen 7588  
           ?_get_valid_input 0001                 ___param_bank 0000                        ?_atoi 0001  
                      ?_main 0001              __end_of___awdiv 764A                        ?_loop 0001  
                      STR_10 7CB0                        STR_11 7D20                        STR_20 7D20  
                      STR_12 7D07                        STR_21 7D36                        STR_13 7CD0  
                      STR_22 7D1C                        STR_14 7CFB                        STR_30 7C9F  
                      STR_23 7D36                        STR_15 7D36                        STR_24 7CDF  
                      STR_16 7CDF                        STR_25 7D20                        STR_17 7D12  
                      STR_26 7D1C                        STR_18 7D26                        STR_19 7D36  
                      STR_27 7C6B                        STR_28 7CC1              __end_of___awmod 74CE  
                      STR_29 7CEE              ___awdiv@divisor 0003              ___awdiv@counter 0005  
                      _PORTB 0F81                        _TRISB 0F93             ??_keypad_get_key 0001  
            __end_of_lcd_cmd 7226                 ?_keypad_init 0001                        atoi@n 0007  
                      atoi@s 0001                        tablat 0FF5                        status 0FD8  
               lcd_write@str 0004              __initialization 7226                 __end_of_atoi 7928  
               __end_of_main 73A8                 __end_of_loop 7A80                       ??_atoi 0003  
                     ??_main 0017                       ??_loop 0016                __activetblptr 0002  
           ___awdiv@dividend 0001                       _OSCCON 0FD3             __end_of_lcd_data 7200  
           __end_of_lcd_init 7336                    ??___awdiv 0005                    ??___awmod 0005  
                     _keymap 7C5B                       clear_0 7244             ___awdiv@quotient 0007  
            ___awmod@divisor 0003                       isa$std 0001              ___awmod@counter 0005  
                  ??_lcd_cmd 0003                       _status 0021                 __pdataCOMRAM 0021  
               __mediumconst 7C5A                       tblptrh 0FF7                       tblptrl 0FF6  
                     tblptru 0FF8                   __accesstop 0060      __end_of__initialization 724A  
              ___rparam_used 0001               __pcstackCOMRAM 0001             ??_lcd_set_cursor 0006  
                  ?_lcd_data 0001                   _led_estado 001C                    ?_lcd_init 0001  
                    __Hparam 0000                      __Lparam 0000            __end_of_lcd_clear 71E2  
       set_status@new_status 000A            __end_of_lcd_pulse 71CA                      ___awdiv 7588  
                    ___awmod 7420            __end_of_lcd_write 728A                      __pcinit 7226  
                    __ramtop 0800                      __ptext0 7336                      __ptext1 7928  
                    __ptext2 7A80                      __ptext3 764A                      __ptext4 772A  
                    __ptext5 781C                      __ptext6 74CE                      __ptext7 7254  
                    __ptext8 71E2                      __ptext9 728A                      _lcd_cmd 7200  
           ___awmod@dividend 0001                      atoi@neg 0006                   ??_lcd_data 0003  
                 ??_lcd_init 0006              _piezas_contadas 0020         end_of_initialization 724A  
            _piezas_objetivo 001F                __Lmediumconst 7C5A                      loop@key 0016  
                    postinc0 0FEE                      postinc2 0FDE                   _set_status 764A  
      get_valid_input@buffer 000E                    _TRISAbits 0F92                    _TRISDbits 0F95  
                 lcd_cmd@cmd 0004                __pidataCOMRAM 71AE            ??_lcd_send_nibble 0001  
             __end_of_keymap 7C6B          start_initialization 7226            ??_get_valid_input 000C  
         _lcd_set_cursor$348 0007                  ?_set_status 000A                  __pbssCOMRAM 0019  
              ??_keypad_init 0001          _count_update_screen 74CE                __pmediumconst 7C5A  
                   ?___awdiv 0001                     ?___awmod 0001         ?_count_update_screen 0001  
                  _lcd_clear 71CA                    _lcd_pulse 71BA           get_valid_input@key 0015  
                   ?_lcd_cmd 0001                    _lcd_write 7254                  __smallconst 7C5A  
             _keypad_get_key 772A                     _LATAbits 0F89                     _LATDbits 0F8C  
       get_valid_input@F3235 0019          __end_of_keypad_init 71BA        ??_count_update_screen 000A  
       get_valid_input@index 0013                   ?_lcd_clear 0001         get_valid_input@value 0011  
                 ?_lcd_pulse 0001                   ?_lcd_write 0004            keypad_get_key@col 0004  
          keypad_get_key@row 0003       __end_of_keypad_get_key 781C              _lcd_send_nibble 73A8  
                   __Hrparam 0000                     __Lrparam 0000              _get_valid_input 7A80  
         lcd_set_cursor@addr 0009                     __ptext10 7420                     __ptext11 7588  
                   __ptext12 72C4                     __ptext13 71CA                     __ptext14 7200  
                   __ptext15 73A8                     __ptext16 71BA                     __ptext17 71B0  
                   _lcd_data 71E2                  _keypad_init 71B0                     _lcd_init 72C4  
            ?_keypad_get_key 0001                     isa$xinst 0000                 ??_set_status 000C  
                ??_lcd_clear 0005                  ??_lcd_pulse 0001                  ??_lcd_write 0006  
             _int0_triggered 001E               _lcd_set_cursor 728A            lcd_set_cursor@col 0005  
    __end_of_lcd_send_nibble 7420            lcd_set_cursor@row 0006           __end_of_set_status 772A  
                 _OSCCONbits 0FD3      __end_of_get_valid_input 7C5A       __end_of_lcd_set_cursor 72C4  
      lcd_send_nibble@nibble 0002  
