

Microchip MPLAB XC8 Assembler V3.00 build 20241204225717 
                                                                                               Thu Jul 24 19:31:46 2025

Microchip MPLAB XC8 C Compiler v3.00 (Free license) build 20241204225717 Og1 
     1                           	processor	18F4550
     2                           	fnconf	rparam,??,?,0
     3                           	pagewidth 120
     4                           	opt	flic
     5                           	psect	idataCOMRAM,global,class=CODE,space=0,delta=1,noexec
     6                           	psect	smallconst,global,reloc=2,class=SMALLCONST,space=0,delta=1,noexec
     7                           	psect	cinit,global,reloc=2,class=CODE,space=0,delta=1
     8                           	psect	bssCOMRAM,global,class=COMRAM,space=1,delta=1,lowdata,noexec
     9                           	psect	dataCOMRAM,global,class=COMRAM,space=1,delta=1,lowdata,noexec
    10                           	psect	cstackCOMRAM,global,class=COMRAM,space=1,delta=1,lowdata,noexec
    11                           	psect	text0,global,reloc=2,class=CODE,space=0,delta=1
    12                           	psect	text1,global,reloc=2,class=CODE,space=0,delta=1
    13                           	psect	text2,global,reloc=2,class=CODE,space=0,delta=1
    14                           	psect	text3,global,reloc=2,class=CODE,space=0,delta=1
    15                           	psect	text4,global,reloc=2,class=CODE,space=0,delta=1
    16                           	psect	text5,global,reloc=2,class=CODE,space=0,delta=1
    17                           	psect	text6,global,reloc=2,class=CODE,space=0,delta=1,group=2
    18                           	psect	text7,global,reloc=2,class=CODE,space=0,delta=1
    19                           	psect	text8,global,reloc=2,class=CODE,space=0,delta=1
    20                           	psect	text9,global,reloc=2,class=CODE,space=0,delta=1
    21                           	psect	text10,global,reloc=2,class=CODE,space=0,delta=1,group=1
    22                           	psect	text11,global,reloc=2,class=CODE,space=0,delta=1,group=1
    23                           	psect	text12,global,reloc=2,class=CODE,space=0,delta=1
    24                           	psect	text13,global,reloc=2,class=CODE,space=0,delta=1
    25                           	psect	text14,global,reloc=2,class=CODE,space=0,delta=1
    26                           	psect	text15,global,reloc=2,class=CODE,space=0,delta=1
    27                           	psect	text16,global,reloc=2,class=CODE,space=0,delta=1
    28                           	psect	text17,global,reloc=2,class=CODE,space=0,delta=1
    29                           	psect	text18,global,reloc=2,class=CODE,space=0,delta=1
    30                           	psect	text19,global,reloc=2,class=CODE,space=0,delta=1
    31                           	psect	text20,global,reloc=2,class=CODE,space=0,delta=1
    32                           	psect	intcode,global,reloc=2,class=CODE,space=0,delta=1
    33                           	psect	intcode_body,global,reloc=2,class=CODE,space=0,delta=1
    34                           	psect	intsave_regs,global,class=BIGRAM,space=1,delta=1,noexec
    35                           	psect	rparam,global,class=COMRAM,space=1,delta=1,noexec
    36                           	psect	temp,global,ovrld,common,class=COMRAM,space=1,delta=1,lowdata
    37                           	psect	idloc,global,abs,ovrld,class=IDLOC,space=5,delta=1,noexec
    38                           	psect	config,global,abs,ovrld,class=CONFIG,space=4,delta=1,noexec
    39   000000                     
    40                           ; Generated 17/10/2023 GMT
    41                           ; 
    42                           ; Copyright © 2023, Microchip Technology Inc. and its subsidiaries ("Microchip")
    43                           ; All rights reserved.
    44                           ; 
    45                           ; This software is developed by Microchip Technology Inc. and its subsidiaries ("Microch
      +                          ip").
    46                           ; 
    47                           ; Redistribution and use in source and binary forms, with or without modification, are
    48                           ; permitted provided that the following conditions are met:
    49                           ; 
    50                           ;     1. Redistributions of source code must retain the above copyright notice, this lis
      +                          t of
    51                           ;        conditions and the following disclaimer.
    52                           ; 
    53                           ;     2. Redistributions in binary form must reproduce the above copyright notice, this 
      +                          list
    54                           ;        of conditions and the following disclaimer in the documentation and/or other
    55                           ;        materials provided with the distribution. Publication is not required when
    56                           ;        this file is used in an embedded application.
    57                           ; 
    58                           ;     3. Microchip's name may not be used to endorse or promote products derived from th
      +                          is
    59                           ;        software without specific prior written permission.
    60                           ; 
    61                           ; THIS SOFTWARE IS PROVIDED BY MICROCHIP "AS IS" AND ANY EXPRESS OR IMPLIED WARRANTIES,
    62                           ; INCLUDING, BUT NOT LIMITED TO, THE IMPLIED WARRANTIES OF MERCHANTABILITY AND FITNESS F
      +                          OR
    63                           ; PURPOSE ARE DISCLAIMED.  IN NO EVENT SHALL MICROCHIP BE LIABLE FOR ANY DIRECT, INDIREC
      +                          T,
    64                           ; INCIDENTAL, SPECIAL, EXEMPLARY, OR CONSEQUENTIAL DAMAGES (INCLUDING BUT NOT LIMITED TO
    65                           ; PROCUREMENT OF SUBSTITUTE GOODS OR SERVICES; LOSS OF USE, DATA OR PROFITS; OR BUSINESS
    66                           ; INTERRUPTION) HOWSOEVER CAUSED AND ON ANY THEORY OF LIABILITY, WHETHER IN CONTRACT, ST
      +                          RICT
    67                           ; LIABILITY, OR TORT (INCLUDING NEGLIGENCE OR OTHERWISE) ARISING IN ANY WAY OUT OF THE U
      +                          SE OF
    68                           ; THIS SOFTWARE, EVEN IF ADVISED OF THE POSSIBILITY OF SUCH DAMAGE.
    69                           ; 
    70                           ; 
    71                           ; Code-generator required, PIC18F4550 Definitions
    72                           ; 
    73                           ; SFR Addresses
    74   000FE0                     bsr             equ	4064
    75   000FE9                     fsr0            equ	4073
    76   000FEA                     fsr0h           equ	4074
    77   000FE9                     fsr0l           equ	4073
    78   000FE1                     fsr1            equ	4065
    79   000FE2                     fsr1h           equ	4066
    80   000FE1                     fsr1l           equ	4065
    81   000FD9                     fsr2            equ	4057
    82   000FDA                     fsr2h           equ	4058
    83   000FD9                     fsr2l           equ	4057
    84   000FEF                     indf0           equ	4079
    85   000FE7                     indf1           equ	4071
    86   000FDF                     indf2           equ	4063
    87   000FF2                     intcon          equ	4082
    88   000000                     nvmcon          equ	0
    89   000FF9                     pcl             equ	4089
    90   000FFA                     pclath          equ	4090
    91   000FFB                     pclatu          equ	4091
    92   000FEB                     plusw0          equ	4075
    93   000FE3                     plusw1          equ	4067
    94   000FDB                     plusw2          equ	4059
    95   000FED                     postdec0        equ	4077
    96   000FE5                     postdec1        equ	4069
    97   000FDD                     postdec2        equ	4061
    98   000FEE                     postinc0        equ	4078
    99   000FE6                     postinc1        equ	4070
   100   000FDE                     postinc2        equ	4062
   101   000FEC                     preinc0         equ	4076
   102   000FE4                     preinc1         equ	4068
   103   000FDC                     preinc2         equ	4060
   104   000FF3                     prod            equ	4083
   105   000FF4                     prodh           equ	4084
   106   000FF3                     prodl           equ	4083
   107   000FD8                     status          equ	4056
   108   000FF5                     tablat          equ	4085
   109   000FF6                     tblptr          equ	4086
   110   000FF7                     tblptrh         equ	4087
   111   000FF6                     tblptrl         equ	4086
   112   000FF8                     tblptru         equ	4088
   113   000FFD                     tosl            equ	4093
   114   000FE8                     wreg            equ	4072
   115   000F62                     SPPDATA         equ	3938	;# 
   116   000F63                     SPPCFG          equ	3939	;# 
   117   000F64                     SPPEPS          equ	3940	;# 
   118   000F65                     SPPCON          equ	3941	;# 
   119   000F66                     UFRM            equ	3942	;# 
   120   000F66                     UFRML           equ	3942	;# 
   121   000F67                     UFRMH           equ	3943	;# 
   122   000F68                     UIR             equ	3944	;# 
   123   000F69                     UIE             equ	3945	;# 
   124   000F6A                     UEIR            equ	3946	;# 
   125   000F6B                     UEIE            equ	3947	;# 
   126   000F6C                     USTAT           equ	3948	;# 
   127   000F6D                     UCON            equ	3949	;# 
   128   000F6E                     UADDR           equ	3950	;# 
   129   000F6F                     UCFG            equ	3951	;# 
   130   000F70                     UEP0            equ	3952	;# 
   131   000F71                     UEP1            equ	3953	;# 
   132   000F72                     UEP2            equ	3954	;# 
   133   000F73                     UEP3            equ	3955	;# 
   134   000F74                     UEP4            equ	3956	;# 
   135   000F75                     UEP5            equ	3957	;# 
   136   000F76                     UEP6            equ	3958	;# 
   137   000F77                     UEP7            equ	3959	;# 
   138   000F78                     UEP8            equ	3960	;# 
   139   000F79                     UEP9            equ	3961	;# 
   140   000F7A                     UEP10           equ	3962	;# 
   141   000F7B                     UEP11           equ	3963	;# 
   142   000F7C                     UEP12           equ	3964	;# 
   143   000F7D                     UEP13           equ	3965	;# 
   144   000F7E                     UEP14           equ	3966	;# 
   145   000F7F                     UEP15           equ	3967	;# 
   146   000F80                     PORTA           equ	3968	;# 
   147   000F81                     PORTB           equ	3969	;# 
   148   000F82                     PORTC           equ	3970	;# 
   149   000F83                     PORTD           equ	3971	;# 
   150   000F84                     PORTE           equ	3972	;# 
   151   000F89                     LATA            equ	3977	;# 
   152   000F8A                     LATB            equ	3978	;# 
   153   000F8B                     LATC            equ	3979	;# 
   154   000F8C                     LATD            equ	3980	;# 
   155   000F8D                     LATE            equ	3981	;# 
   156   000F92                     TRISA           equ	3986	;# 
   157   000F92                     DDRA            equ	3986	;# 
   158   000F93                     TRISB           equ	3987	;# 
   159   000F93                     DDRB            equ	3987	;# 
   160   000F94                     TRISC           equ	3988	;# 
   161   000F94                     DDRC            equ	3988	;# 
   162   000F95                     TRISD           equ	3989	;# 
   163   000F95                     DDRD            equ	3989	;# 
   164   000F96                     TRISE           equ	3990	;# 
   165   000F96                     DDRE            equ	3990	;# 
   166   000F9B                     OSCTUNE         equ	3995	;# 
   167   000F9D                     PIE1            equ	3997	;# 
   168   000F9E                     PIR1            equ	3998	;# 
   169   000F9F                     IPR1            equ	3999	;# 
   170   000FA0                     PIE2            equ	4000	;# 
   171   000FA1                     PIR2            equ	4001	;# 
   172   000FA2                     IPR2            equ	4002	;# 
   173   000FA6                     EECON1          equ	4006	;# 
   174   000FA7                     EECON2          equ	4007	;# 
   175   000FA8                     EEDATA          equ	4008	;# 
   176   000FA9                     EEADR           equ	4009	;# 
   177   000FAB                     RCSTA           equ	4011	;# 
   178   000FAB                     RCSTA1          equ	4011	;# 
   179   000FAC                     TXSTA           equ	4012	;# 
   180   000FAC                     TXSTA1          equ	4012	;# 
   181   000FAD                     TXREG           equ	4013	;# 
   182   000FAD                     TXREG1          equ	4013	;# 
   183   000FAE                     RCREG           equ	4014	;# 
   184   000FAE                     RCREG1          equ	4014	;# 
   185   000FAF                     SPBRG           equ	4015	;# 
   186   000FAF                     SPBRG1          equ	4015	;# 
   187   000FB0                     SPBRGH          equ	4016	;# 
   188   000FB1                     T3CON           equ	4017	;# 
   189   000FB2                     TMR3            equ	4018	;# 
   190   000FB2                     TMR3L           equ	4018	;# 
   191   000FB3                     TMR3H           equ	4019	;# 
   192   000FB4                     CMCON           equ	4020	;# 
   193   000FB5                     CVRCON          equ	4021	;# 
   194   000FB6                     ECCP1AS         equ	4022	;# 
   195   000FB6                     CCP1AS          equ	4022	;# 
   196   000FB7                     ECCP1DEL        equ	4023	;# 
   197   000FB7                     CCP1DEL         equ	4023	;# 
   198   000FB8                     BAUDCON         equ	4024	;# 
   199   000FB8                     BAUDCTL         equ	4024	;# 
   200   000FBA                     CCP2CON         equ	4026	;# 
   201   000FBB                     CCPR2           equ	4027	;# 
   202   000FBB                     CCPR2L          equ	4027	;# 
   203   000FBC                     CCPR2H          equ	4028	;# 
   204   000FBD                     CCP1CON         equ	4029	;# 
   205   000FBD                     ECCP1CON        equ	4029	;# 
   206   000FBE                     CCPR1           equ	4030	;# 
   207   000FBE                     CCPR1L          equ	4030	;# 
   208   000FBF                     CCPR1H          equ	4031	;# 
   209   000FC0                     ADCON2          equ	4032	;# 
   210   000FC1                     ADCON1          equ	4033	;# 
   211   000FC2                     ADCON0          equ	4034	;# 
   212   000FC3                     ADRES           equ	4035	;# 
   213   000FC3                     ADRESL          equ	4035	;# 
   214   000FC4                     ADRESH          equ	4036	;# 
   215   000FC5                     SSPCON2         equ	4037	;# 
   216   000FC6                     SSPCON1         equ	4038	;# 
   217   000FC7                     SSPSTAT         equ	4039	;# 
   218   000FC8                     SSPADD          equ	4040	;# 
   219   000FC9                     SSPBUF          equ	4041	;# 
   220   000FCA                     T2CON           equ	4042	;# 
   221   000FCB                     PR2             equ	4043	;# 
   222   000FCB                     MEMCON          equ	4043	;# 
   223   000FCC                     TMR2            equ	4044	;# 
   224   000FCD                     T1CON           equ	4045	;# 
   225   000FCE                     TMR1            equ	4046	;# 
   226   000FCE                     TMR1L           equ	4046	;# 
   227   000FCF                     TMR1H           equ	4047	;# 
   228   000FD0                     RCON            equ	4048	;# 
   229   000FD1                     WDTCON          equ	4049	;# 
   230   000FD2                     HLVDCON         equ	4050	;# 
   231   000FD2                     LVDCON          equ	4050	;# 
   232   000FD3                     OSCCON          equ	4051	;# 
   233   000FD5                     T0CON           equ	4053	;# 
   234   000FD6                     TMR0            equ	4054	;# 
   235   000FD6                     TMR0L           equ	4054	;# 
   236   000FD7                     TMR0H           equ	4055	;# 
   237   000FD8                     STATUS          equ	4056	;# 
   238   000FD9                     FSR2            equ	4057	;# 
   239   000FD9                     FSR2L           equ	4057	;# 
   240   000FDA                     FSR2H           equ	4058	;# 
   241   000FDB                     PLUSW2          equ	4059	;# 
   242   000FDC                     PREINC2         equ	4060	;# 
   243   000FDD                     POSTDEC2        equ	4061	;# 
   244   000FDE                     POSTINC2        equ	4062	;# 
   245   000FDF                     INDF2           equ	4063	;# 
   246   000FE0                     BSR             equ	4064	;# 
   247   000FE1                     FSR1            equ	4065	;# 
   248   000FE1                     FSR1L           equ	4065	;# 
   249   000FE2                     FSR1H           equ	4066	;# 
   250   000FE3                     PLUSW1          equ	4067	;# 
   251   000FE4                     PREINC1         equ	4068	;# 
   252   000FE5                     POSTDEC1        equ	4069	;# 
   253   000FE6                     POSTINC1        equ	4070	;# 
   254   000FE7                     INDF1           equ	4071	;# 
   255   000FE8                     WREG            equ	4072	;# 
   256   000FE9                     FSR0            equ	4073	;# 
   257   000FE9                     FSR0L           equ	4073	;# 
   258   000FEA                     FSR0H           equ	4074	;# 
   259   000FEB                     PLUSW0          equ	4075	;# 
   260   000FEC                     PREINC0         equ	4076	;# 
   261   000FED                     POSTDEC0        equ	4077	;# 
   262   000FEE                     POSTINC0        equ	4078	;# 
   263   000FEF                     INDF0           equ	4079	;# 
   264   000FF0                     INTCON3         equ	4080	;# 
   265   000FF1                     INTCON2         equ	4081	;# 
   266   000FF2                     INTCON          equ	4082	;# 
   267   000FF3                     PROD            equ	4083	;# 
   268   000FF3                     PRODL           equ	4083	;# 
   269   000FF4                     PRODH           equ	4084	;# 
   270   000FF5                     TABLAT          equ	4085	;# 
   271   000FF6                     TBLPTR          equ	4086	;# 
   272   000FF6                     TBLPTRL         equ	4086	;# 
   273   000FF7                     TBLPTRH         equ	4087	;# 
   274   000FF8                     TBLPTRU         equ	4088	;# 
   275   000FF9                     PCLAT           equ	4089	;# 
   276   000FF9                     PC              equ	4089	;# 
   277   000FF9                     PCL             equ	4089	;# 
   278   000FFA                     PCLATH          equ	4090	;# 
   279   000FFB                     PCLATU          equ	4091	;# 
   280   000FFC                     STKPTR          equ	4092	;# 
   281   000FFD                     TOS             equ	4093	;# 
   282   000FFD                     TOSL            equ	4093	;# 
   283   000FFE                     TOSH            equ	4094	;# 
   284   000FFF                     TOSU            equ	4095	;# 
   285   000F62                     SPPDATA         equ	3938	;# 
   286   000F63                     SPPCFG          equ	3939	;# 
   287   000F64                     SPPEPS          equ	3940	;# 
   288   000F65                     SPPCON          equ	3941	;# 
   289   000F66                     UFRM            equ	3942	;# 
   290   000F66                     UFRML           equ	3942	;# 
   291   000F67                     UFRMH           equ	3943	;# 
   292   000F68                     UIR             equ	3944	;# 
   293   000F69                     UIE             equ	3945	;# 
   294   000F6A                     UEIR            equ	3946	;# 
   295   000F6B                     UEIE            equ	3947	;# 
   296   000F6C                     USTAT           equ	3948	;# 
   297   000F6D                     UCON            equ	3949	;# 
   298   000F6E                     UADDR           equ	3950	;# 
   299   000F6F                     UCFG            equ	3951	;# 
   300   000F70                     UEP0            equ	3952	;# 
   301   000F71                     UEP1            equ	3953	;# 
   302   000F72                     UEP2            equ	3954	;# 
   303   000F73                     UEP3            equ	3955	;# 
   304   000F74                     UEP4            equ	3956	;# 
   305   000F75                     UEP5            equ	3957	;# 
   306   000F76                     UEP6            equ	3958	;# 
   307   000F77                     UEP7            equ	3959	;# 
   308   000F78                     UEP8            equ	3960	;# 
   309   000F79                     UEP9            equ	3961	;# 
   310   000F7A                     UEP10           equ	3962	;# 
   311   000F7B                     UEP11           equ	3963	;# 
   312   000F7C                     UEP12           equ	3964	;# 
   313   000F7D                     UEP13           equ	3965	;# 
   314   000F7E                     UEP14           equ	3966	;# 
   315   000F7F                     UEP15           equ	3967	;# 
   316   000F80                     PORTA           equ	3968	;# 
   317   000F81                     PORTB           equ	3969	;# 
   318   000F82                     PORTC           equ	3970	;# 
   319   000F83                     PORTD           equ	3971	;# 
   320   000F84                     PORTE           equ	3972	;# 
   321   000F89                     LATA            equ	3977	;# 
   322   000F8A                     LATB            equ	3978	;# 
   323   000F8B                     LATC            equ	3979	;# 
   324   000F8C                     LATD            equ	3980	;# 
   325   000F8D                     LATE            equ	3981	;# 
   326   000F92                     TRISA           equ	3986	;# 
   327   000F92                     DDRA            equ	3986	;# 
   328   000F93                     TRISB           equ	3987	;# 
   329   000F93                     DDRB            equ	3987	;# 
   330   000F94                     TRISC           equ	3988	;# 
   331   000F94                     DDRC            equ	3988	;# 
   332   000F95                     TRISD           equ	3989	;# 
   333   000F95                     DDRD            equ	3989	;# 
   334   000F96                     TRISE           equ	3990	;# 
   335   000F96                     DDRE            equ	3990	;# 
   336   000F9B                     OSCTUNE         equ	3995	;# 
   337   000F9D                     PIE1            equ	3997	;# 
   338   000F9E                     PIR1            equ	3998	;# 
   339   000F9F                     IPR1            equ	3999	;# 
   340   000FA0                     PIE2            equ	4000	;# 
   341   000FA1                     PIR2            equ	4001	;# 
   342   000FA2                     IPR2            equ	4002	;# 
   343   000FA6                     EECON1          equ	4006	;# 
   344   000FA7                     EECON2          equ	4007	;# 
   345   000FA8                     EEDATA          equ	4008	;# 
   346   000FA9                     EEADR           equ	4009	;# 
   347   000FAB                     RCSTA           equ	4011	;# 
   348   000FAB                     RCSTA1          equ	4011	;# 
   349   000FAC                     TXSTA           equ	4012	;# 
   350   000FAC                     TXSTA1          equ	4012	;# 
   351   000FAD                     TXREG           equ	4013	;# 
   352   000FAD                     TXREG1          equ	4013	;# 
   353   000FAE                     RCREG           equ	4014	;# 
   354   000FAE                     RCREG1          equ	4014	;# 
   355   000FAF                     SPBRG           equ	4015	;# 
   356   000FAF                     SPBRG1          equ	4015	;# 
   357   000FB0                     SPBRGH          equ	4016	;# 
   358   000FB1                     T3CON           equ	4017	;# 
   359   000FB2                     TMR3            equ	4018	;# 
   360   000FB2                     TMR3L           equ	4018	;# 
   361   000FB3                     TMR3H           equ	4019	;# 
   362   000FB4                     CMCON           equ	4020	;# 
   363   000FB5                     CVRCON          equ	4021	;# 
   364   000FB6                     ECCP1AS         equ	4022	;# 
   365   000FB6                     CCP1AS          equ	4022	;# 
   366   000FB7                     ECCP1DEL        equ	4023	;# 
   367   000FB7                     CCP1DEL         equ	4023	;# 
   368   000FB8                     BAUDCON         equ	4024	;# 
   369   000FB8                     BAUDCTL         equ	4024	;# 
   370   000FBA                     CCP2CON         equ	4026	;# 
   371   000FBB                     CCPR2           equ	4027	;# 
   372   000FBB                     CCPR2L          equ	4027	;# 
   373   000FBC                     CCPR2H          equ	4028	;# 
   374   000FBD                     CCP1CON         equ	4029	;# 
   375   000FBD                     ECCP1CON        equ	4029	;# 
   376   000FBE                     CCPR1           equ	4030	;# 
   377   000FBE                     CCPR1L          equ	4030	;# 
   378   000FBF                     CCPR1H          equ	4031	;# 
   379   000FC0                     ADCON2          equ	4032	;# 
   380   000FC1                     ADCON1          equ	4033	;# 
   381   000FC2                     ADCON0          equ	4034	;# 
   382   000FC3                     ADRES           equ	4035	;# 
   383   000FC3                     ADRESL          equ	4035	;# 
   384   000FC4                     ADRESH          equ	4036	;# 
   385   000FC5                     SSPCON2         equ	4037	;# 
   386   000FC6                     SSPCON1         equ	4038	;# 
   387   000FC7                     SSPSTAT         equ	4039	;# 
   388   000FC8                     SSPADD          equ	4040	;# 
   389   000FC9                     SSPBUF          equ	4041	;# 
   390   000FCA                     T2CON           equ	4042	;# 
   391   000FCB                     PR2             equ	4043	;# 
   392   000FCB                     MEMCON          equ	4043	;# 
   393   000FCC                     TMR2            equ	4044	;# 
   394   000FCD                     T1CON           equ	4045	;# 
   395   000FCE                     TMR1            equ	4046	;# 
   396   000FCE                     TMR1L           equ	4046	;# 
   397   000FCF                     TMR1H           equ	4047	;# 
   398   000FD0                     RCON            equ	4048	;# 
   399   000FD1                     WDTCON          equ	4049	;# 
   400   000FD2                     HLVDCON         equ	4050	;# 
   401   000FD2                     LVDCON          equ	4050	;# 
   402   000FD3                     OSCCON          equ	4051	;# 
   403   000FD5                     T0CON           equ	4053	;# 
   404   000FD6                     TMR0            equ	4054	;# 
   405   000FD6                     TMR0L           equ	4054	;# 
   406   000FD7                     TMR0H           equ	4055	;# 
   407   000FD8                     STATUS          equ	4056	;# 
   408   000FD9                     FSR2            equ	4057	;# 
   409   000FD9                     FSR2L           equ	4057	;# 
   410   000FDA                     FSR2H           equ	4058	;# 
   411   000FDB                     PLUSW2          equ	4059	;# 
   412   000FDC                     PREINC2         equ	4060	;# 
   413   000FDD                     POSTDEC2        equ	4061	;# 
   414   000FDE                     POSTINC2        equ	4062	;# 
   415   000FDF                     INDF2           equ	4063	;# 
   416   000FE0                     BSR             equ	4064	;# 
   417   000FE1                     FSR1            equ	4065	;# 
   418   000FE1                     FSR1L           equ	4065	;# 
   419   000FE2                     FSR1H           equ	4066	;# 
   420   000FE3                     PLUSW1          equ	4067	;# 
   421   000FE4                     PREINC1         equ	4068	;# 
   422   000FE5                     POSTDEC1        equ	4069	;# 
   423   000FE6                     POSTINC1        equ	4070	;# 
   424   000FE7                     INDF1           equ	4071	;# 
   425   000FE8                     WREG            equ	4072	;# 
   426   000FE9                     FSR0            equ	4073	;# 
   427   000FE9                     FSR0L           equ	4073	;# 
   428   000FEA                     FSR0H           equ	4074	;# 
   429   000FEB                     PLUSW0          equ	4075	;# 
   430   000FEC                     PREINC0         equ	4076	;# 
   431   000FED                     POSTDEC0        equ	4077	;# 
   432   000FEE                     POSTINC0        equ	4078	;# 
   433   000FEF                     INDF0           equ	4079	;# 
   434   000FF0                     INTCON3         equ	4080	;# 
   435   000FF1                     INTCON2         equ	4081	;# 
   436   000FF2                     INTCON          equ	4082	;# 
   437   000FF3                     PROD            equ	4083	;# 
   438   000FF3                     PRODL           equ	4083	;# 
   439   000FF4                     PRODH           equ	4084	;# 
   440   000FF5                     TABLAT          equ	4085	;# 
   441   000FF6                     TBLPTR          equ	4086	;# 
   442   000FF6                     TBLPTRL         equ	4086	;# 
   443   000FF7                     TBLPTRH         equ	4087	;# 
   444   000FF8                     TBLPTRU         equ	4088	;# 
   445   000FF9                     PCLAT           equ	4089	;# 
   446   000FF9                     PC              equ	4089	;# 
   447   000FF9                     PCL             equ	4089	;# 
   448   000FFA                     PCLATH          equ	4090	;# 
   449   000FFB                     PCLATU          equ	4091	;# 
   450   000FFC                     STKPTR          equ	4092	;# 
   451   000FFD                     TOS             equ	4093	;# 
   452   000FFD                     TOSL            equ	4093	;# 
   453   000FFE                     TOSH            equ	4094	;# 
   454   000FFF                     TOSU            equ	4095	;# 
   455   000F62                     SPPDATA         equ	3938	;# 
   456   000F63                     SPPCFG          equ	3939	;# 
   457   000F64                     SPPEPS          equ	3940	;# 
   458   000F65                     SPPCON          equ	3941	;# 
   459   000F66                     UFRM            equ	3942	;# 
   460   000F66                     UFRML           equ	3942	;# 
   461   000F67                     UFRMH           equ	3943	;# 
   462   000F68                     UIR             equ	3944	;# 
   463   000F69                     UIE             equ	3945	;# 
   464   000F6A                     UEIR            equ	3946	;# 
   465   000F6B                     UEIE            equ	3947	;# 
   466   000F6C                     USTAT           equ	3948	;# 
   467   000F6D                     UCON            equ	3949	;# 
   468   000F6E                     UADDR           equ	3950	;# 
   469   000F6F                     UCFG            equ	3951	;# 
   470   000F70                     UEP0            equ	3952	;# 
   471   000F71                     UEP1            equ	3953	;# 
   472   000F72                     UEP2            equ	3954	;# 
   473   000F73                     UEP3            equ	3955	;# 
   474   000F74                     UEP4            equ	3956	;# 
   475   000F75                     UEP5            equ	3957	;# 
   476   000F76                     UEP6            equ	3958	;# 
   477   000F77                     UEP7            equ	3959	;# 
   478   000F78                     UEP8            equ	3960	;# 
   479   000F79                     UEP9            equ	3961	;# 
   480   000F7A                     UEP10           equ	3962	;# 
   481   000F7B                     UEP11           equ	3963	;# 
   482   000F7C                     UEP12           equ	3964	;# 
   483   000F7D                     UEP13           equ	3965	;# 
   484   000F7E                     UEP14           equ	3966	;# 
   485   000F7F                     UEP15           equ	3967	;# 
   486   000F80                     PORTA           equ	3968	;# 
   487   000F81                     PORTB           equ	3969	;# 
   488   000F82                     PORTC           equ	3970	;# 
   489   000F83                     PORTD           equ	3971	;# 
   490   000F84                     PORTE           equ	3972	;# 
   491   000F89                     LATA            equ	3977	;# 
   492   000F8A                     LATB            equ	3978	;# 
   493   000F8B                     LATC            equ	3979	;# 
   494   000F8C                     LATD            equ	3980	;# 
   495   000F8D                     LATE            equ	3981	;# 
   496   000F92                     TRISA           equ	3986	;# 
   497   000F92                     DDRA            equ	3986	;# 
   498   000F93                     TRISB           equ	3987	;# 
   499   000F93                     DDRB            equ	3987	;# 
   500   000F94                     TRISC           equ	3988	;# 
   501   000F94                     DDRC            equ	3988	;# 
   502   000F95                     TRISD           equ	3989	;# 
   503   000F95                     DDRD            equ	3989	;# 
   504   000F96                     TRISE           equ	3990	;# 
   505   000F96                     DDRE            equ	3990	;# 
   506   000F9B                     OSCTUNE         equ	3995	;# 
   507   000F9D                     PIE1            equ	3997	;# 
   508   000F9E                     PIR1            equ	3998	;# 
   509   000F9F                     IPR1            equ	3999	;# 
   510   000FA0                     PIE2            equ	4000	;# 
   511   000FA1                     PIR2            equ	4001	;# 
   512   000FA2                     IPR2            equ	4002	;# 
   513   000FA6                     EECON1          equ	4006	;# 
   514   000FA7                     EECON2          equ	4007	;# 
   515   000FA8                     EEDATA          equ	4008	;# 
   516   000FA9                     EEADR           equ	4009	;# 
   517   000FAB                     RCSTA           equ	4011	;# 
   518   000FAB                     RCSTA1          equ	4011	;# 
   519   000FAC                     TXSTA           equ	4012	;# 
   520   000FAC                     TXSTA1          equ	4012	;# 
   521   000FAD                     TXREG           equ	4013	;# 
   522   000FAD                     TXREG1          equ	4013	;# 
   523   000FAE                     RCREG           equ	4014	;# 
   524   000FAE                     RCREG1          equ	4014	;# 
   525   000FAF                     SPBRG           equ	4015	;# 
   526   000FAF                     SPBRG1          equ	4015	;# 
   527   000FB0                     SPBRGH          equ	4016	;# 
   528   000FB1                     T3CON           equ	4017	;# 
   529   000FB2                     TMR3            equ	4018	;# 
   530   000FB2                     TMR3L           equ	4018	;# 
   531   000FB3                     TMR3H           equ	4019	;# 
   532   000FB4                     CMCON           equ	4020	;# 
   533   000FB5                     CVRCON          equ	4021	;# 
   534   000FB6                     ECCP1AS         equ	4022	;# 
   535   000FB6                     CCP1AS          equ	4022	;# 
   536   000FB7                     ECCP1DEL        equ	4023	;# 
   537   000FB7                     CCP1DEL         equ	4023	;# 
   538   000FB8                     BAUDCON         equ	4024	;# 
   539   000FB8                     BAUDCTL         equ	4024	;# 
   540   000FBA                     CCP2CON         equ	4026	;# 
   541   000FBB                     CCPR2           equ	4027	;# 
   542   000FBB                     CCPR2L          equ	4027	;# 
   543   000FBC                     CCPR2H          equ	4028	;# 
   544   000FBD                     CCP1CON         equ	4029	;# 
   545   000FBD                     ECCP1CON        equ	4029	;# 
   546   000FBE                     CCPR1           equ	4030	;# 
   547   000FBE                     CCPR1L          equ	4030	;# 
   548   000FBF                     CCPR1H          equ	4031	;# 
   549   000FC0                     ADCON2          equ	4032	;# 
   550   000FC1                     ADCON1          equ	4033	;# 
   551   000FC2                     ADCON0          equ	4034	;# 
   552   000FC3                     ADRES           equ	4035	;# 
   553   000FC3                     ADRESL          equ	4035	;# 
   554   000FC4                     ADRESH          equ	4036	;# 
   555   000FC5                     SSPCON2         equ	4037	;# 
   556   000FC6                     SSPCON1         equ	4038	;# 
   557   000FC7                     SSPSTAT         equ	4039	;# 
   558   000FC8                     SSPADD          equ	4040	;# 
   559   000FC9                     SSPBUF          equ	4041	;# 
   560   000FCA                     T2CON           equ	4042	;# 
   561   000FCB                     PR2             equ	4043	;# 
   562   000FCB                     MEMCON          equ	4043	;# 
   563   000FCC                     TMR2            equ	4044	;# 
   564   000FCD                     T1CON           equ	4045	;# 
   565   000FCE                     TMR1            equ	4046	;# 
   566   000FCE                     TMR1L           equ	4046	;# 
   567   000FCF                     TMR1H           equ	4047	;# 
   568   000FD0                     RCON            equ	4048	;# 
   569   000FD1                     WDTCON          equ	4049	;# 
   570   000FD2                     HLVDCON         equ	4050	;# 
   571   000FD2                     LVDCON          equ	4050	;# 
   572   000FD3                     OSCCON          equ	4051	;# 
   573   000FD5                     T0CON           equ	4053	;# 
   574   000FD6                     TMR0            equ	4054	;# 
   575   000FD6                     TMR0L           equ	4054	;# 
   576   000FD7                     TMR0H           equ	4055	;# 
   577   000FD8                     STATUS          equ	4056	;# 
   578   000FD9                     FSR2            equ	4057	;# 
   579   000FD9                     FSR2L           equ	4057	;# 
   580   000FDA                     FSR2H           equ	4058	;# 
   581   000FDB                     PLUSW2          equ	4059	;# 
   582   000FDC                     PREINC2         equ	4060	;# 
   583   000FDD                     POSTDEC2        equ	4061	;# 
   584   000FDE                     POSTINC2        equ	4062	;# 
   585   000FDF                     INDF2           equ	4063	;# 
   586   000FE0                     BSR             equ	4064	;# 
   587   000FE1                     FSR1            equ	4065	;# 
   588   000FE1                     FSR1L           equ	4065	;# 
   589   000FE2                     FSR1H           equ	4066	;# 
   590   000FE3                     PLUSW1          equ	4067	;# 
   591   000FE4                     PREINC1         equ	4068	;# 
   592   000FE5                     POSTDEC1        equ	4069	;# 
   593   000FE6                     POSTINC1        equ	4070	;# 
   594   000FE7                     INDF1           equ	4071	;# 
   595   000FE8                     WREG            equ	4072	;# 
   596   000FE9                     FSR0            equ	4073	;# 
   597   000FE9                     FSR0L           equ	4073	;# 
   598   000FEA                     FSR0H           equ	4074	;# 
   599   000FEB                     PLUSW0          equ	4075	;# 
   600   000FEC                     PREINC0         equ	4076	;# 
   601   000FED                     POSTDEC0        equ	4077	;# 
   602   000FEE                     POSTINC0        equ	4078	;# 
   603   000FEF                     INDF0           equ	4079	;# 
   604   000FF0                     INTCON3         equ	4080	;# 
   605   000FF1                     INTCON2         equ	4081	;# 
   606   000FF2                     INTCON          equ	4082	;# 
   607   000FF3                     PROD            equ	4083	;# 
   608   000FF3                     PRODL           equ	4083	;# 
   609   000FF4                     PRODH           equ	4084	;# 
   610   000FF5                     TABLAT          equ	4085	;# 
   611   000FF6                     TBLPTR          equ	4086	;# 
   612   000FF6                     TBLPTRL         equ	4086	;# 
   613   000FF7                     TBLPTRH         equ	4087	;# 
   614   000FF8                     TBLPTRU         equ	4088	;# 
   615   000FF9                     PCLAT           equ	4089	;# 
   616   000FF9                     PC              equ	4089	;# 
   617   000FF9                     PCL             equ	4089	;# 
   618   000FFA                     PCLATH          equ	4090	;# 
   619   000FFB                     PCLATU          equ	4091	;# 
   620   000FFC                     STKPTR          equ	4092	;# 
   621   000FFD                     TOS             equ	4093	;# 
   622   000FFD                     TOSL            equ	4093	;# 
   623   000FFE                     TOSH            equ	4094	;# 
   624   000FFF                     TOSU            equ	4095	;# 
   625                           
   626                           	psect	idataCOMRAM
   627   00145A                     __pidataCOMRAM:
   628                           	callstack 0
   629                           
   630                           ;initializer for load_custom_characters@F3250
   631   00145A  00                 	db	0
   632   00145B  1F                 	db	31
   633   00145C  15                 	db	21
   634   00145D  1F                 	db	31
   635   00145E  11                 	db	17
   636   00145F  1F                 	db	31
   637   001460  00                 	db	0
   638   001461  00                 	db	0
   639                           
   640                           ;initializer for load_custom_characters@F3248
   641   001462  00                 	db	0
   642   001463  0A                 	db	10
   643   001464  0A                 	db	10
   644   001465  00                 	db	0
   645   001466  11                 	db	17
   646   001467  0E                 	db	14
   647   001468  00                 	db	0
   648   001469  00                 	db	0
   649                           
   650                           ;initializer for _status
   651   00146A  D4                 	db	low STR_1
   652                           
   653                           	psect	smallconst
   654   000800                     __psmallconst:
   655                           	callstack 0
   656   000800  00                 	db	0
   657   000801                     _keymap:
   658                           	callstack 0
   659   000801  31                 	db	49
   660   000802  32                 	db	50
   661   000803  33                 	db	51
   662   000804  41                 	db	65
   663   000805  34                 	db	52
   664   000806  35                 	db	53
   665   000807  36                 	db	54
   666   000808  42                 	db	66
   667   000809  37                 	db	55
   668   00080A  38                 	db	56
   669   00080B  39                 	db	57
   670   00080C  43                 	db	67
   671   00080D  2A                 	db	42
   672   00080E  30                 	db	48
   673   00080F  23                 	db	35
   674   000810  44                 	db	68
   675   000811                     __end_of_keymap:
   676                           	callstack 0
   677   000F81                     _PORTB          set	3969
   678   000F8A                     _LATB           set	3978
   679   000F93                     _TRISB          set	3987
   680   000F95                     _TRISDbits      set	3989
   681   000F8C                     _LATDbits       set	3980
   682   000F94                     _TRISCbits      set	3988
   683   000FD3                     _OSCCONbits     set	4051
   684   000FD3                     _OSCCON         set	4051
   685   000FF2                     _INTCONbits     set	4082
   686   000F9D                     _PIE1bits       set	3997
   687   000FCD                     _T1CON          set	4045
   688   000F92                     _TRISAbits      set	3986
   689   000F82                     _PORTCbits      set	3970
   690   000F89                     _LATAbits       set	3977
   691   000FCE                     _TMR1L          set	4046
   692   000FCF                     _TMR1H          set	4047
   693   000F9E                     _PIR1bits       set	3998
   694   000811                     STR_8:
   695   000811  20                 	db	32
   696   000812  20                 	db	32
   697   000813  21                 	db	33
   698   000814  21                 	db	33
   699   000815  21                 	db	33
   700   000816  50                 	db	80	;'P'
   701   000817  41                 	db	65	;'A'
   702   000818  52                 	db	82	;'R'
   703   000819  41                 	db	65	;'A'
   704   00081A  44                 	db	68	;'D'
   705   00081B  41                 	db	65	;'A'
   706   00081C  21                 	db	33
   707   00081D  21                 	db	33
   708   00081E  21                 	db	33
   709   00081F  20                 	db	32
   710   000820  20                 	db	32
   711   000821  00                 	db	0
   712   000822                     STR_9:
   713   000822  21                 	db	33
   714   000823  21                 	db	33
   715   000824  21                 	db	33
   716   000825  45                 	db	69	;'E'
   717   000826  4D                 	db	77	;'M'
   718   000827  45                 	db	69	;'E'
   719   000828  52                 	db	82	;'R'
   720   000829  47                 	db	71	;'G'
   721   00082A  45                 	db	69	;'E'
   722   00082B  4E                 	db	78	;'N'
   723   00082C  43                 	db	67	;'C'
   724   00082D  49                 	db	73	;'I'
   725   00082E  41                 	db	65	;'A'
   726   00082F  21                 	db	33
   727   000830  21                 	db	33
   728   000831  21                 	db	33
   729   000832  00                 	db	0
   730   000833                     STR_31:
   731   000833  63                 	db	99	;'c'
   732   000834  6F                 	db	111	;'o'
   733   000835  6E                 	db	110	;'n'
   734   000836  74                 	db	116	;'t'
   735   000837  61                 	db	97	;'a'
   736   000838  64                 	db	100	;'d'
   737   000839  6F                 	db	111	;'o'
   738   00083A  72                 	db	114	;'r'
   739   00083B  20                 	db	32
   740   00083C  70                 	db	112	;'p'
   741   00083D  6C                 	db	108	;'l'
   742   00083E  61                 	db	97	;'a'
   743   00083F  79                 	db	121	;'y'
   744   000840  2E                 	db	46
   745   000841  2E                 	db	46
   746   000842  2E                 	db	46
   747   000843  00                 	db	0
   748   000844                     STR_11:
   749   000844  50                 	db	80	;'P'
   750   000845  69                 	db	105	;'i'
   751   000846  65                 	db	101	;'e'
   752   000847  7A                 	db	122	;'z'
   753   000848  61                 	db	97	;'a'
   754   000849  73                 	db	115	;'s'
   755   00084A  20                 	db	32
   756   00084B  61                 	db	97	;'a'
   757   00084C  20                 	db	32
   758   00084D  63                 	db	99	;'c'
   759   00084E  6F                 	db	111	;'o'
   760   00084F  6E                 	db	110	;'n'
   761   000850  74                 	db	116	;'t'
   762   000851  61                 	db	97	;'a'
   763   000852  72                 	db	114	;'r'
   764   000853  3A                 	db	58	;':'
   765   000854  00                 	db	0
   766   000855                     STR_28:
   767   000855  4F                 	db	79	;'O'
   768   000856  62                 	db	98	;'b'
   769   000857  6A                 	db	106	;'j'
   770   000858  65                 	db	101	;'e'
   771   000859  74                 	db	116	;'t'
   772   00085A  69                 	db	105	;'i'
   773   00085B  76                 	db	118	;'v'
   774   00085C  6F                 	db	111	;'o'
   775   00085D  43                 	db	67	;'C'
   776   00085E  75                 	db	117	;'u'
   777   00085F  6D                 	db	109	;'m'
   778   000860  70                 	db	112	;'p'
   779   000861  6C                 	db	108	;'l'
   780   000862  69                 	db	105	;'i'
   781   000863  64                 	db	100	;'d'
   782   000864  6F                 	db	111	;'o'
   783   000865  00                 	db	0
   784   000866                     STR_29:
   785   000866  50                 	db	80	;'P'
   786   000867  72                 	db	114	;'r'
   787   000868  65                 	db	101	;'e'
   788   000869  73                 	db	115	;'s'
   789   00086A  69                 	db	105	;'i'
   790   00086B  6F                 	db	111	;'o'
   791   00086C  6E                 	db	110	;'n'
   792   00086D  65                 	db	101	;'e'
   793   00086E  20                 	db	32
   794   00086F  4F                 	db	79	;'O'
   795   000870  4B                 	db	75	;'K'
   796   000871  2E                 	db	46
   797   000872  2E                 	db	46
   798   000873  2E                 	db	46
   799   000874  00                 	db	0
   800   000875                     STR_15:
   801   000875  56                 	db	86	;'V'
   802   000876  61                 	db	97	;'a'
   803   000877  6C                 	db	108	;'l'
   804   000878  6F                 	db	111	;'o'
   805   000879  72                 	db	114	;'r'
   806   00087A  20                 	db	32
   807   00087B  49                 	db	73	;'I'
   808   00087C  6E                 	db	110	;'n'
   809   00087D  76                 	db	118	;'v'
   810   00087E  61                 	db	97	;'a'
   811   00087F  6C                 	db	108	;'l'
   812   000880  69                 	db	105	;'i'
   813   000881  64                 	db	100	;'d'
   814   000882  6F                 	db	111	;'o'
   815   000883  00                 	db	0
   816   000884                     STR_7:
   817   000884  73                 	db	115	;'s'
   818   000885  74                 	db	116	;'t'
   819   000886  6F                 	db	111	;'o'
   820   000887  70                 	db	112	;'p'
   821   000888  5F                 	db	95	;'_'
   822   000889  65                 	db	101	;'e'
   823   00088A  6D                 	db	109	;'m'
   824   00088B  65                 	db	101	;'e'
   825   00088C  72                 	db	114	;'r'
   826   00088D  67                 	db	103	;'g'
   827   00088E  65                 	db	101	;'e'
   828   00088F  6E                 	db	110	;'n'
   829   000890  63                 	db	99	;'c'
   830   000891  79                 	db	121	;'y'
   831   000892  00                 	db	0
   832   000893                     STR_30:
   833   000893  42                 	db	66	;'B'
   834   000894  69                 	db	105	;'i'
   835   000895  65                 	db	101	;'e'
   836   000896  6E                 	db	110	;'n'
   837   000897  76                 	db	118	;'v'
   838   000898  65                 	db	101	;'e'
   839   000899  6E                 	db	110	;'n'
   840   00089A  69                 	db	105	;'i'
   841   00089B  64                 	db	100	;'d'
   842   00089C  6F                 	db	111	;'o'
   843   00089D  20                 	db	32
   844   00089E  61                 	db	97	;'a'
   845   00089F  20                 	db	32
   846   0008A0  00                 	db	0
   847   0008A1                     STR_16:
   848   0008A1  53                 	db	83	;'S'
   849   0008A2  6F                 	db	111	;'o'
   850   0008A3  6C                 	db	108	;'l'
   851   0008A4  6F                 	db	111	;'o'
   852   0008A5  20                 	db	32
   853   0008A6  31                 	db	49	;'1'
   854   0008A7  20                 	db	32
   855   0008A8  61                 	db	97	;'a'
   856   0008A9  20                 	db	32
   857   0008AA  35                 	db	53	;'5'
   858   0008AB  39                 	db	57	;'9'
   859   0008AC  00                 	db	0
   860   0008AD                     STR_4:
   861   0008AD  66                 	db	102	;'f'
   862   0008AE  61                 	db	97	;'a'
   863   0008AF  69                 	db	105	;'i'
   864   0008B0  6C                 	db	108	;'l'
   865   0008B1  5F                 	db	95	;'_'
   866   0008B2  69                 	db	105	;'i'
   867   0008B3  6E                 	db	110	;'n'
   868   0008B4  70                 	db	112	;'p'
   869   0008B5  75                 	db	117	;'u'
   870   0008B6  74                 	db	116	;'t'
   871   0008B7  00                 	db	0
   872   0008B8                     STR_19:
   873   0008B8  4F                 	db	79	;'O'
   874   0008B9  62                 	db	98	;'b'
   875   0008BA  6A                 	db	106	;'j'
   876   0008BB  65                 	db	101	;'e'
   877   0008BC  74                 	db	116	;'t'
   878   0008BD  69                 	db	105	;'i'
   879   0008BE  76                 	db	118	;'v'
   880   0008BF  6F                 	db	111	;'o'
   881   0008C0  3A                 	db	58	;':'
   882   0008C1  00                 	db	0
   883   0008C2                     STR_6:
   884   0008C2  65                 	db	101	;'e'
   885   0008C3  6E                 	db	110	;'n'
   886   0008C4  64                 	db	100	;'d'
   887   0008C5  5F                 	db	95	;'_'
   888   0008C6  63                 	db	99	;'c'
   889   0008C7  6F                 	db	111	;'o'
   890   0008C8  75                 	db	117	;'u'
   891   0008C9  6E                 	db	110	;'n'
   892   0008CA  74                 	db	116	;'t'
   893   0008CB  00                 	db	0
   894   0008CC                     STR_20:
   895   0008CC  46                 	db	70	;'F'
   896   0008CD  61                 	db	97	;'a'
   897   0008CE  6C                 	db	108	;'l'
   898   0008CF  74                 	db	116	;'t'
   899   0008D0  61                 	db	97	;'a'
   900   0008D1  6E                 	db	110	;'n'
   901   0008D2  3A                 	db	58	;':'
   902   0008D3  00                 	db	0
   903   0008D4                     STR_1:
   904   0008D4  77                 	db	119	;'w'
   905   0008D5  65                 	db	101	;'e'
   906   0008D6  6C                 	db	108	;'l'
   907   0008D7  63                 	db	99	;'c'
   908   0008D8  6F                 	db	111	;'o'
   909   0008D9  6D                 	db	109	;'m'
   910   0008DA  65                 	db	101	;'e'
   911   0008DB  00                 	db	0
   912   0008DC                     STR_3:
   913   0008DC  61                 	db	97	;'a'
   914   0008DD  73                 	db	115	;'s'
   915   0008DE  6B                 	db	107	;'k'
   916   0008DF  00                 	db	0
   917   000884                     STR_18          equ	STR_7
   918   000884                     STR_25          equ	STR_7
   919   0008AD                     STR_14          equ	STR_4
   920   0008C2                     STR_23          equ	STR_6
   921   0008C2                     STR_27          equ	STR_6
   922   0008C6                     STR_5           equ	STR_6+4
   923   0008C6                     STR_13          equ	STR_6+4
   924   0008C6                     STR_22          equ	STR_6+4
   925   0008C6                     STR_26          equ	STR_6+4
   926   0008DC                     STR_10          equ	STR_3
   927   0008DC                     STR_12          equ	STR_3
   928   0008DC                     STR_17          equ	STR_3
   929   0008DC                     STR_21          equ	STR_3
   930   0008DC                     STR_24          equ	STR_3
   931   0008DC                     STR_32          equ	STR_3
   932   0008D4                     STR_2           equ	STR_1
   933   0008E0  00                 	db	0	; dummy byte at the end
   934   000800                     __smallconst    set	__psmallconst
   935   000800                     __mediumconst   set	__psmallconst
   936   000001                     __activetblptr  equ	1
   937                           
   938                           ; #config settings
   939                           
   940                           	psect	cinit
   941   0012DA                     __pcinit:
   942                           	callstack 0
   943   0012DA                     start_initialization:
   944                           	callstack 0
   945   0012DA                     __initialization:
   946                           	callstack 0
   947                           
   948                           ; Initialize objects allocated to COMRAM (17 bytes)
   949                           ; load TBLPTR registers with __pidataCOMRAM
   950   0012DA  0E5A               	movlw	low __pidataCOMRAM
   951   0012DC  6EF6               	movwf	tblptrl,c
   952   0012DE  0E14               	movlw	high __pidataCOMRAM
   953   0012E0  6EF7               	movwf	tblptrh,c
   954   0012E2  0E00               	movlw	low (__pidataCOMRAM shr (0+16))
   955   0012E4  6EF8               	movwf	tblptru,c
   956   0012E6  EE00  F01C         	lfsr	0,__pdataCOMRAM
   957   0012EA  EE10 F011          	lfsr	1,17
   958   0012EE                     copy_data0:
   959   0012EE  0009               	tblrd		*+
   960   0012F0  CFF5 FFEE          	movff	tablat,postinc0
   961   0012F4  50E5               	movf	postdec1,w,c
   962   0012F6  50E1               	movf	fsr1l,w,c
   963   0012F8  E1FA               	bnz	copy_data0
   964                           
   965                           ; Clear objects allocated to COMRAM (10 bytes)
   966   0012FA  EE00  F02D         	lfsr	0,__pbssCOMRAM
   967   0012FE  0E0A               	movlw	10
   968   001300                     clear_0:
   969   001300  6AEE               	clrf	postinc0,c
   970   001302  06E8               	decf	wreg,f,c
   971   001304  E1FD               	bnz	clear_0
   972   001306                     end_of_initialization:
   973                           	callstack 0
   974   001306                     __end_of__initialization:
   975                           	callstack 0
   976   001306  9037               	bcf	int$flags,0,c	;clear compiler interrupt flag (level 1)
   977   001308  9237               	bcf	int$flags,1,c	;clear compiler interrupt flag (level 2)
   978   00130A  0E00               	movlw	low (__Lsmallconst shr (0+16))
   979   00130C  6EF8               	movwf	tblptru,c
   980   00130E  0E08               	movlw	high __Lsmallconst
   981   001310  6EF7               	movwf	tblptrh,c
   982   001312  0100               	movlb	0
   983   001314  EF92  F008         	goto	_main	;jump to C main() function
   984                           
   985                           	psect	bssCOMRAM
   986   00002D                     __pbssCOMRAM:
   987                           	callstack 0
   988   00002D                     	ds	3
   989   000030                     _led_lbk_estado:
   990                           	callstack 0
   991   000030                     	ds	2
   992   000032                     _led_estado:
   993                           	callstack 0
   994   000032                     	ds	2
   995   000034                     _int0_triggered:
   996                           	callstack 0
   997   000034                     	ds	1
   998   000035                     _piezas_objetivo:
   999                           	callstack 0
  1000   000035                     	ds	1
  1001   000036                     _piezas_contadas:
  1002                           	callstack 0
  1003   000036                     	ds	1
  1004                           
  1005                           	psect	dataCOMRAM
  1006   00001C                     __pdataCOMRAM:
  1007                           	callstack 0
  1008   00001C                     load_custom_characters@F3250:
  1009                           	callstack 0
  1010   00001C                     	ds	8
  1011   000024                     load_custom_characters@F3248:
  1012                           	callstack 0
  1013   000024                     	ds	8
  1014   00002C                     _status:
  1015                           	callstack 0
  1016   00002C                     	ds	1
  1017                           
  1018                           	psect	cstackCOMRAM
  1019   000001                     __pcstackCOMRAM:
  1020                           	callstack 0
  1021   000001                     ?_atoi:
  1022                           	callstack 0
  1023   000001                     ?___awdiv:
  1024                           	callstack 0
  1025   000001                     ?___awmod:
  1026                           	callstack 0
  1027   000001                     atoi@s:
  1028                           	callstack 0
  1029   000001                     ___awdiv@dividend:
  1030                           	callstack 0
  1031   000001                     ___awmod@dividend:
  1032                           	callstack 0
  1033   000001                     ??_keypad_get_key:
  1034   000001                     ??_lcd_send_nibble:
  1035                           
  1036                           ; 1 bytes @ 0x0
  1037   000001                     	ds	1
  1038   000002                     lcd_send_nibble@nibble:
  1039                           	callstack 0
  1040                           
  1041                           ; 1 bytes @ 0x1
  1042   000002                     	ds	1
  1043   000003                     lcd_data@data:
  1044                           	callstack 0
  1045   000003                     keypad_get_key@row:
  1046                           	callstack 0
  1047   000003                     ___awdiv@divisor:
  1048                           	callstack 0
  1049   000003                     ___awmod@divisor:
  1050                           	callstack 0
  1051   000003                     ??_lcd_cmd:
  1052   000003                     ??_atoi:
  1053                           
  1054                           ; 1 bytes @ 0x2
  1055   000003                     	ds	1
  1056   000004                     lcd_cmd@cmd:
  1057                           	callstack 0
  1058   000004                     lcd_write@str:
  1059                           	callstack 0
  1060   000004                     keypad_get_key@col:
  1061                           	callstack 0
  1062                           
  1063                           ; 1 bytes @ 0x3
  1064   000004                     	ds	1
  1065   000005                     lcd_set_cursor@col:
  1066                           	callstack 0
  1067   000005                     lcd_create_char@charmap:
  1068                           	callstack 0
  1069   000005                     ___awdiv@counter:
  1070                           	callstack 0
  1071   000005                     ___awmod@counter:
  1072                           	callstack 0
  1073   000005                     ??_lcd_clear:
  1074   000005                     
  1075                           ; 1 bytes @ 0x4
  1076   000005                     	ds	1
  1077   000006                     lcd_set_cursor@row:
  1078                           	callstack 0
  1079   000006                     lcd_create_char@location:
  1080                           	callstack 0
  1081   000006                     ___awdiv@sign:
  1082                           	callstack 0
  1083   000006                     ___awmod@sign:
  1084                           	callstack 0
  1085   000006                     atoi@neg:
  1086                           	callstack 0
  1087   000006                     
  1088                           ; 1 bytes @ 0x5
  1089   000006                     	ds	1
  1090   000007                     _lcd_set_cursor$662:
  1091                           	callstack 0
  1092   000007                     lcd_create_char@i:
  1093                           	callstack 0
  1094   000007                     ___awdiv@quotient:
  1095                           	callstack 0
  1096   000007                     atoi@n:
  1097                           	callstack 0
  1098                           
  1099                           ; 2 bytes @ 0x6
  1100   000007                     	ds	2
  1101   000009                     lcd_set_cursor@addr:
  1102                           	callstack 0
  1103   000009                     load_custom_characters@smiley:
  1104                           	callstack 0
  1105   000009                     
  1106                           ; 1 bytes @ 0x8
  1107   000009                     	ds	1
  1108   00000A                     set_status@new_status:
  1109                           	callstack 0
  1110   00000A                     
  1111                           ; 1 bytes @ 0x9
  1112   00000A                     	ds	1
  1113   00000B                     ??_get_valid_input_count:
  1114                           
  1115                           ; 1 bytes @ 0xA
  1116   00000B                     	ds	2
  1117   00000D                     get_valid_input_count@buffer:
  1118                           	callstack 0
  1119                           
  1120                           ; 3 bytes @ 0xC
  1121   00000D                     	ds	3
  1122   000010                     get_valid_input_count@value:
  1123                           	callstack 0
  1124                           
  1125                           ; 2 bytes @ 0xF
  1126   000010                     	ds	1
  1127   000011                     load_custom_characters@cool_dude:
  1128                           	callstack 0
  1129                           
  1130                           ; 8 bytes @ 0x10
  1131   000011                     	ds	1
  1132   000012                     get_valid_input_count@index:
  1133                           	callstack 0
  1134                           
  1135                           ; 2 bytes @ 0x11
  1136   000012                     	ds	2
  1137   000014                     get_valid_input_count@key:
  1138                           	callstack 0
  1139                           
  1140                           ; 1 bytes @ 0x13
  1141   000014                     	ds	1
  1142   000015                     loop@key:
  1143                           	callstack 0
  1144   000015                     
  1145                           ; 1 bytes @ 0x14
  1146   000015                     	ds	4
  1147   000019                     ??_lcd_init:
  1148                           
  1149                           ; 1 bytes @ 0x18
  1150   000019                     	ds	1
  1151   00001A                     ??_main:
  1152                           
  1153                           ; 1 bytes @ 0x19
  1154   00001A                     	ds	2
  1155                           
  1156 ;;
  1157 ;;Main: autosize = 0, tempsize = 2, incstack = 0, save=0
  1158 ;;
  1159 ;; *************** function _main *****************
  1160 ;; Defined at:
  1161 ;;		line 199 in file "main.c"
  1162 ;; Parameters:    Size  Location     Type
  1163 ;;		None
  1164 ;; Auto vars:     Size  Location     Type
  1165 ;;		None
  1166 ;; Return value:  Size  Location     Type
  1167 ;;                  1    wreg      void 
  1168 ;; Registers used:
  1169 ;;		wreg, fsr1l, fsr1h, fsr2l, fsr2h, status,2, status,0, tblptrl, tblptrh, tblptru, prodl, prodh, cstack
  1170 ;; Tracked objects:
  1171 ;;		On entry : 0/0
  1172 ;;		On exit  : 0/0
  1173 ;;		Unchanged: 0/0
  1174 ;; Data sizes:     COMRAM   BANK0   BANK1   BANK2   BANK3   BANK4   BANK5   BANK6   BANK7
  1175 ;;      Params:         0       0       0       0       0       0       0       0       0
  1176 ;;      Locals:         0       0       0       0       0       0       0       0       0
  1177 ;;      Temps:          2       0       0       0       0       0       0       0       0
  1178 ;;      Totals:         2       0       0       0       0       0       0       0       0
  1179 ;;Total ram usage:        2 bytes
  1180 ;; Hardware stack levels required when called: 8
  1181 ;; This function calls:
  1182 ;;		_keypad_init
  1183 ;;		_lcd_data
  1184 ;;		_lcd_init
  1185 ;;		_lcd_set_cursor
  1186 ;;		_lcd_write
  1187 ;;		_loop
  1188 ;;		_set_status
  1189 ;;		_timer_init
  1190 ;; This function is called by:
  1191 ;;		Startup code after reset
  1192 ;; This function uses a non-reentrant model
  1193 ;;
  1194                           
  1195                           	psect	text0
  1196   001124                     __ptext0:
  1197                           	callstack 0
  1198   001124                     _main:
  1199                           	callstack 23
  1200   001124  0E72               	movlw	114
  1201   001126  6ED3               	movwf	211,c	;volatile
  1202   001128                     l130:
  1203   001128  A4D3               	btfss	211,2,c	;volatile
  1204   00112A  EF99  F008         	goto	u1231
  1205   00112E  EF9B  F008         	goto	u1230
  1206   001132                     u1231:
  1207   001132  EF94  F008         	goto	l130
  1208   001136                     u1230:
  1209   001136  0E82               	movlw	130
  1210   001138  6E1A               	movwf	??_main^0,c
  1211   00113A  0EDE               	movlw	222
  1212   00113C                     u1247:
  1213   00113C  2EE8               	decfsz	wreg,f,c
  1214   00113E  D7FE               	bra	u1247
  1215   001140  2E1A               	decfsz	??_main^0,f,c
  1216   001142  D7FC               	bra	u1247
  1217   001144  8294               	bsf	148,1,c	;volatile
  1218   001146  EC0D  F009         	call	_lcd_init	;wreg free
  1219   00114A  EC3E  F00A         	call	_keypad_init	;wreg free
  1220   00114E  EC14  F00A         	call	_timer_init	;wreg free
  1221   001152  0E01               	movlw	1
  1222   001154  6E05               	movwf	lcd_set_cursor@col^0,c
  1223   001156  0E01               	movlw	1
  1224   001158  EC8C  F009         	call	_lcd_set_cursor
  1225   00115C  0E93               	movlw	low STR_30
  1226   00115E  6E04               	movwf	lcd_write@str^0,c
  1227   001160  ECC6  F009         	call	_lcd_write	;wreg free
  1228   001164  0E00               	movlw	0
  1229   001166  EC05  F00A         	call	_lcd_data
  1230   00116A  0E01               	movlw	1
  1231   00116C  6E05               	movwf	lcd_set_cursor@col^0,c
  1232   00116E  0E02               	movlw	2
  1233   001170  EC8C  F009         	call	_lcd_set_cursor
  1234   001174  0E33               	movlw	low STR_31
  1235   001176  6E04               	movwf	lcd_write@str^0,c
  1236   001178  ECC6  F009         	call	_lcd_write	;wreg free
  1237   00117C  0E0B               	movlw	11
  1238   00117E  6E1B               	movwf	(??_main+1)^0,c
  1239   001180  0E26               	movlw	38
  1240   001182  6E1A               	movwf	??_main^0,c
  1241   001184  0E5E               	movlw	94
  1242   001186                     u1257:
  1243   001186  2EE8               	decfsz	wreg,f,c
  1244   001188  D7FE               	bra	u1257
  1245   00118A  2E1A               	decfsz	??_main^0,f,c
  1246   00118C  D7FC               	bra	u1257
  1247   00118E  2E1B               	decfsz	(??_main+1)^0,f,c
  1248   001190  D7FA               	bra	u1257
  1249   001192  0EDC               	movlw	low STR_3
  1250   001194  6E0A               	movwf	set_status@new_status^0,c
  1251   001196  ECE3  F007         	call	_set_status	;wreg free
  1252   00119A  EC77  F005         	call	_loop	;wreg free
  1253   00119E  EF07  F000         	goto	start
  1254   0011A2                     __end_of_main:
  1255                           	callstack 0
  1256                           
  1257 ;; *************** function _timer_init *****************
  1258 ;; Defined at:
  1259 ;;		line 182 in file "main.c"
  1260 ;; Parameters:    Size  Location     Type
  1261 ;;		None
  1262 ;; Auto vars:     Size  Location     Type
  1263 ;;		None
  1264 ;; Return value:  Size  Location     Type
  1265 ;;                  1    wreg      void 
  1266 ;; Registers used:
  1267 ;;		wreg, status,2
  1268 ;; Tracked objects:
  1269 ;;		On entry : 0/0
  1270 ;;		On exit  : 0/0
  1271 ;;		Unchanged: 0/0
  1272 ;; Data sizes:     COMRAM   BANK0   BANK1   BANK2   BANK3   BANK4   BANK5   BANK6   BANK7
  1273 ;;      Params:         0       0       0       0       0       0       0       0       0
  1274 ;;      Locals:         0       0       0       0       0       0       0       0       0
  1275 ;;      Temps:          0       0       0       0       0       0       0       0       0
  1276 ;;      Totals:         0       0       0       0       0       0       0       0       0
  1277 ;;Total ram usage:        0 bytes
  1278 ;; Hardware stack levels used: 1
  1279 ;; Hardware stack levels required when called: 1
  1280 ;; This function calls:
  1281 ;;		Nothing
  1282 ;; This function is called by:
  1283 ;;		_main
  1284 ;; This function uses a non-reentrant model
  1285 ;;
  1286                           
  1287                           	psect	text1
  1288   001428                     __ptext1:
  1289                           	callstack 0
  1290   001428                     _timer_init:
  1291                           	callstack 29
  1292   001428                     
  1293                           ;main.c: 183: 
  1294   001428  9292               	bcf	146,1,c	;volatile
  1295                           
  1296                           ;main.c: 184:     lcd_set_cursor(1, 1);
  1297   00142A  9289               	bcf	137,1,c	;volatile
  1298   00142C                     
  1299                           ;main.c: 187: 
  1300   00142C  0E31               	movlw	49
  1301   00142E  6ECD               	movwf	205,c	;volatile
  1302                           
  1303                           ;main.c: 189:     lcd_write("contador play...");
  1304   001430  0E19               	movlw	25
  1305   001432  6ECF               	movwf	207,c	;volatile
  1306                           
  1307                           ;main.c: 190:     _delay((unsigned long)((1000)*(8000000/4000.0)));
  1308   001434  0E48               	movlw	72
  1309   001436  6ECE               	movwf	206,c	;volatile
  1310   001438                     
  1311                           ;main.c: 192:     loop();
  1312   001438  909E               	bcf	158,0,c	;volatile
  1313   00143A                     
  1314                           ;main.c: 193: 
  1315   00143A  809D               	bsf	157,0,c	;volatile
  1316   00143C                     
  1317                           ;main.c: 194: }
  1318   00143C  8CF2               	bsf	242,6,c	;volatile
  1319   00143E  8EF2               	bsf	242,7,c	;volatile
  1320   001440  0012               	return		;funcret
  1321   001442                     __end_of_timer_init:
  1322                           	callstack 0
  1323                           
  1324 ;; *************** function _loop *****************
  1325 ;; Defined at:
  1326 ;;		line 134 in file "main.c"
  1327 ;; Parameters:    Size  Location     Type
  1328 ;;		None
  1329 ;; Auto vars:     Size  Location     Type
  1330 ;;  key             1   20[COMRAM] unsigned char 
  1331 ;; Return value:  Size  Location     Type
  1332 ;;                  1    wreg      void 
  1333 ;; Registers used:
  1334 ;;		wreg, fsr2l, fsr2h, status,2, status,0, tblptrl, tblptrh, tblptru, prodl, prodh, cstack
  1335 ;; Tracked objects:
  1336 ;;		On entry : 0/0
  1337 ;;		On exit  : 0/0
  1338 ;;		Unchanged: 0/0
  1339 ;; Data sizes:     COMRAM   BANK0   BANK1   BANK2   BANK3   BANK4   BANK5   BANK6   BANK7
  1340 ;;      Params:         0       0       0       0       0       0       0       0       0
  1341 ;;      Locals:         1       0       0       0       0       0       0       0       0
  1342 ;;      Temps:          0       0       0       0       0       0       0       0       0
  1343 ;;      Totals:         1       0       0       0       0       0       0       0       0
  1344 ;;Total ram usage:        1 bytes
  1345 ;; Hardware stack levels used: 1
  1346 ;; Hardware stack levels required when called: 7
  1347 ;; This function calls:
  1348 ;;		_count_update_screen
  1349 ;;		_get_valid_input_count
  1350 ;;		_keypad_get_key
  1351 ;;		_lcd_clear
  1352 ;;		_lcd_data
  1353 ;;		_lcd_set_cursor
  1354 ;;		_lcd_write
  1355 ;;		_set_status
  1356 ;; This function is called by:
  1357 ;;		_main
  1358 ;; This function uses a non-reentrant model
  1359 ;;
  1360                           
  1361                           	psect	text2
  1362   000AEE                     __ptext2:
  1363                           	callstack 0
  1364   000AEE                     _loop:
  1365                           	callstack 23
  1366   000AEE                     
  1367                           ;main.c: 135:                 lcd_set_cursor(1, 1);
  1368   000AEE  EF28  F006         	goto	l1724
  1369   000AF2                     l1662:
  1370                           
  1371                           ;main.c: 136:                 lcd_write("ObjetivoCumplido");
  1372   000AF2  EC71  F004         	call	_get_valid_input_count	;wreg free
  1373   000AF6                     l1664:
  1374                           
  1375                           ;main.c: 137:                 lcd_set_cursor(2, 1);
  1376   000AF6  EC8A  F007         	call	_count_update_screen	;wreg free
  1377   000AFA                     l1666:
  1378                           
  1379                           ;main.c: 140:             }
  1380   000AFA  ECB8  F006         	call	_keypad_get_key	;wreg free
  1381   000AFE  6E15               	movwf	loop@key^0,c
  1382   000B00                     
  1383                           ;main.c: 141: 
  1384   000B00  0E2A               	movlw	42
  1385   000B02  1815               	xorwf	loop@key^0,w,c
  1386   000B04  A4D8               	btfss	status,2,c
  1387   000B06  EF87  F005         	goto	u1091
  1388   000B0A  EF89  F005         	goto	u1090
  1389   000B0E                     u1091:
  1390   000B0E  EF92  F005         	goto	l1674
  1391   000B12                     u1090:
  1392   000B12                     
  1393                           ;main.c: 142:             if (PORTCbits.RC1 == 1 && int0_triggered == 0) {
  1394   000B12  6A36               	clrf	_piezas_contadas^0,c	;volatile
  1395   000B14                     
  1396                           ;main.c: 143:                 int0_triggered = 1;
  1397   000B14  0EC6               	movlw	low (STR_6+4)
  1398   000B16  6E0A               	movwf	set_status@new_status^0,c
  1399   000B18  ECE3  F007         	call	_set_status	;wreg free
  1400                           
  1401                           ;main.c: 144:                 if (piezas_contadas < piezas_objetivo) {
  1402   000B1C  EC8A  F007         	call	_count_update_screen	;wreg free
  1403                           
  1404                           ;main.c: 145:                     piezas_contadas++;
  1405   000B20  EFCC  F005         	goto	l1694
  1406   000B24                     l1674:
  1407   000B24  0E44               	movlw	68
  1408   000B26  1815               	xorwf	loop@key^0,w,c
  1409   000B28  A4D8               	btfss	status,2,c
  1410   000B2A  EF99  F005         	goto	u1101
  1411   000B2E  EF9B  F005         	goto	u1100
  1412   000B32                     u1101:
  1413   000B32  EFA4  F005         	goto	l1680
  1414   000B36                     u1100:
  1415   000B36                     
  1416                           ;main.c: 147:                 }
  1417   000B36  0E01               	movlw	1
  1418   000B38  1A32               	xorwf	_led_estado^0,f,c	;volatile
  1419   000B3A                     
  1420                           ;main.c: 148:             }
  1421   000B3A  B032               	btfsc	_led_estado^0,0,c	;volatile
  1422   000B3C  D002               	bra	u1115
  1423   000B3E  9689               	bcf	137,3,c	;volatile
  1424   000B40  D001               	bra	u1116
  1425   000B42                     u1115:
  1426   000B42  8689               	bsf	137,3,c	;volatile
  1427   000B44                     u1116:
  1428                           
  1429                           ;main.c: 149:             else if (PORTCbits.RC1 == 0 && int0_triggered == 1) {
  1430   000B44  EFCC  F005         	goto	l1694
  1431   000B48                     l1680:
  1432   000B48  0E41               	movlw	65
  1433   000B4A  1815               	xorwf	loop@key^0,w,c
  1434   000B4C  A4D8               	btfss	status,2,c
  1435   000B4E  EFAB  F005         	goto	u1121
  1436   000B52  EFAD  F005         	goto	u1120
  1437   000B56                     u1121:
  1438   000B56  EFBD  F005         	goto	l1690
  1439   000B5A                     u1120:
  1440   000B5A  0EC2               	movlw	low STR_6
  1441   000B5C  182C               	xorwf	_status^0,w,c
  1442   000B5E  A4D8               	btfss	status,2,c
  1443   000B60  EFB4  F005         	goto	u1131
  1444   000B64  EFB6  F005         	goto	u1130
  1445   000B68                     u1131:
  1446   000B68  EFBD  F005         	goto	l1690
  1447   000B6C                     u1130:
  1448   000B6C                     
  1449                           ;main.c: 151:             }
  1450   000B6C  6A36               	clrf	_piezas_contadas^0,c	;volatile
  1451   000B6E                     
  1452                           ;main.c: 152:         }
  1453   000B6E  0EDC               	movlw	low STR_3
  1454   000B70  6E0A               	movwf	set_status@new_status^0,c
  1455   000B72  ECE3  F007         	call	_set_status	;wreg free
  1456                           
  1457                           ;main.c: 153:     }
  1458   000B76  EF28  F006         	goto	l1724
  1459   000B7A                     l1690:
  1460   000B7A  0E42               	movlw	66
  1461   000B7C  1815               	xorwf	loop@key^0,w,c
  1462   000B7E  A4D8               	btfss	status,2,c
  1463   000B80  EFC4  F005         	goto	u1141
  1464   000B84  EFC6  F005         	goto	u1140
  1465   000B88                     u1141:
  1466   000B88  EFCC  F005         	goto	l110
  1467   000B8C                     u1140:
  1468   000B8C                     
  1469                           ;main.c: 156: void timer_init(void) {
  1470   000B8C  0E84               	movlw	low STR_7
  1471   000B8E  6E0A               	movwf	set_status@new_status^0,c
  1472   000B90  ECE3  F007         	call	_set_status	;wreg free
  1473   000B94  EFCC  F005         	goto	l1694
  1474   000B98                     l110:
  1475   000B98                     l1694:
  1476                           
  1477                           ;main.c: 158:     LATAbits.LATA1 = 0;
  1478   000B98  5035               	movf	_piezas_objetivo^0,w,c
  1479   000B9A  5C36               	subwf	_piezas_contadas^0,w,c	;volatile
  1480   000B9C  A0D8               	btfss	status,0,c
  1481   000B9E  EFD3  F005         	goto	u1151
  1482   000BA2  EFD5  F005         	goto	u1150
  1483   000BA6                     u1151:
  1484   000BA6  EFF9  F005         	goto	l1708
  1485   000BAA                     u1150:
  1486   000BAA  0EC6               	movlw	low (STR_6+4)
  1487   000BAC  182C               	xorwf	_status^0,w,c
  1488   000BAE  A4D8               	btfss	status,2,c
  1489   000BB0  EFDC  F005         	goto	u1161
  1490   000BB4  EFDE  F005         	goto	u1160
  1491   000BB8                     u1161:
  1492   000BB8  EFF9  F005         	goto	l1708
  1493   000BBC                     u1160:
  1494   000BBC                     
  1495                           ;main.c: 159: 
  1496   000BBC  0EC2               	movlw	low STR_6
  1497   000BBE  6E0A               	movwf	set_status@new_status^0,c
  1498   000BC0  ECE3  F007         	call	_set_status	;wreg free
  1499   000BC4                     
  1500                           ;main.c: 160: 
  1501   000BC4  EC21  F00A         	call	_lcd_clear	;wreg free
  1502   000BC8                     
  1503                           ;main.c: 161:     T1CON = 0b00110001;
  1504   000BC8  0E01               	movlw	1
  1505   000BCA  6E05               	movwf	lcd_set_cursor@col^0,c
  1506   000BCC  0E01               	movlw	1
  1507   000BCE  EC8C  F009         	call	_lcd_set_cursor
  1508                           
  1509                           ;main.c: 162: 
  1510   000BD2  0E55               	movlw	low STR_28
  1511   000BD4  6E04               	movwf	lcd_write@str^0,c
  1512   000BD6  ECC6  F009         	call	_lcd_write	;wreg free
  1513   000BDA                     
  1514                           ;main.c: 163:     TMR1H = 0x19;
  1515   000BDA  0E01               	movlw	1
  1516   000BDC  6E05               	movwf	lcd_set_cursor@col^0,c
  1517   000BDE  0E02               	movlw	2
  1518   000BE0  EC8C  F009         	call	_lcd_set_cursor
  1519   000BE4                     
  1520                           ;main.c: 164:     TMR1L = 0x48;
  1521   000BE4  0E66               	movlw	low STR_29
  1522   000BE6  6E04               	movwf	lcd_write@str^0,c
  1523   000BE8  ECC6  F009         	call	_lcd_write	;wreg free
  1524                           
  1525                           ;main.c: 165: 
  1526   000BEC  0E01               	movlw	1
  1527   000BEE  EC05  F00A         	call	_lcd_data
  1528   000BF2                     l1708:
  1529                           
  1530                           ;main.c: 168:     INTCONbits.PEIE = 1;
  1531   000BF2  A282               	btfss	130,1,c	;volatile
  1532   000BF4  EFFE  F005         	goto	u1171
  1533   000BF8  EF00  F006         	goto	u1170
  1534   000BFC                     u1171:
  1535   000BFC  EF16  F006         	goto	l116
  1536   000C00                     u1170:
  1537   000C00  5034               	movf	_int0_triggered^0,w,c	;volatile
  1538   000C02  A4D8               	btfss	status,2,c
  1539   000C04  EF06  F006         	goto	u1181
  1540   000C08  EF08  F006         	goto	u1180
  1541   000C0C                     u1181:
  1542   000C0C  EF16  F006         	goto	l116
  1543   000C10                     u1180:
  1544   000C10                     
  1545                           ;main.c: 169:     INTCONbits.GIE = 1;
  1546   000C10  0E01               	movlw	1
  1547   000C12  6E34               	movwf	_int0_triggered^0,c	;volatile
  1548   000C14                     
  1549                           ;main.c: 170: }
  1550   000C14  5035               	movf	_piezas_objetivo^0,w,c
  1551   000C16  5C36               	subwf	_piezas_contadas^0,w,c	;volatile
  1552   000C18  B0D8               	btfsc	status,0,c
  1553   000C1A  EF11  F006         	goto	u1191
  1554   000C1E  EF13  F006         	goto	u1190
  1555   000C22                     u1191:
  1556   000C22  EF7D  F005         	goto	l1666
  1557   000C26                     u1190:
  1558   000C26                     
  1559                           ;main.c: 171: 
  1560   000C26  2A36               	incf	_piezas_contadas^0,f,c	;volatile
  1561   000C28  EF7B  F005         	goto	l1664
  1562   000C2C                     l116:
  1563   000C2C  B282               	btfsc	130,1,c	;volatile
  1564   000C2E  EF1B  F006         	goto	u1201
  1565   000C32  EF1D  F006         	goto	u1200
  1566   000C36                     u1201:
  1567   000C36  EF7D  F005         	goto	l1666
  1568   000C3A                     u1200:
  1569   000C3A  0434               	decf	_int0_triggered^0,w,c	;volatile
  1570   000C3C  A4D8               	btfss	status,2,c
  1571   000C3E  EF23  F006         	goto	u1211
  1572   000C42  EF25  F006         	goto	u1210
  1573   000C46                     u1211:
  1574   000C46  EF7D  F005         	goto	l1666
  1575   000C4A                     u1210:
  1576   000C4A                     
  1577                           ;main.c: 176:     while (!OSCCONbits.IOFS);
  1578   000C4A  6A34               	clrf	_int0_triggered^0,c	;volatile
  1579   000C4C  EF7D  F005         	goto	l1666
  1580   000C50                     l1724:
  1581                           
  1582                           ;main.c: 135:                 lcd_set_cursor(1, 1);
  1583   000C50  0EDC               	movlw	low STR_3
  1584   000C52  182C               	xorwf	_status^0,w,c
  1585   000C54  B4D8               	btfsc	status,2,c
  1586   000C56  EF2F  F006         	goto	u1221
  1587   000C5A  EF31  F006         	goto	u1220
  1588   000C5E                     u1221:
  1589   000C5E  EF79  F005         	goto	l1662
  1590   000C62                     u1220:
  1591   000C62  0012               	return		;funcret
  1592   000C64                     __end_of_loop:
  1593                           	callstack 0
  1594                           
  1595 ;; *************** function _get_valid_input_count *****************
  1596 ;; Defined at:
  1597 ;;		line 67 in file "main.c"
  1598 ;; Parameters:    Size  Location     Type
  1599 ;;		None
  1600 ;; Auto vars:     Size  Location     Type
  1601 ;;  buffer          3   12[COMRAM] unsigned char [3]
  1602 ;;  index           2   17[COMRAM] int 
  1603 ;;  value           2   15[COMRAM] int 
  1604 ;;  key             1   19[COMRAM] unsigned char 
  1605 ;; Return value:  Size  Location     Type
  1606 ;;                  1    wreg      unsigned char 
  1607 ;; Registers used:
  1608 ;;		wreg, fsr2l, fsr2h, status,2, status,0, tblptrl, tblptrh, tblptru, prodl, prodh, cstack
  1609 ;; Tracked objects:
  1610 ;;		On entry : 0/0
  1611 ;;		On exit  : 0/0
  1612 ;;		Unchanged: 0/0
  1613 ;; Data sizes:     COMRAM   BANK0   BANK1   BANK2   BANK3   BANK4   BANK5   BANK6   BANK7
  1614 ;;      Params:         0       0       0       0       0       0       0       0       0
  1615 ;;      Locals:         8       0       0       0       0       0       0       0       0
  1616 ;;      Temps:          2       0       0       0       0       0       0       0       0
  1617 ;;      Totals:        10       0       0       0       0       0       0       0       0
  1618 ;;Total ram usage:       10 bytes
  1619 ;; Hardware stack levels used: 1
  1620 ;; Hardware stack levels required when called: 6
  1621 ;; This function calls:
  1622 ;;		_atoi
  1623 ;;		_keypad_get_key
  1624 ;;		_lcd_clear
  1625 ;;		_lcd_cmd
  1626 ;;		_lcd_data
  1627 ;;		_lcd_set_cursor
  1628 ;;		_lcd_write
  1629 ;;		_set_status
  1630 ;; This function is called by:
  1631 ;;		_loop
  1632 ;; This function uses a non-reentrant model
  1633 ;;
  1634                           
  1635                           	psect	text3
  1636   0008E2                     __ptext3:
  1637                           	callstack 0
  1638   0008E2                     _get_valid_input_count:
  1639                           	callstack 23
  1640   0008E2                     
  1641                           ;main.c: 68:                     lcd_cmd(0x0C);
  1642   0008E2  0E00               	movlw	0
  1643   0008E4  6E0D               	movwf	get_valid_input_count@buffer^0,c
  1644   0008E6  0E00               	movlw	0
  1645   0008E8  6E0E               	movwf	(get_valid_input_count@buffer+1)^0,c
  1646   0008EA  0E00               	movlw	0
  1647   0008EC  6E0F               	movwf	(get_valid_input_count@buffer+2)^0,c
  1648                           
  1649                           ;main.c: 69:                     set_status("count");;main.c: 70:                     pi
      +                          ezas_objetivo = value;;main.c: 71:                 } else {;main.c: 73:                 
      +                              lcd_clear();
  1650   0008EE  EF6D  F005         	goto	l1638
  1651   0008F2                     l1568:
  1652                           
  1653                           ;main.c: 74:                     lcd_write("Valor Invalido");
  1654   0008F2  0E00               	movlw	0
  1655   0008F4  6E13               	movwf	(get_valid_input_count@index+1)^0,c
  1656   0008F6  0E00               	movlw	0
  1657   0008F8  6E12               	movwf	get_valid_input_count@index^0,c
  1658   0008FA                     
  1659                           ;main.c: 75:                     lcd_set_cursor(2, 1);
  1660   0008FA  EC21  F00A         	call	_lcd_clear	;wreg free
  1661   0008FE                     
  1662                           ;main.c: 76:                     lcd_write("Solo 1 a 59");
  1663   0008FE  0E44               	movlw	low STR_11
  1664   000900  6E04               	movwf	lcd_write@str^0,c
  1665   000902  ECC6  F009         	call	_lcd_write	;wreg free
  1666   000906                     
  1667                           ;main.c: 77:                     _delay((unsigned long)((5000)*(8000000/4000.0)));
  1668   000906  0E01               	movlw	1
  1669   000908  6E05               	movwf	lcd_set_cursor@col^0,c
  1670   00090A  0E02               	movlw	2
  1671   00090C  EC8C  F009         	call	_lcd_set_cursor
  1672   000910                     
  1673                           ;main.c: 78:                     set_status("ask");
  1674   000910  0E0E               	movlw	14
  1675   000912  ECF2  F009         	call	_lcd_cmd
  1676                           
  1677                           ;main.c: 80:                 }
  1678   000916  EF64  F005         	goto	l83
  1679   00091A                     l1578:
  1680                           
  1681                           ;main.c: 81:             } else if (key == 'B') {
  1682   00091A  ECB8  F006         	call	_keypad_get_key	;wreg free
  1683   00091E  6E14               	movwf	get_valid_input_count@key^0,c
  1684   000920                     
  1685                           ;main.c: 82:                 set_status("stop_emergency");
  1686   000920  0E2F               	movlw	47
  1687   000922  6414               	cpfsgt	get_valid_input_count@key^0,c
  1688   000924  EF96  F004         	goto	u941
  1689   000928  EF98  F004         	goto	u940
  1690   00092C                     u941:
  1691   00092C  EFBB  F004         	goto	l1592
  1692   000930                     u940:
  1693   000930  0E3A               	movlw	58
  1694   000932  6014               	cpfslt	get_valid_input_count@key^0,c
  1695   000934  EF9E  F004         	goto	u951
  1696   000938  EFA0  F004         	goto	u950
  1697   00093C                     u951:
  1698   00093C  EFBB  F004         	goto	l1592
  1699   000940                     u950:
  1700   000940  BE13               	btfsc	(get_valid_input_count@index+1)^0,7,c
  1701   000942  EFAE  F004         	goto	u960
  1702   000946  5013               	movf	(get_valid_input_count@index+1)^0,w,c
  1703   000948  E107               	bnz	u961
  1704   00094A  0E02               	movlw	2
  1705   00094C  5C12               	subwf	get_valid_input_count@index^0,w,c
  1706   00094E  B0D8               	btfsc	status,0,c
  1707   000950  EFAC  F004         	goto	u961
  1708   000954  EFAE  F004         	goto	u960
  1709   000958                     u961:
  1710   000958  EFBB  F004         	goto	l1592
  1711   00095C                     u960:
  1712   00095C                     
  1713                           ;main.c: 83:             }
  1714   00095C  5012               	movf	get_valid_input_count@index^0,w,c
  1715   00095E  0F0D               	addlw	low get_valid_input_count@buffer
  1716   000960  6ED9               	movwf	fsr2l,c
  1717   000962  6ADA               	clrf	fsr2h,c
  1718   000964  C014  FFDF         	movff	get_valid_input_count@key,indf2
  1719   000968  4A12               	infsnz	get_valid_input_count@index^0,f,c
  1720   00096A  2A13               	incf	(get_valid_input_count@index+1)^0,f,c
  1721   00096C                     
  1722                           ;main.c: 84:             else if (key == 'D') {
  1723   00096C  5014               	movf	get_valid_input_count@key^0,w,c
  1724   00096E  EC05  F00A         	call	_lcd_data
  1725                           
  1726                           ;main.c: 85:                 led_estado ^= 1;
  1727   000972  EF64  F005         	goto	l83
  1728   000976                     l1592:
  1729   000976  0E43               	movlw	67
  1730   000978  1814               	xorwf	get_valid_input_count@key^0,w,c
  1731   00097A  A4D8               	btfss	status,2,c
  1732   00097C  EFC2  F004         	goto	u971
  1733   000980  EFC4  F004         	goto	u970
  1734   000984                     u971:
  1735   000984  EFE3  F004         	goto	l1600
  1736   000988                     u970:
  1737   000988  BE13               	btfsc	(get_valid_input_count@index+1)^0,7,c
  1738   00098A  EFCF  F004         	goto	u981
  1739   00098E  5013               	movf	(get_valid_input_count@index+1)^0,w,c
  1740   000990  E108               	bnz	u980
  1741   000992  0412               	decf	get_valid_input_count@index^0,w,c
  1742   000994  A0D8               	btfss	status,0,c
  1743   000996  EFCF  F004         	goto	u981
  1744   00099A  EFD1  F004         	goto	u980
  1745   00099E                     u981:
  1746   00099E  EFE3  F004         	goto	l1600
  1747   0009A2                     u980:
  1748   0009A2                     
  1749                           ;main.c: 86:                 LATAbits.LATA3 = led_estado;
  1750   0009A2  C012  F005         	movff	get_valid_input_count@index,lcd_set_cursor@col
  1751   0009A6  0E02               	movlw	2
  1752   0009A8  EC8C  F009         	call	_lcd_set_cursor
  1753                           
  1754                           ;main.c: 87:             }
  1755   0009AC  0E20               	movlw	32
  1756   0009AE  EC05  F00A         	call	_lcd_data
  1757                           
  1758                           ;main.c: 88:         }
  1759   0009B2  C012  F005         	movff	get_valid_input_count@index,lcd_set_cursor@col
  1760   0009B6  0E02               	movlw	2
  1761   0009B8  EC8C  F009         	call	_lcd_set_cursor
  1762   0009BC                     
  1763                           ;main.c: 89:     }
  1764   0009BC  0612               	decf	get_valid_input_count@index^0,f,c
  1765   0009BE  A0D8               	btfss	status,0,c
  1766   0009C0  0613               	decf	(get_valid_input_count@index+1)^0,f,c
  1767                           
  1768                           ;main.c: 90: }
  1769   0009C2  EF64  F005         	goto	l83
  1770   0009C6                     l1600:
  1771   0009C6  0E41               	movlw	65
  1772   0009C8  1814               	xorwf	get_valid_input_count@key^0,w,c
  1773   0009CA  A4D8               	btfss	status,2,c
  1774   0009CC  EFEA  F004         	goto	u991
  1775   0009D0  EFEC  F004         	goto	u990
  1776   0009D4                     u991:
  1777   0009D4  EF43  F005         	goto	l1628
  1778   0009D8                     u990:
  1779   0009D8                     
  1780                           ;main.c: 91: 
  1781   0009D8  5012               	movf	get_valid_input_count@index^0,w,c
  1782   0009DA  0F0D               	addlw	low get_valid_input_count@buffer
  1783   0009DC  6ED9               	movwf	fsr2l,c
  1784   0009DE  6ADA               	clrf	fsr2h,c
  1785   0009E0  6ADF               	clrf	indf2,c
  1786   0009E2                     
  1787                           ;main.c: 92: void count_update_screen(void) {
  1788   0009E2  0E0D               	movlw	low get_valid_input_count@buffer
  1789   0009E4  6E01               	movwf	atoi@s^0,c
  1790   0009E6  EC32  F006         	call	_atoi	;wreg free
  1791   0009EA  C001  F010         	movff	?_atoi,get_valid_input_count@value
  1792   0009EE  C002  F011         	movff	?_atoi+1,get_valid_input_count@value+1
  1793   0009F2                     
  1794                           ;main.c: 93: 
  1795   0009F2  BE11               	btfsc	(get_valid_input_count@value+1)^0,7,c
  1796   0009F4  EF04  F005         	goto	u1001
  1797   0009F8  5011               	movf	(get_valid_input_count@value+1)^0,w,c
  1798   0009FA  E108               	bnz	u1000
  1799   0009FC  0410               	decf	get_valid_input_count@value^0,w,c
  1800   0009FE  A0D8               	btfss	status,0,c
  1801   000A00  EF04  F005         	goto	u1001
  1802   000A04  EF06  F005         	goto	u1000
  1803   000A08                     u1001:
  1804   000A08  EF1F  F005         	goto	l1616
  1805   000A0C                     u1000:
  1806   000A0C  BE11               	btfsc	(get_valid_input_count@value+1)^0,7,c
  1807   000A0E  EF14  F005         	goto	u1010
  1808   000A12  5011               	movf	(get_valid_input_count@value+1)^0,w,c
  1809   000A14  E107               	bnz	u1011
  1810   000A16  0E3C               	movlw	60
  1811   000A18  5C10               	subwf	get_valid_input_count@value^0,w,c
  1812   000A1A  B0D8               	btfsc	status,0,c
  1813   000A1C  EF12  F005         	goto	u1011
  1814   000A20  EF14  F005         	goto	u1010
  1815   000A24                     u1011:
  1816   000A24  EF1F  F005         	goto	l1616
  1817   000A28                     u1010:
  1818   000A28                     
  1819                           ;main.c: 94:     lcd_clear();
  1820   000A28  0E0C               	movlw	12
  1821   000A2A  ECF2  F009         	call	_lcd_cmd
  1822   000A2E                     
  1823                           ;main.c: 95:     lcd_set_cursor(1, 1);
  1824   000A2E  0EC6               	movlw	low (STR_6+4)
  1825   000A30  6E0A               	movwf	set_status@new_status^0,c
  1826   000A32  ECE3  F007         	call	_set_status	;wreg free
  1827   000A36                     
  1828                           ;main.c: 96:     lcd_write("Objetivo:");
  1829   000A36  C010  F035         	movff	get_valid_input_count@value,_piezas_objetivo
  1830                           
  1831                           ;main.c: 97:     lcd_set_cursor(1, 11);
  1832   000A3A  EF64  F005         	goto	l83
  1833   000A3E                     l1616:
  1834                           
  1835                           ;main.c: 98:     lcd_data((piezas_objetivo / 10) + '0');
  1836   000A3E  0EAD               	movlw	low STR_4
  1837   000A40  6E0A               	movwf	set_status@new_status^0,c
  1838   000A42  ECE3  F007         	call	_set_status	;wreg free
  1839   000A46                     
  1840                           ;main.c: 99:     lcd_data((piezas_objetivo % 10) + '0');
  1841   000A46  EC21  F00A         	call	_lcd_clear	;wreg free
  1842   000A4A                     
  1843                           ;main.c: 100: 
  1844   000A4A  0E75               	movlw	low STR_15
  1845   000A4C  6E04               	movwf	lcd_write@str^0,c
  1846   000A4E  ECC6  F009         	call	_lcd_write	;wreg free
  1847                           
  1848                           ;main.c: 101:     lcd_set_cursor(2, 1);
  1849   000A52  0E01               	movlw	1
  1850   000A54  6E05               	movwf	lcd_set_cursor@col^0,c
  1851   000A56  0E02               	movlw	2
  1852   000A58  EC8C  F009         	call	_lcd_set_cursor
  1853   000A5C                     
  1854                           ;main.c: 102:     lcd_write("Faltan:");
  1855   000A5C  0EA1               	movlw	low STR_16
  1856   000A5E  6E04               	movwf	lcd_write@str^0,c
  1857   000A60  ECC6  F009         	call	_lcd_write	;wreg free
  1858   000A64                     
  1859                           ;main.c: 103:     lcd_set_cursor(2, 9);
  1860   000A64  0E33               	movlw	51
  1861   000A66  6E0C               	movwf	(??_get_valid_input_count+1)^0,c
  1862   000A68  0EBB               	movlw	187
  1863   000A6A  6E0B               	movwf	??_get_valid_input_count^0,c
  1864   000A6C  0EE0               	movlw	224
  1865   000A6E                     u1267:
  1866   000A6E  2EE8               	decfsz	wreg,f,c
  1867   000A70  D7FE               	bra	u1267
  1868   000A72  2E0B               	decfsz	??_get_valid_input_count^0,f,c
  1869   000A74  D7FC               	bra	u1267
  1870   000A76  2E0C               	decfsz	(??_get_valid_input_count+1)^0,f,c
  1871   000A78  D7FA               	bra	u1267
  1872   000A7A                     
  1873                           ;main.c: 104:     lcd_data(( (piezas_objetivo-piezas_contadas) / 10) + '0');
  1874   000A7A  0EDC               	movlw	low STR_3
  1875   000A7C  6E0A               	movwf	set_status@new_status^0,c
  1876   000A7E  ECE3  F007         	call	_set_status	;wreg free
  1877                           
  1878                           ;main.c: 105:     lcd_data(( (piezas_objetivo-piezas_contadas) % 10) + '0');
  1879   000A82  EF6D  F005         	goto	l1638
  1880   000A86                     l1628:
  1881   000A86  0E42               	movlw	66
  1882   000A88  1814               	xorwf	get_valid_input_count@key^0,w,c
  1883   000A8A  A4D8               	btfss	status,2,c
  1884   000A8C  EF4A  F005         	goto	u1021
  1885   000A90  EF4C  F005         	goto	u1020
  1886   000A94                     u1021:
  1887   000A94  EF52  F005         	goto	l1632
  1888   000A98                     u1020:
  1889   000A98                     
  1890                           ;main.c: 108: void loop(void) {
  1891   000A98  0E84               	movlw	low STR_7
  1892   000A9A  6E0A               	movwf	set_status@new_status^0,c
  1893   000A9C  ECE3  F007         	call	_set_status	;wreg free
  1894                           
  1895                           ;main.c: 109:     while(status == "ask") {
  1896   000AA0  EF64  F005         	goto	l83
  1897   000AA4                     l1632:
  1898   000AA4  0E44               	movlw	68
  1899   000AA6  1814               	xorwf	get_valid_input_count@key^0,w,c
  1900   000AA8  A4D8               	btfss	status,2,c
  1901   000AAA  EF59  F005         	goto	u1031
  1902   000AAE  EF5B  F005         	goto	u1030
  1903   000AB2                     u1031:
  1904   000AB2  EF64  F005         	goto	l88
  1905   000AB6                     u1030:
  1906   000AB6                     
  1907                           ;main.c: 111:         count_update_screen();
  1908   000AB6  0E01               	movlw	1
  1909   000AB8  1A32               	xorwf	_led_estado^0,f,c	;volatile
  1910   000ABA                     
  1911                           ;main.c: 112: 
  1912   000ABA  B032               	btfsc	_led_estado^0,0,c	;volatile
  1913   000ABC  D002               	bra	u1045
  1914   000ABE  9689               	bcf	137,3,c	;volatile
  1915   000AC0  D001               	bra	u1046
  1916   000AC2                     u1045:
  1917   000AC2  8689               	bsf	137,3,c	;volatile
  1918   000AC4                     u1046:
  1919   000AC4  EF64  F005         	goto	l83
  1920   000AC8                     l88:
  1921   000AC8                     l83:
  1922                           
  1923                           ;main.c: 80:                 }
  1924   000AC8  0EDC               	movlw	low STR_3
  1925   000ACA  182C               	xorwf	_status^0,w,c
  1926   000ACC  B4D8               	btfsc	status,2,c
  1927   000ACE  EF6B  F005         	goto	u1051
  1928   000AD2  EF6D  F005         	goto	u1050
  1929   000AD6                     u1051:
  1930   000AD6  EF8D  F004         	goto	l1578
  1931   000ADA                     u1050:
  1932   000ADA                     l1638:
  1933                           
  1934                           ;main.c: 73:                     lcd_clear();
  1935   000ADA  0EDC               	movlw	low STR_3
  1936   000ADC  182C               	xorwf	_status^0,w,c
  1937   000ADE  B4D8               	btfsc	status,2,c
  1938   000AE0  EF74  F005         	goto	u1061
  1939   000AE4  EF76  F005         	goto	u1060
  1940   000AE8                     u1061:
  1941   000AE8  EF79  F004         	goto	l1568
  1942   000AEC                     u1060:
  1943   000AEC  0012               	return		;funcret
  1944   000AEE                     __end_of_get_valid_input_count:
  1945                           	callstack 0
  1946                           
  1947 ;; *************** function _set_status *****************
  1948 ;; Defined at:
  1949 ;;		line 39 in file "main.c"
  1950 ;; Parameters:    Size  Location     Type
  1951 ;;  new_status      1    9[COMRAM] PTR unsigned char 
  1952 ;;		 -> STR_32(4), STR_27(10), STR_25(15), STR_24(4), 
  1953 ;;		 -> STR_22(6), STR_18(15), STR_17(4), STR_14(11), 
  1954 ;;		 -> STR_13(6), 
  1955 ;; Auto vars:     Size  Location     Type
  1956 ;;		None
  1957 ;; Return value:  Size  Location     Type
  1958 ;;                  1    wreg      void 
  1959 ;; Registers used:
  1960 ;;		wreg, status,2, status,0, tblptrl, tblptrh, tblptru, cstack
  1961 ;; Tracked objects:
  1962 ;;		On entry : 0/0
  1963 ;;		On exit  : 0/0
  1964 ;;		Unchanged: 0/0
  1965 ;; Data sizes:     COMRAM   BANK0   BANK1   BANK2   BANK3   BANK4   BANK5   BANK6   BANK7
  1966 ;;      Params:         1       0       0       0       0       0       0       0       0
  1967 ;;      Locals:         0       0       0       0       0       0       0       0       0
  1968 ;;      Temps:          0       0       0       0       0       0       0       0       0
  1969 ;;      Totals:         1       0       0       0       0       0       0       0       0
  1970 ;;Total ram usage:        1 bytes
  1971 ;; Hardware stack levels used: 1
  1972 ;; Hardware stack levels required when called: 5
  1973 ;; This function calls:
  1974 ;;		_lcd_clear
  1975 ;;		_lcd_set_cursor
  1976 ;;		_lcd_write
  1977 ;; This function is called by:
  1978 ;;		_get_valid_input_count
  1979 ;;		_loop
  1980 ;;		_main
  1981 ;; This function uses a non-reentrant model
  1982 ;;
  1983                           
  1984                           	psect	text4
  1985   000FC6                     __ptext4:
  1986                           	callstack 0
  1987   000FC6                     _set_status:
  1988                           	callstack 25
  1989   000FC6                     
  1990                           ;main.c: 40: 
  1991   000FC6  C00A  F02C         	movff	set_status@new_status,_status
  1992                           
  1993                           ;main.c: 41: unsigned char get_valid_input_count(void) {
  1994   000FCA  0ED4               	movlw	low STR_1
  1995   000FCC  180A               	xorwf	set_status@new_status^0,w,c
  1996   000FCE  A4D8               	btfss	status,2,c
  1997   000FD0  EFEC  F007         	goto	u691
  1998   000FD4  EFEE  F007         	goto	u690
  1999   000FD8                     u691:
  2000   000FD8  EFF0  F007         	goto	l1416
  2001   000FDC                     u690:
  2002   000FDC  EF3A  F008         	goto	l76
  2003   000FE0                     l1416:
  2004   000FE0  0EDC               	movlw	low STR_3
  2005   000FE2  180A               	xorwf	set_status@new_status^0,w,c
  2006   000FE4  A4D8               	btfss	status,2,c
  2007   000FE6  EFF7  F007         	goto	u701
  2008   000FEA  EFF9  F007         	goto	u700
  2009   000FEE                     u701:
  2010   000FEE  EFFB  F007         	goto	l1420
  2011   000FF2                     u700:
  2012   000FF2  EF3A  F008         	goto	l76
  2013   000FF6                     l1420:
  2014   000FF6  0EAD               	movlw	low STR_4
  2015   000FF8  180A               	xorwf	set_status@new_status^0,w,c
  2016   000FFA  A4D8               	btfss	status,2,c
  2017   000FFC  EF02  F008         	goto	u711
  2018   001000  EF04  F008         	goto	u710
  2019   001004                     u711:
  2020   001004  EF06  F008         	goto	l1424
  2021   001008                     u710:
  2022   001008  EF3A  F008         	goto	l76
  2023   00100C                     l1424:
  2024   00100C  0EC6               	movlw	low (STR_6+4)
  2025   00100E  180A               	xorwf	set_status@new_status^0,w,c
  2026   001010  A4D8               	btfss	status,2,c
  2027   001012  EF0D  F008         	goto	u721
  2028   001016  EF0F  F008         	goto	u720
  2029   00101A                     u721:
  2030   00101A  EF11  F008         	goto	l1428
  2031   00101E                     u720:
  2032   00101E  EF3A  F008         	goto	l76
  2033   001022                     l1428:
  2034   001022  0EC2               	movlw	low STR_6
  2035   001024  180A               	xorwf	set_status@new_status^0,w,c
  2036   001026  A4D8               	btfss	status,2,c
  2037   001028  EF18  F008         	goto	u731
  2038   00102C  EF1A  F008         	goto	u730
  2039   001030                     u731:
  2040   001030  EF1C  F008         	goto	l1432
  2041   001034                     u730:
  2042   001034  EF3A  F008         	goto	l76
  2043   001038                     l1432:
  2044   001038  0E84               	movlw	low STR_7
  2045   00103A  180A               	xorwf	set_status@new_status^0,w,c
  2046   00103C  A4D8               	btfss	status,2,c
  2047   00103E  EF23  F008         	goto	u741
  2048   001042  EF25  F008         	goto	u740
  2049   001046                     u741:
  2050   001046  EF3A  F008         	goto	l76
  2051   00104A                     u740:
  2052   00104A                     
  2053                           ;main.c: 57:                 buffer[index++] = key;
  2054   00104A  EC21  F00A         	call	_lcd_clear	;wreg free
  2055                           
  2056                           ;main.c: 58:                 lcd_data(key);
  2057   00104E  0E01               	movlw	1
  2058   001050  6E05               	movwf	lcd_set_cursor@col^0,c
  2059   001052  0E01               	movlw	1
  2060   001054  EC8C  F009         	call	_lcd_set_cursor
  2061   001058                     
  2062                           ;main.c: 59:             } else if (key == 'C' && index > 0) {
  2063   001058  0E11               	movlw	low STR_8
  2064   00105A  6E04               	movwf	lcd_write@str^0,c
  2065   00105C  ECC6  F009         	call	_lcd_write	;wreg free
  2066   001060                     
  2067                           ;main.c: 60:                 lcd_set_cursor(2, index);
  2068   001060  0E01               	movlw	1
  2069   001062  6E05               	movwf	lcd_set_cursor@col^0,c
  2070   001064  0E02               	movlw	2
  2071   001066  EC8C  F009         	call	_lcd_set_cursor
  2072                           
  2073                           ;main.c: 61:                 lcd_data(' ');
  2074   00106A  0E22               	movlw	low STR_9
  2075   00106C  6E04               	movwf	lcd_write@str^0,c
  2076   00106E  ECC6  F009         	call	_lcd_write	;wreg free
  2077   001072  0003               	sleep		;# 
  2078   001074                     l76:
  2079   001074  0012               	return		;funcret
  2080   001076                     __end_of_set_status:
  2081                           	callstack 0
  2082                           
  2083 ;; *************** function _keypad_get_key *****************
  2084 ;; Defined at:
  2085 ;;		line 16 in file "keypad.c"
  2086 ;; Parameters:    Size  Location     Type
  2087 ;;		None
  2088 ;; Auto vars:     Size  Location     Type
  2089 ;;  col             1    3[COMRAM] unsigned char 
  2090 ;;  row             1    2[COMRAM] unsigned char 
  2091 ;; Return value:  Size  Location     Type
  2092 ;;                  1    wreg      unsigned char 
  2093 ;; Registers used:
  2094 ;;		wreg, status,2, status,0, tblptrl, tblptrh, tblptru, prodl, prodh
  2095 ;; Tracked objects:
  2096 ;;		On entry : 0/0
  2097 ;;		On exit  : 0/0
  2098 ;;		Unchanged: 0/0
  2099 ;; Data sizes:     COMRAM   BANK0   BANK1   BANK2   BANK3   BANK4   BANK5   BANK6   BANK7
  2100 ;;      Params:         0       0       0       0       0       0       0       0       0
  2101 ;;      Locals:         2       0       0       0       0       0       0       0       0
  2102 ;;      Temps:          2       0       0       0       0       0       0       0       0
  2103 ;;      Totals:         4       0       0       0       0       0       0       0       0
  2104 ;;Total ram usage:        4 bytes
  2105 ;; Hardware stack levels used: 1
  2106 ;; Hardware stack levels required when called: 1
  2107 ;; This function calls:
  2108 ;;		Nothing
  2109 ;; This function is called by:
  2110 ;;		_get_valid_input_count
  2111 ;;		_loop
  2112 ;; This function uses a non-reentrant model
  2113 ;;
  2114                           
  2115                           	psect	text5
  2116   000D70                     __ptext5:
  2117                           	callstack 0
  2118   000D70                     _keypad_get_key:
  2119                           	callstack 28
  2120   000D70                     
  2121                           ;keypad.c: 17:     for (char row = 0; row < 4; row++) {
  2122   000D70  6A03               	clrf	keypad_get_key@row^0,c
  2123   000D72                     l974:
  2124   000D72  0E03               	movlw	3
  2125   000D74  6403               	cpfsgt	keypad_get_key@row^0,c
  2126   000D76  EFBF  F006         	goto	u91
  2127   000D7A  EFC1  F006         	goto	u90
  2128   000D7E                     u91:
  2129   000D7E  EFC3  F006         	goto	l978
  2130   000D82                     u90:
  2131   000D82  EF27  F007         	goto	l1008
  2132   000D86                     l978:
  2133                           
  2134                           ;keypad.c: 18:         LATB = ~(1 << row);
  2135   000D86  C003  F001         	movff	keypad_get_key@row,??_keypad_get_key
  2136   000D8A  0E01               	movlw	1
  2137   000D8C  6E02               	movwf	(??_keypad_get_key+1)^0,c
  2138   000D8E  2A01               	incf	??_keypad_get_key^0,f,c
  2139   000D90  EFCC  F006         	goto	u104
  2140   000D94                     u105:
  2141   000D94  90D8               	bcf	status,0,c
  2142   000D96  3602               	rlcf	(??_keypad_get_key+1)^0,f,c
  2143   000D98                     u104:
  2144   000D98  2E01               	decfsz	??_keypad_get_key^0,f,c
  2145   000D9A  EFCA  F006         	goto	u105
  2146   000D9E  5002               	movf	(??_keypad_get_key+1)^0,w,c
  2147   000DA0  0AFF               	xorlw	255
  2148   000DA2  6E8A               	movwf	138,c	;volatile
  2149   000DA4                     
  2150                           ;keypad.c: 19:         _delay((unsigned long)((5)*(8000000/4000000.0)));
  2151   000DA4  0E03               	movlw	3
  2152   000DA6                     u1277:
  2153   000DA6  2EE8               	decfsz	wreg,f,c
  2154   000DA8  D7FE               	bra	u1277
  2155   000DAA  0000               	nop	
  2156   000DAC                     
  2157                           ;keypad.c: 21:         for (char col = 0; col < 4; col++) {
  2158   000DAC  6A04               	clrf	keypad_get_key@col^0,c
  2159   000DAE                     l988:
  2160                           
  2161                           ;keypad.c: 22:             if (!(PORTB & (1 << (col + 4)))) {
  2162   000DAE  C004  F001         	movff	keypad_get_key@col,??_keypad_get_key
  2163   000DB2  0E04               	movlw	4
  2164   000DB4  2601               	addwf	??_keypad_get_key^0,f,c
  2165   000DB6  0E01               	movlw	1
  2166   000DB8  6E02               	movwf	(??_keypad_get_key+1)^0,c
  2167   000DBA  2A01               	incf	??_keypad_get_key^0,f,c
  2168   000DBC  EFE2  F006         	goto	u114
  2169   000DC0                     u115:
  2170   000DC0  90D8               	bcf	status,0,c
  2171   000DC2  3602               	rlcf	(??_keypad_get_key+1)^0,f,c
  2172   000DC4                     u114:
  2173   000DC4  2E01               	decfsz	??_keypad_get_key^0,f,c
  2174   000DC6  EFE0  F006         	goto	u115
  2175   000DCA  5002               	movf	(??_keypad_get_key+1)^0,w,c
  2176   000DCC  1481               	andwf	129,w,c	;volatile
  2177   000DCE  0900               	iorlw	0
  2178   000DD0  A4D8               	btfss	status,2,c
  2179   000DD2  EFED  F006         	goto	u121
  2180   000DD6  EFEF  F006         	goto	u120
  2181   000DDA                     u121:
  2182   000DDA  EF1B  F007         	goto	l1000
  2183   000DDE                     u120:
  2184   000DDE                     l992:
  2185   000DDE  C004  F001         	movff	keypad_get_key@col,??_keypad_get_key
  2186   000DE2  0E04               	movlw	4
  2187   000DE4  2601               	addwf	??_keypad_get_key^0,f,c
  2188   000DE6  0E01               	movlw	1
  2189   000DE8  6E02               	movwf	(??_keypad_get_key+1)^0,c
  2190   000DEA  2A01               	incf	??_keypad_get_key^0,f,c
  2191   000DEC  EFFA  F006         	goto	u134
  2192   000DF0                     u135:
  2193   000DF0  90D8               	bcf	status,0,c
  2194   000DF2  3602               	rlcf	(??_keypad_get_key+1)^0,f,c
  2195   000DF4                     u134:
  2196   000DF4  2E01               	decfsz	??_keypad_get_key^0,f,c
  2197   000DF6  EFF8  F006         	goto	u135
  2198   000DFA  5002               	movf	(??_keypad_get_key+1)^0,w,c
  2199   000DFC  1481               	andwf	129,w,c	;volatile
  2200   000DFE  0900               	iorlw	0
  2201   000E00  B4D8               	btfsc	status,2,c
  2202   000E02  EF05  F007         	goto	u141
  2203   000E06  EF07  F007         	goto	u140
  2204   000E0A                     u141:
  2205   000E0A  EFEF  F006         	goto	l992
  2206   000E0E                     u140:
  2207   000E0E                     
  2208                           ;keypad.c: 24:                 _delay((unsigned long)((10)*(8000000/4000.0)));
  2209   000E0E  0E1A               	movlw	26
  2210   000E10  6E01               	movwf	??_keypad_get_key^0,c
  2211   000E12  0EF8               	movlw	248
  2212   000E14                     u1287:
  2213   000E14  2EE8               	decfsz	wreg,f,c
  2214   000E16  D7FE               	bra	u1287
  2215   000E18  2E01               	decfsz	??_keypad_get_key^0,f,c
  2216   000E1A  D7FC               	bra	u1287
  2217   000E1C  D000               	nop2	
  2218   000E1E                     
  2219                           ;keypad.c: 25:                 return keymap[row][col];
  2220   000E1E  5003               	movf	keypad_get_key@row^0,w,c
  2221   000E20  0D04               	mullw	4
  2222   000E22  50F3               	movf	243,w,c
  2223   000E24  0F01               	addlw	low _keymap
  2224   000E26  2404               	addwf	keypad_get_key@col^0,w,c
  2225   000E28  6E01               	movwf	??_keypad_get_key^0,c
  2226   000E2A  C001  FFF6         	movff	??_keypad_get_key,tblptrl
  2227   000E2E                     	if	0	;There is only one active tblptr byte
  2228   000E2E                     	endif
  2229   000E2E                     	if	0	;tblptru may be non-zero
  2230   000E2E                     	endif
  2231   000E2E                     	if	0	;tblptru may be non-zero
  2232   000E2E                     	endif
  2233   000E2E  0008               	tblrd		*
  2234   000E30  50F5               	movf	tablat,w,c
  2235   000E32  EF28  F007         	goto	l210
  2236   000E36                     l1000:
  2237                           
  2238                           ;keypad.c: 27:         }
  2239   000E36  2A04               	incf	keypad_get_key@col^0,f,c
  2240   000E38  0E03               	movlw	3
  2241   000E3A  6404               	cpfsgt	keypad_get_key@col^0,c
  2242   000E3C  EF22  F007         	goto	u151
  2243   000E40  EF24  F007         	goto	u150
  2244   000E44                     u151:
  2245   000E44  EFD7  F006         	goto	l988
  2246   000E48                     u150:
  2247   000E48                     
  2248                           ;keypad.c: 28:     }
  2249   000E48  2A03               	incf	keypad_get_key@row^0,f,c
  2250   000E4A  EFB9  F006         	goto	l974
  2251   000E4E                     l1008:
  2252                           
  2253                           ;keypad.c: 29:     return 0;
  2254   000E4E  0E00               	movlw	0
  2255   000E50                     l210:
  2256   000E50  0012               	return		;funcret
  2257   000E52                     __end_of_keypad_get_key:
  2258                           	callstack 0
  2259                           
  2260 ;; *************** function _atoi *****************
  2261 ;; Defined at:
  2262 ;;		line 5 in file "/Applications/microchip/xc8/v3.00/pic/sources/c99/common/atoi.c"
  2263 ;; Parameters:    Size  Location     Type
  2264 ;;  s               1    0[COMRAM] PTR const unsigned char 
  2265 ;;		 -> get_valid_input_count@buffer(3), 
  2266 ;; Auto vars:     Size  Location     Type
  2267 ;;  n               2    6[COMRAM] int 
  2268 ;;  neg             1    5[COMRAM] _Bool 
  2269 ;; Return value:  Size  Location     Type
  2270 ;;                  2    0[COMRAM] int 
  2271 ;; Registers used:
  2272 ;;		wreg, fsr2l, fsr2h, status,2, status,0, prodl, prodh
  2273 ;; Tracked objects:
  2274 ;;		On entry : 0/0
  2275 ;;		On exit  : 0/0
  2276 ;;		Unchanged: 0/0
  2277 ;; Data sizes:     COMRAM   BANK0   BANK1   BANK2   BANK3   BANK4   BANK5   BANK6   BANK7
  2278 ;;      Params:         2       0       0       0       0       0       0       0       0
  2279 ;;      Locals:         3       0       0       0       0       0       0       0       0
  2280 ;;      Temps:          3       0       0       0       0       0       0       0       0
  2281 ;;      Totals:         8       0       0       0       0       0       0       0       0
  2282 ;;Total ram usage:        8 bytes
  2283 ;; Hardware stack levels used: 1
  2284 ;; Hardware stack levels required when called: 1
  2285 ;; This function calls:
  2286 ;;		Nothing
  2287 ;; This function is called by:
  2288 ;;		_get_valid_input_count
  2289 ;; This function uses a non-reentrant model
  2290 ;;
  2291                           
  2292                           	psect	text6
  2293   000C64                     __ptext6:
  2294                           	callstack 0
  2295   000C64                     _atoi:
  2296                           	callstack 27
  2297   000C64  0E00               	movlw	0
  2298   000C66  6E08               	movwf	(atoi@n+1)^0,c
  2299   000C68  0E00               	movlw	0
  2300   000C6A  6E07               	movwf	atoi@n^0,c
  2301   000C6C  6A06               	clrf	atoi@neg^0,c
  2302   000C6E  EF3A  F006         	goto	l1446
  2303   000C72                     l1444:
  2304   000C72  2A01               	incf	atoi@s^0,f,c
  2305   000C74                     l1446:
  2306   000C74  5001               	movf	atoi@s^0,w,c
  2307   000C76  6ED9               	movwf	fsr2l,c
  2308   000C78  6ADA               	clrf	fsr2h,c
  2309   000C7A  0E20               	movlw	32
  2310   000C7C  18DE               	xorwf	postinc2,w,c
  2311   000C7E  B4D8               	btfsc	status,2,c
  2312   000C80  EF44  F006         	goto	u751
  2313   000C84  EF46  F006         	goto	u750
  2314   000C88                     u751:
  2315   000C88  EF39  F006         	goto	l1444
  2316   000C8C                     u750:
  2317   000C8C  5001               	movf	atoi@s^0,w,c
  2318   000C8E  6ED9               	movwf	fsr2l,c
  2319   000C90  6ADA               	clrf	fsr2h,c
  2320   000C92  50DF               	movf	indf2,w,c
  2321   000C94  6E03               	movwf	??_atoi^0,c
  2322   000C96  0EF7               	movlw	247
  2323   000C98  2603               	addwf	??_atoi^0,f,c
  2324   000C9A  0E04               	movlw	4
  2325   000C9C  6403               	cpfsgt	??_atoi^0,c
  2326   000C9E  EF53  F006         	goto	u761
  2327   000CA2  EF55  F006         	goto	u760
  2328   000CA6                     u761:
  2329   000CA6  EF39  F006         	goto	l1444
  2330   000CAA                     u760:
  2331   000CAA  5001               	movf	atoi@s^0,w,c
  2332   000CAC  6ED9               	movwf	fsr2l,c
  2333   000CAE  6ADA               	clrf	fsr2h,c
  2334   000CB0  0E2D               	movlw	45
  2335   000CB2  18DE               	xorwf	postinc2,w,c
  2336   000CB4  A4D8               	btfss	status,2,c
  2337   000CB6  EF5F  F006         	goto	u771
  2338   000CBA  EF61  F006         	goto	u770
  2339   000CBE                     u771:
  2340   000CBE  EF66  F006         	goto	l1456
  2341   000CC2                     u770:
  2342   000CC2  0E01               	movlw	1
  2343   000CC4  6E06               	movwf	atoi@neg^0,c
  2344   000CC6                     l1454:
  2345   000CC6  2A01               	incf	atoi@s^0,f,c
  2346   000CC8  EF8E  F006         	goto	l1464
  2347   000CCC                     l1456:
  2348   000CCC  5001               	movf	atoi@s^0,w,c
  2349   000CCE  6ED9               	movwf	fsr2l,c
  2350   000CD0  6ADA               	clrf	fsr2h,c
  2351   000CD2  0E2B               	movlw	43
  2352   000CD4  18DE               	xorwf	postinc2,w,c
  2353   000CD6  A4D8               	btfss	status,2,c
  2354   000CD8  EF70  F006         	goto	u781
  2355   000CDC  EF72  F006         	goto	u780
  2356   000CE0                     u781:
  2357   000CE0  EF8E  F006         	goto	l1464
  2358   000CE4                     u780:
  2359   000CE4  EF63  F006         	goto	l1454
  2360   000CE8                     l1460:
  2361   000CE8  0E0A               	movlw	10
  2362   000CEA  0207               	mulwf	atoi@n^0,c
  2363   000CEC  CFF3 F003          	movff	prodl,??_atoi
  2364   000CF0  CFF4 F004          	movff	prodh,??_atoi+1
  2365   000CF4  0208               	mulwf	(atoi@n+1)^0,c
  2366   000CF6  50F3               	movf	prodl,w,c
  2367   000CF8  2604               	addwf	(??_atoi+1)^0,f,c
  2368   000CFA  5001               	movf	atoi@s^0,w,c
  2369   000CFC  6ED9               	movwf	fsr2l,c
  2370   000CFE  6ADA               	clrf	fsr2h,c
  2371   000D00  50DF               	movf	indf2,w,c
  2372   000D02  6E05               	movwf	(??_atoi+2)^0,c
  2373   000D04  5005               	movf	(??_atoi+2)^0,w,c
  2374   000D06  5E03               	subwf	??_atoi^0,f,c
  2375   000D08  0E00               	movlw	0
  2376   000D0A  5A04               	subwfb	(??_atoi+1)^0,f,c
  2377   000D0C  0E30               	movlw	48
  2378   000D0E  2403               	addwf	??_atoi^0,w,c
  2379   000D10  6E07               	movwf	atoi@n^0,c
  2380   000D12  0E00               	movlw	0
  2381   000D14  2004               	addwfc	(??_atoi+1)^0,w,c
  2382   000D16  6E08               	movwf	(atoi@n+1)^0,c
  2383   000D18  EF63  F006         	goto	l1454
  2384   000D1C                     l1464:
  2385   000D1C  5001               	movf	atoi@s^0,w,c
  2386   000D1E  6ED9               	movwf	fsr2l,c
  2387   000D20  6ADA               	clrf	fsr2h,c
  2388   000D22  50DF               	movf	indf2,w,c
  2389   000D24  6E03               	movwf	??_atoi^0,c
  2390   000D26  0ED0               	movlw	208
  2391   000D28  2603               	addwf	??_atoi^0,f,c
  2392   000D2A  0E09               	movlw	9
  2393   000D2C  6403               	cpfsgt	??_atoi^0,c
  2394   000D2E  EF9B  F006         	goto	u791
  2395   000D32  EF9D  F006         	goto	u790
  2396   000D36                     u791:
  2397   000D36  EF74  F006         	goto	l1460
  2398   000D3A                     u790:
  2399   000D3A  5006               	movf	atoi@neg^0,w,c
  2400   000D3C  A4D8               	btfss	status,2,c
  2401   000D3E  EFA3  F006         	goto	u801
  2402   000D42  EFA5  F006         	goto	u800
  2403   000D46                     u801:
  2404   000D46  EFB3  F006         	goto	l897
  2405   000D4A                     u800:
  2406   000D4A  C007  F003         	movff	atoi@n,??_atoi
  2407   000D4E  C008  F004         	movff	atoi@n+1,??_atoi+1
  2408   000D52  1E03               	comf	??_atoi^0,f,c
  2409   000D54  1E04               	comf	(??_atoi+1)^0,f,c
  2410   000D56  4A03               	infsnz	??_atoi^0,f,c
  2411   000D58  2A04               	incf	(??_atoi+1)^0,f,c
  2412   000D5A  C003  F001         	movff	??_atoi,?_atoi
  2413   000D5E  C004  F002         	movff	??_atoi+1,?_atoi+1
  2414   000D62  EFB7  F006         	goto	l900
  2415   000D66                     l897:
  2416   000D66  C007  F001         	movff	atoi@n,?_atoi
  2417   000D6A  C008  F002         	movff	atoi@n+1,?_atoi+1
  2418   000D6E                     l900:
  2419   000D6E  0012               	return		;funcret
  2420   000D70                     __end_of_atoi:
  2421                           	callstack 0
  2422                           
  2423 ;; *************** function _count_update_screen *****************
  2424 ;; Defined at:
  2425 ;;		line 118 in file "main.c"
  2426 ;; Parameters:    Size  Location     Type
  2427 ;;		None
  2428 ;; Auto vars:     Size  Location     Type
  2429 ;;		None
  2430 ;; Return value:  Size  Location     Type
  2431 ;;                  1    wreg      void 
  2432 ;; Registers used:
  2433 ;;		wreg, status,2, status,0, tblptrl, tblptrh, tblptru, cstack
  2434 ;; Tracked objects:
  2435 ;;		On entry : 0/0
  2436 ;;		On exit  : 0/0
  2437 ;;		Unchanged: 0/0
  2438 ;; Data sizes:     COMRAM   BANK0   BANK1   BANK2   BANK3   BANK4   BANK5   BANK6   BANK7
  2439 ;;      Params:         0       0       0       0       0       0       0       0       0
  2440 ;;      Locals:         0       0       0       0       0       0       0       0       0
  2441 ;;      Temps:          0       0       0       0       0       0       0       0       0
  2442 ;;      Totals:         0       0       0       0       0       0       0       0       0
  2443 ;;Total ram usage:        0 bytes
  2444 ;; Hardware stack levels used: 1
  2445 ;; Hardware stack levels required when called: 5
  2446 ;; This function calls:
  2447 ;;		___awdiv
  2448 ;;		___awmod
  2449 ;;		_lcd_clear
  2450 ;;		_lcd_data
  2451 ;;		_lcd_set_cursor
  2452 ;;		_lcd_write
  2453 ;; This function is called by:
  2454 ;;		_loop
  2455 ;; This function uses a non-reentrant model
  2456 ;;
  2457                           
  2458                           	psect	text7
  2459   000F14                     __ptext7:
  2460                           	callstack 0
  2461   000F14                     _count_update_screen:
  2462                           	callstack 24
  2463   000F14                     
  2464                           ;main.c: 120:             else if (key == 'D') {
  2465   000F14  EC21  F00A         	call	_lcd_clear	;wreg free
  2466                           
  2467                           ;main.c: 121:                 led_estado ^= 1;
  2468   000F18  0E01               	movlw	1
  2469   000F1A  6E05               	movwf	lcd_set_cursor@col^0,c
  2470   000F1C  0E01               	movlw	1
  2471   000F1E  EC8C  F009         	call	_lcd_set_cursor
  2472   000F22                     
  2473                           ;main.c: 122:                 LATAbits.LATA3 = led_estado;
  2474   000F22  0EB8               	movlw	low STR_19
  2475   000F24  6E04               	movwf	lcd_write@str^0,c
  2476   000F26  ECC6  F009         	call	_lcd_write	;wreg free
  2477   000F2A                     
  2478                           ;main.c: 123:             }
  2479   000F2A  0E0B               	movlw	11
  2480   000F2C  6E05               	movwf	lcd_set_cursor@col^0,c
  2481   000F2E  0E01               	movlw	1
  2482   000F30  EC8C  F009         	call	_lcd_set_cursor
  2483   000F34                     
  2484                           ;main.c: 124:             else if (key == 'A' && status == "end_count") {
  2485   000F34  C035  F001         	movff	_piezas_objetivo,___awdiv@dividend
  2486   000F38  6A02               	clrf	(___awdiv@dividend+1)^0,c
  2487   000F3A  0E00               	movlw	0
  2488   000F3C  6E04               	movwf	(___awdiv@divisor+1)^0,c
  2489   000F3E  0E0A               	movlw	10
  2490   000F40  6E03               	movwf	___awdiv@divisor^0,c
  2491   000F42  EC29  F007         	call	___awdiv	;wreg free
  2492   000F46  5001               	movf	?___awdiv^0,w,c
  2493   000F48  0F30               	addlw	48
  2494   000F4A  EC05  F00A         	call	_lcd_data
  2495   000F4E                     
  2496                           ;main.c: 125:                 piezas_contadas = 0;
  2497   000F4E  C035  F001         	movff	_piezas_objetivo,___awmod@dividend
  2498   000F52  6A02               	clrf	(___awmod@dividend+1)^0,c
  2499   000F54  0E00               	movlw	0
  2500   000F56  6E04               	movwf	(___awmod@divisor+1)^0,c
  2501   000F58  0E0A               	movlw	10
  2502   000F5A  6E03               	movwf	___awmod@divisor^0,c
  2503   000F5C  EC3B  F008         	call	___awmod	;wreg free
  2504   000F60  5001               	movf	?___awmod^0,w,c
  2505   000F62  0F30               	addlw	48
  2506   000F64  EC05  F00A         	call	_lcd_data
  2507   000F68                     
  2508                           ;main.c: 127:                 break;
  2509   000F68  0E01               	movlw	1
  2510   000F6A  6E05               	movwf	lcd_set_cursor@col^0,c
  2511   000F6C  0E02               	movlw	2
  2512   000F6E  EC8C  F009         	call	_lcd_set_cursor
  2513   000F72                     
  2514                           ;main.c: 128:             }
  2515   000F72  0ECC               	movlw	low STR_20
  2516   000F74  6E04               	movwf	lcd_write@str^0,c
  2517   000F76  ECC6  F009         	call	_lcd_write	;wreg free
  2518                           
  2519                           ;main.c: 129:             else if (key == 'B') {
  2520   000F7A  0E09               	movlw	9
  2521   000F7C  6E05               	movwf	lcd_set_cursor@col^0,c
  2522   000F7E  0E02               	movlw	2
  2523   000F80  EC8C  F009         	call	_lcd_set_cursor
  2524                           
  2525                           ;main.c: 130:                 set_status("stop_emergency");
  2526   000F84  5036               	movf	_piezas_contadas^0,w,c	;volatile
  2527   000F86  5C35               	subwf	_piezas_objetivo^0,w,c
  2528   000F88  6E01               	movwf	___awdiv@dividend^0,c
  2529   000F8A  6A02               	clrf	(___awdiv@dividend+1)^0,c
  2530   000F8C  A0D8               	btfss	status,0,c
  2531   000F8E  0602               	decf	(___awdiv@dividend+1)^0,f,c
  2532   000F90  0E00               	movlw	0
  2533   000F92  6E04               	movwf	(___awdiv@divisor+1)^0,c
  2534   000F94  0E0A               	movlw	10
  2535   000F96  6E03               	movwf	___awdiv@divisor^0,c
  2536   000F98  EC29  F007         	call	___awdiv	;wreg free
  2537   000F9C  5001               	movf	?___awdiv^0,w,c
  2538   000F9E  0F30               	addlw	48
  2539   000FA0  EC05  F00A         	call	_lcd_data
  2540                           
  2541                           ;main.c: 131:             }
  2542   000FA4  5036               	movf	_piezas_contadas^0,w,c	;volatile
  2543   000FA6  5C35               	subwf	_piezas_objetivo^0,w,c
  2544   000FA8  6E01               	movwf	___awmod@dividend^0,c
  2545   000FAA  6A02               	clrf	(___awmod@dividend+1)^0,c
  2546   000FAC  A0D8               	btfss	status,0,c
  2547   000FAE  0602               	decf	(___awmod@dividend+1)^0,f,c
  2548   000FB0  0E00               	movlw	0
  2549   000FB2  6E04               	movwf	(___awmod@divisor+1)^0,c
  2550   000FB4  0E0A               	movlw	10
  2551   000FB6  6E03               	movwf	___awmod@divisor^0,c
  2552   000FB8  EC3B  F008         	call	___awmod	;wreg free
  2553   000FBC  5001               	movf	?___awmod^0,w,c
  2554   000FBE  0F30               	addlw	48
  2555   000FC0  EC05  F00A         	call	_lcd_data
  2556   000FC4  0012               	return		;funcret
  2557   000FC6                     __end_of_count_update_screen:
  2558                           	callstack 0
  2559                           
  2560 ;; *************** function _lcd_write *****************
  2561 ;; Defined at:
  2562 ;;		line 42 in file "lcd.c"
  2563 ;; Parameters:    Size  Location     Type
  2564 ;;  str             1    3[COMRAM] PTR const unsigned char 
  2565 ;;		 -> STR_31(17), STR_30(14), STR_29(15), STR_28(17), 
  2566 ;;		 -> STR_20(8), STR_19(10), STR_16(12), STR_15(15), 
  2567 ;;		 -> STR_11(17), STR_9(17), STR_8(17), 
  2568 ;; Auto vars:     Size  Location     Type
  2569 ;;		None
  2570 ;; Return value:  Size  Location     Type
  2571 ;;                  1    wreg      void 
  2572 ;; Registers used:
  2573 ;;		wreg, status,2, status,0, tblptrl, tblptrh, tblptru, cstack
  2574 ;; Tracked objects:
  2575 ;;		On entry : 0/0
  2576 ;;		On exit  : 0/0
  2577 ;;		Unchanged: 0/0
  2578 ;; Data sizes:     COMRAM   BANK0   BANK1   BANK2   BANK3   BANK4   BANK5   BANK6   BANK7
  2579 ;;      Params:         1       0       0       0       0       0       0       0       0
  2580 ;;      Locals:         0       0       0       0       0       0       0       0       0
  2581 ;;      Temps:          0       0       0       0       0       0       0       0       0
  2582 ;;      Totals:         1       0       0       0       0       0       0       0       0
  2583 ;;Total ram usage:        1 bytes
  2584 ;; Hardware stack levels used: 1
  2585 ;; Hardware stack levels required when called: 4
  2586 ;; This function calls:
  2587 ;;		_lcd_data
  2588 ;; This function is called by:
  2589 ;;		_set_status
  2590 ;;		_get_valid_input_count
  2591 ;;		_count_update_screen
  2592 ;;		_loop
  2593 ;;		_main
  2594 ;; This function uses a non-reentrant model
  2595 ;;
  2596                           
  2597                           	psect	text8
  2598   00138C                     __ptext8:
  2599                           	callstack 0
  2600   00138C                     _lcd_write:
  2601                           	callstack 25
  2602   00138C                     
  2603                           ;lcd.c: 43:     while (*str) lcd_data(*str++);
  2604   00138C  EFCF  F009         	goto	l1410
  2605   001390                     l1406:
  2606   001390  C004  FFF6         	movff	lcd_write@str,tblptrl
  2607   001394                     	if	0	;There is only one active tblptr byte
  2608   001394                     	endif
  2609   001394                     	if	0	;tblptru may be non-zero
  2610   001394                     	endif
  2611   001394                     	if	0	;tblptru may be non-zero
  2612   001394                     	endif
  2613   001394  0008               	tblrd		*
  2614   001396  50F5               	movf	tablat,w,c
  2615   001398  EC05  F00A         	call	_lcd_data
  2616   00139C  2A04               	incf	lcd_write@str^0,f,c
  2617   00139E                     l1410:
  2618   00139E  C004  FFF6         	movff	lcd_write@str,tblptrl
  2619   0013A2                     	if	0	;There is only one active tblptr byte
  2620   0013A2                     	endif
  2621   0013A2                     	if	0	;tblptru may be non-zero
  2622   0013A2                     	endif
  2623   0013A2                     	if	0	;tblptru may be non-zero
  2624   0013A2                     	endif
  2625   0013A2  0008               	tblrd		*
  2626   0013A4  50F5               	movf	tablat,w,c
  2627   0013A6  0900               	iorlw	0
  2628   0013A8  A4D8               	btfss	status,2,c
  2629   0013AA  EFD9  F009         	goto	u681
  2630   0013AE  EFDB  F009         	goto	u680
  2631   0013B2                     u681:
  2632   0013B2  EFC8  F009         	goto	l1406
  2633   0013B6                     u680:
  2634   0013B6  0012               	return		;funcret
  2635   0013B8                     __end_of_lcd_write:
  2636                           	callstack 0
  2637                           
  2638 ;; *************** function _lcd_set_cursor *****************
  2639 ;; Defined at:
  2640 ;;		line 37 in file "lcd.c"
  2641 ;; Parameters:    Size  Location     Type
  2642 ;;  row             1    wreg     unsigned char 
  2643 ;;  col             1    4[COMRAM] unsigned char 
  2644 ;; Auto vars:     Size  Location     Type
  2645 ;;  row             1    5[COMRAM] unsigned char 
  2646 ;;  addr            1    8[COMRAM] unsigned char 
  2647 ;; Return value:  Size  Location     Type
  2648 ;;                  1    wreg      void 
  2649 ;; Registers used:
  2650 ;;		wreg, status,2, status,0, cstack
  2651 ;; Tracked objects:
  2652 ;;		On entry : 0/0
  2653 ;;		On exit  : 0/0
  2654 ;;		Unchanged: 0/0
  2655 ;; Data sizes:     COMRAM   BANK0   BANK1   BANK2   BANK3   BANK4   BANK5   BANK6   BANK7
  2656 ;;      Params:         1       0       0       0       0       0       0       0       0
  2657 ;;      Locals:         4       0       0       0       0       0       0       0       0
  2658 ;;      Temps:          0       0       0       0       0       0       0       0       0
  2659 ;;      Totals:         5       0       0       0       0       0       0       0       0
  2660 ;;Total ram usage:        5 bytes
  2661 ;; Hardware stack levels used: 1
  2662 ;; Hardware stack levels required when called: 4
  2663 ;; This function calls:
  2664 ;;		_lcd_cmd
  2665 ;; This function is called by:
  2666 ;;		_set_status
  2667 ;;		_get_valid_input_count
  2668 ;;		_count_update_screen
  2669 ;;		_loop
  2670 ;;		_main
  2671 ;; This function uses a non-reentrant model
  2672 ;;
  2673                           
  2674                           	psect	text9
  2675   001318                     __ptext9:
  2676                           	callstack 0
  2677   001318                     _lcd_set_cursor:
  2678                           	callstack 25
  2679                           
  2680                           ;incstack = 0
  2681                           ;lcd_set_cursor@row stored from wreg
  2682   001318  6E06               	movwf	lcd_set_cursor@row^0,c
  2683   00131A                     
  2684                           ;lcd.c: 38:     unsigned char addr = (row == 1) ? 0x80 + (col - 1) : 0xC0 + (col - 1);
  2685   00131A  0406               	decf	lcd_set_cursor@row^0,w,c
  2686   00131C  B4D8               	btfsc	status,2,c
  2687   00131E  EF93  F009         	goto	u671
  2688   001322  EF95  F009         	goto	u670
  2689   001326                     u671:
  2690   001326  EF9D  F009         	goto	l1398
  2691   00132A                     u670:
  2692   00132A  0EBF               	movlw	191
  2693   00132C  2405               	addwf	lcd_set_cursor@col^0,w,c
  2694   00132E  6E07               	movwf	_lcd_set_cursor$662^0,c
  2695   001330  6A08               	clrf	(_lcd_set_cursor$662+1)^0,c
  2696   001332  0E00               	movlw	0
  2697   001334  2208               	addwfc	(_lcd_set_cursor$662+1)^0,f,c
  2698   001336  EFA3  F009         	goto	l1400
  2699   00133A                     l1398:
  2700   00133A  0E7F               	movlw	127
  2701   00133C  2405               	addwf	lcd_set_cursor@col^0,w,c
  2702   00133E  6E07               	movwf	_lcd_set_cursor$662^0,c
  2703   001340  6A08               	clrf	(_lcd_set_cursor$662+1)^0,c
  2704   001342  0E00               	movlw	0
  2705   001344  2208               	addwfc	(_lcd_set_cursor$662+1)^0,f,c
  2706   001346                     l1400:
  2707   001346  C007  F009         	movff	_lcd_set_cursor$662,lcd_set_cursor@addr
  2708   00134A                     
  2709                           ;lcd.c: 39:     lcd_cmd(addr);
  2710   00134A  5009               	movf	lcd_set_cursor@addr^0,w,c
  2711   00134C  ECF2  F009         	call	_lcd_cmd
  2712   001350  0012               	return		;funcret
  2713   001352                     __end_of_lcd_set_cursor:
  2714                           	callstack 0
  2715                           
  2716 ;; *************** function ___awmod *****************
  2717 ;; Defined at:
  2718 ;;		line 7 in file "/Applications/microchip/xc8/v3.00/pic/sources/c99/common/awmod.c"
  2719 ;; Parameters:    Size  Location     Type
  2720 ;;  dividend        2    0[COMRAM] int 
  2721 ;;  divisor         2    2[COMRAM] int 
  2722 ;; Auto vars:     Size  Location     Type
  2723 ;;  sign            1    5[COMRAM] unsigned char 
  2724 ;;  counter         1    4[COMRAM] unsigned char 
  2725 ;; Return value:  Size  Location     Type
  2726 ;;                  2    0[COMRAM] int 
  2727 ;; Registers used:
  2728 ;;		wreg, status,2, status,0
  2729 ;; Tracked objects:
  2730 ;;		On entry : 0/0
  2731 ;;		On exit  : 0/0
  2732 ;;		Unchanged: 0/0
  2733 ;; Data sizes:     COMRAM   BANK0   BANK1   BANK2   BANK3   BANK4   BANK5   BANK6   BANK7
  2734 ;;      Params:         4       0       0       0       0       0       0       0       0
  2735 ;;      Locals:         2       0       0       0       0       0       0       0       0
  2736 ;;      Temps:          0       0       0       0       0       0       0       0       0
  2737 ;;      Totals:         6       0       0       0       0       0       0       0       0
  2738 ;;Total ram usage:        6 bytes
  2739 ;; Hardware stack levels used: 1
  2740 ;; Hardware stack levels required when called: 1
  2741 ;; This function calls:
  2742 ;;		Nothing
  2743 ;; This function is called by:
  2744 ;;		_count_update_screen
  2745 ;; This function uses a non-reentrant model
  2746 ;;
  2747                           
  2748                           	psect	text10
  2749   001076                     __ptext10:
  2750                           	callstack 0
  2751   001076                     ___awmod:
  2752                           	callstack 27
  2753   001076  6A06               	clrf	___awmod@sign^0,c
  2754   001078  BE02               	btfsc	(___awmod@dividend+1)^0,7,c
  2755   00107A  EF43  F008         	goto	u880
  2756   00107E  EF41  F008         	goto	u881
  2757   001082                     u881:
  2758   001082  EF49  F008         	goto	l1538
  2759   001086                     u880:
  2760   001086  6C01               	negf	___awmod@dividend^0,c
  2761   001088  1E02               	comf	(___awmod@dividend+1)^0,f,c
  2762   00108A  B0D8               	btfsc	status,0,c
  2763   00108C  2A02               	incf	(___awmod@dividend+1)^0,f,c
  2764   00108E  0E01               	movlw	1
  2765   001090  6E06               	movwf	___awmod@sign^0,c
  2766   001092                     l1538:
  2767   001092  BE04               	btfsc	(___awmod@divisor+1)^0,7,c
  2768   001094  EF50  F008         	goto	u890
  2769   001098  EF4E  F008         	goto	u891
  2770   00109C                     u891:
  2771   00109C  EF54  F008         	goto	l1542
  2772   0010A0                     u890:
  2773   0010A0  6C03               	negf	___awmod@divisor^0,c
  2774   0010A2  1E04               	comf	(___awmod@divisor+1)^0,f,c
  2775   0010A4  B0D8               	btfsc	status,0,c
  2776   0010A6  2A04               	incf	(___awmod@divisor+1)^0,f,c
  2777   0010A8                     l1542:
  2778   0010A8  5003               	movf	___awmod@divisor^0,w,c
  2779   0010AA  1004               	iorwf	(___awmod@divisor+1)^0,w,c
  2780   0010AC  B4D8               	btfsc	status,2,c
  2781   0010AE  EF5B  F008         	goto	u901
  2782   0010B2  EF5D  F008         	goto	u900
  2783   0010B6                     u901:
  2784   0010B6  EF81  F008         	goto	l1558
  2785   0010BA                     u900:
  2786   0010BA  0E01               	movlw	1
  2787   0010BC  6E05               	movwf	___awmod@counter^0,c
  2788   0010BE  EF65  F008         	goto	l1548
  2789   0010C2                     l1546:
  2790   0010C2  90D8               	bcf	status,0,c
  2791   0010C4  3603               	rlcf	___awmod@divisor^0,f,c
  2792   0010C6  3604               	rlcf	(___awmod@divisor+1)^0,f,c
  2793   0010C8  2A05               	incf	___awmod@counter^0,f,c
  2794   0010CA                     l1548:
  2795   0010CA  AE04               	btfss	(___awmod@divisor+1)^0,7,c
  2796   0010CC  EF6A  F008         	goto	u911
  2797   0010D0  EF6C  F008         	goto	u910
  2798   0010D4                     u911:
  2799   0010D4  EF61  F008         	goto	l1546
  2800   0010D8                     u910:
  2801   0010D8                     l1550:
  2802   0010D8  5003               	movf	___awmod@divisor^0,w,c
  2803   0010DA  5C01               	subwf	___awmod@dividend^0,w,c
  2804   0010DC  5004               	movf	(___awmod@divisor+1)^0,w,c
  2805   0010DE  5802               	subwfb	(___awmod@dividend+1)^0,w,c
  2806   0010E0  A0D8               	btfss	status,0,c
  2807   0010E2  EF75  F008         	goto	u921
  2808   0010E6  EF77  F008         	goto	u920
  2809   0010EA                     u921:
  2810   0010EA  EF7B  F008         	goto	l1554
  2811   0010EE                     u920:
  2812   0010EE  5003               	movf	___awmod@divisor^0,w,c
  2813   0010F0  5E01               	subwf	___awmod@dividend^0,f,c
  2814   0010F2  5004               	movf	(___awmod@divisor+1)^0,w,c
  2815   0010F4  5A02               	subwfb	(___awmod@dividend+1)^0,f,c
  2816   0010F6                     l1554:
  2817   0010F6  90D8               	bcf	status,0,c
  2818   0010F8  3204               	rrcf	(___awmod@divisor+1)^0,f,c
  2819   0010FA  3203               	rrcf	___awmod@divisor^0,f,c
  2820   0010FC  2E05               	decfsz	___awmod@counter^0,f,c
  2821   0010FE  EF6C  F008         	goto	l1550
  2822   001102                     l1558:
  2823   001102  5006               	movf	___awmod@sign^0,w,c
  2824   001104  B4D8               	btfsc	status,2,c
  2825   001106  EF87  F008         	goto	u931
  2826   00110A  EF89  F008         	goto	u930
  2827   00110E                     u931:
  2828   00110E  EF8D  F008         	goto	l1562
  2829   001112                     u930:
  2830   001112  6C01               	negf	___awmod@dividend^0,c
  2831   001114  1E02               	comf	(___awmod@dividend+1)^0,f,c
  2832   001116  B0D8               	btfsc	status,0,c
  2833   001118  2A02               	incf	(___awmod@dividend+1)^0,f,c
  2834   00111A                     l1562:
  2835   00111A  C001  F001         	movff	___awmod@dividend,?___awmod
  2836   00111E  C002  F002         	movff	___awmod@dividend+1,?___awmod+1
  2837   001122  0012               	return		;funcret
  2838   001124                     __end_of___awmod:
  2839                           	callstack 0
  2840                           
  2841 ;; *************** function ___awdiv *****************
  2842 ;; Defined at:
  2843 ;;		line 7 in file "/Applications/microchip/xc8/v3.00/pic/sources/c99/common/awdiv.c"
  2844 ;; Parameters:    Size  Location     Type
  2845 ;;  dividend        2    0[COMRAM] int 
  2846 ;;  divisor         2    2[COMRAM] int 
  2847 ;; Auto vars:     Size  Location     Type
  2848 ;;  quotient        2    6[COMRAM] int 
  2849 ;;  sign            1    5[COMRAM] unsigned char 
  2850 ;;  counter         1    4[COMRAM] unsigned char 
  2851 ;; Return value:  Size  Location     Type
  2852 ;;                  2    0[COMRAM] int 
  2853 ;; Registers used:
  2854 ;;		wreg, status,2, status,0
  2855 ;; Tracked objects:
  2856 ;;		On entry : 0/0
  2857 ;;		On exit  : 0/0
  2858 ;;		Unchanged: 0/0
  2859 ;; Data sizes:     COMRAM   BANK0   BANK1   BANK2   BANK3   BANK4   BANK5   BANK6   BANK7
  2860 ;;      Params:         4       0       0       0       0       0       0       0       0
  2861 ;;      Locals:         4       0       0       0       0       0       0       0       0
  2862 ;;      Temps:          0       0       0       0       0       0       0       0       0
  2863 ;;      Totals:         8       0       0       0       0       0       0       0       0
  2864 ;;Total ram usage:        8 bytes
  2865 ;; Hardware stack levels used: 1
  2866 ;; Hardware stack levels required when called: 1
  2867 ;; This function calls:
  2868 ;;		Nothing
  2869 ;; This function is called by:
  2870 ;;		_count_update_screen
  2871 ;; This function uses a non-reentrant model
  2872 ;;
  2873                           
  2874                           	psect	text11
  2875   000E52                     __ptext11:
  2876                           	callstack 0
  2877   000E52                     ___awdiv:
  2878                           	callstack 27
  2879   000E52  6A06               	clrf	___awdiv@sign^0,c
  2880   000E54  BE04               	btfsc	(___awdiv@divisor+1)^0,7,c
  2881   000E56  EF31  F007         	goto	u820
  2882   000E5A  EF2F  F007         	goto	u821
  2883   000E5E                     u821:
  2884   000E5E  EF37  F007         	goto	l1494
  2885   000E62                     u820:
  2886   000E62  6C03               	negf	___awdiv@divisor^0,c
  2887   000E64  1E04               	comf	(___awdiv@divisor+1)^0,f,c
  2888   000E66  B0D8               	btfsc	status,0,c
  2889   000E68  2A04               	incf	(___awdiv@divisor+1)^0,f,c
  2890   000E6A  0E01               	movlw	1
  2891   000E6C  6E06               	movwf	___awdiv@sign^0,c
  2892   000E6E                     l1494:
  2893   000E6E  BE02               	btfsc	(___awdiv@dividend+1)^0,7,c
  2894   000E70  EF3E  F007         	goto	u830
  2895   000E74  EF3C  F007         	goto	u831
  2896   000E78                     u831:
  2897   000E78  EF44  F007         	goto	l1500
  2898   000E7C                     u830:
  2899   000E7C  6C01               	negf	___awdiv@dividend^0,c
  2900   000E7E  1E02               	comf	(___awdiv@dividend+1)^0,f,c
  2901   000E80  B0D8               	btfsc	status,0,c
  2902   000E82  2A02               	incf	(___awdiv@dividend+1)^0,f,c
  2903   000E84  0E01               	movlw	1
  2904   000E86  1A06               	xorwf	___awdiv@sign^0,f,c
  2905   000E88                     l1500:
  2906   000E88  0E00               	movlw	0
  2907   000E8A  6E08               	movwf	(___awdiv@quotient+1)^0,c
  2908   000E8C  0E00               	movlw	0
  2909   000E8E  6E07               	movwf	___awdiv@quotient^0,c
  2910   000E90  5003               	movf	___awdiv@divisor^0,w,c
  2911   000E92  1004               	iorwf	(___awdiv@divisor+1)^0,w,c
  2912   000E94  B4D8               	btfsc	status,2,c
  2913   000E96  EF4F  F007         	goto	u841
  2914   000E9A  EF51  F007         	goto	u840
  2915   000E9E                     u841:
  2916   000E9E  EF79  F007         	goto	l1522
  2917   000EA2                     u840:
  2918   000EA2  0E01               	movlw	1
  2919   000EA4  6E05               	movwf	___awdiv@counter^0,c
  2920   000EA6  EF59  F007         	goto	l1508
  2921   000EAA                     l1506:
  2922   000EAA  90D8               	bcf	status,0,c
  2923   000EAC  3603               	rlcf	___awdiv@divisor^0,f,c
  2924   000EAE  3604               	rlcf	(___awdiv@divisor+1)^0,f,c
  2925   000EB0  2A05               	incf	___awdiv@counter^0,f,c
  2926   000EB2                     l1508:
  2927   000EB2  AE04               	btfss	(___awdiv@divisor+1)^0,7,c
  2928   000EB4  EF5E  F007         	goto	u851
  2929   000EB8  EF60  F007         	goto	u850
  2930   000EBC                     u851:
  2931   000EBC  EF55  F007         	goto	l1506
  2932   000EC0                     u850:
  2933   000EC0                     l1510:
  2934   000EC0  90D8               	bcf	status,0,c
  2935   000EC2  3607               	rlcf	___awdiv@quotient^0,f,c
  2936   000EC4  3608               	rlcf	(___awdiv@quotient+1)^0,f,c
  2937   000EC6  5003               	movf	___awdiv@divisor^0,w,c
  2938   000EC8  5C01               	subwf	___awdiv@dividend^0,w,c
  2939   000ECA  5004               	movf	(___awdiv@divisor+1)^0,w,c
  2940   000ECC  5802               	subwfb	(___awdiv@dividend+1)^0,w,c
  2941   000ECE  A0D8               	btfss	status,0,c
  2942   000ED0  EF6C  F007         	goto	u861
  2943   000ED4  EF6E  F007         	goto	u860
  2944   000ED8                     u861:
  2945   000ED8  EF73  F007         	goto	l1518
  2946   000EDC                     u860:
  2947   000EDC  5003               	movf	___awdiv@divisor^0,w,c
  2948   000EDE  5E01               	subwf	___awdiv@dividend^0,f,c
  2949   000EE0  5004               	movf	(___awdiv@divisor+1)^0,w,c
  2950   000EE2  5A02               	subwfb	(___awdiv@dividend+1)^0,f,c
  2951   000EE4  8007               	bsf	___awdiv@quotient^0,0,c
  2952   000EE6                     l1518:
  2953   000EE6  90D8               	bcf	status,0,c
  2954   000EE8  3204               	rrcf	(___awdiv@divisor+1)^0,f,c
  2955   000EEA  3203               	rrcf	___awdiv@divisor^0,f,c
  2956   000EEC  2E05               	decfsz	___awdiv@counter^0,f,c
  2957   000EEE  EF60  F007         	goto	l1510
  2958   000EF2                     l1522:
  2959   000EF2  5006               	movf	___awdiv@sign^0,w,c
  2960   000EF4  B4D8               	btfsc	status,2,c
  2961   000EF6  EF7F  F007         	goto	u871
  2962   000EFA  EF81  F007         	goto	u870
  2963   000EFE                     u871:
  2964   000EFE  EF85  F007         	goto	l1526
  2965   000F02                     u870:
  2966   000F02  6C07               	negf	___awdiv@quotient^0,c
  2967   000F04  1E08               	comf	(___awdiv@quotient+1)^0,f,c
  2968   000F06  B0D8               	btfsc	status,0,c
  2969   000F08  2A08               	incf	(___awdiv@quotient+1)^0,f,c
  2970   000F0A                     l1526:
  2971   000F0A  C007  F001         	movff	___awdiv@quotient,?___awdiv
  2972   000F0E  C008  F002         	movff	___awdiv@quotient+1,?___awdiv+1
  2973   000F12  0012               	return		;funcret
  2974   000F14                     __end_of___awdiv:
  2975                           	callstack 0
  2976                           
  2977 ;; *************** function _lcd_init *****************
  2978 ;; Defined at:
  2979 ;;		line 81 in file "lcd.c"
  2980 ;; Parameters:    Size  Location     Type
  2981 ;;		None
  2982 ;; Auto vars:     Size  Location     Type
  2983 ;;		None
  2984 ;; Return value:  Size  Location     Type
  2985 ;;                  1    wreg      void 
  2986 ;; Registers used:
  2987 ;;		wreg, fsr1l, fsr1h, fsr2l, fsr2h, status,2, status,0, cstack
  2988 ;; Tracked objects:
  2989 ;;		On entry : 0/0
  2990 ;;		On exit  : 0/0
  2991 ;;		Unchanged: 0/0
  2992 ;; Data sizes:     COMRAM   BANK0   BANK1   BANK2   BANK3   BANK4   BANK5   BANK6   BANK7
  2993 ;;      Params:         0       0       0       0       0       0       0       0       0
  2994 ;;      Locals:         0       0       0       0       0       0       0       0       0
  2995 ;;      Temps:          1       0       0       0       0       0       0       0       0
  2996 ;;      Totals:         1       0       0       0       0       0       0       0       0
  2997 ;;Total ram usage:        1 bytes
  2998 ;; Hardware stack levels used: 1
  2999 ;; Hardware stack levels required when called: 6
  3000 ;; This function calls:
  3001 ;;		_lcd_clear
  3002 ;;		_lcd_cmd
  3003 ;;		_lcd_send_nibble
  3004 ;;		_load_custom_characters
  3005 ;; This function is called by:
  3006 ;;		_main
  3007 ;; This function uses a non-reentrant model
  3008 ;;
  3009                           
  3010                           	psect	text12
  3011   00121A                     __ptext12:
  3012                           	callstack 0
  3013   00121A                     _lcd_init:
  3014                           	callstack 24
  3015   00121A                     
  3016                           ;lcd.c: 82:     TRISAbits.TRISA4 = 0;
  3017   00121A  9892               	bcf	146,4,c	;volatile
  3018                           
  3019                           ;lcd.c: 83:     TRISAbits.TRISA5 = 0;
  3020   00121C  9A92               	bcf	146,5,c	;volatile
  3021                           
  3022                           ;lcd.c: 85:     TRISDbits.TRISD4 = 0;
  3023   00121E  9895               	bcf	149,4,c	;volatile
  3024                           
  3025                           ;lcd.c: 86:     TRISDbits.TRISD5 = 0;
  3026   001220  9A95               	bcf	149,5,c	;volatile
  3027                           
  3028                           ;lcd.c: 87:     TRISDbits.TRISD6 = 0;
  3029   001222  9C95               	bcf	149,6,c	;volatile
  3030                           
  3031                           ;lcd.c: 88:     TRISDbits.TRISD7 = 0;
  3032   001224  9E95               	bcf	149,7,c	;volatile
  3033   001226                     
  3034                           ;lcd.c: 89:     _delay((unsigned long)((20)*(8000000/4000.0)));
  3035   001226  0E34               	movlw	52
  3036   001228  6E19               	movwf	??_lcd_init^0,c
  3037   00122A  0EF2               	movlw	242
  3038   00122C                     u1297:
  3039   00122C  2EE8               	decfsz	wreg,f,c
  3040   00122E  D7FE               	bra	u1297
  3041   001230  2E19               	decfsz	??_lcd_init^0,f,c
  3042   001232  D7FC               	bra	u1297
  3043   001234                     
  3044                           ;lcd.c: 91:     LATAbits.LATA4 = 0;
  3045   001234  9889               	bcf	137,4,c	;volatile
  3046   001236                     
  3047                           ;lcd.c: 92:     lcd_send_nibble(0x03); _delay((unsigned long)((5)*(8000000/4000.0)));
  3048   001236  0E03               	movlw	3
  3049   001238  ECD1  F008         	call	_lcd_send_nibble
  3050   00123C  0E0D               	movlw	13
  3051   00123E  6E19               	movwf	??_lcd_init^0,c
  3052   001240  0EFC               	movlw	252
  3053   001242                     u1307:
  3054   001242  2EE8               	decfsz	wreg,f,c
  3055   001244  D7FE               	bra	u1307
  3056   001246  2E19               	decfsz	??_lcd_init^0,f,c
  3057   001248  D7FC               	bra	u1307
  3058                           
  3059                           ;lcd.c: 93:     lcd_send_nibble(0x03); _delay((unsigned long)((100)*(8000000/4000000.0))
      +                          );
  3060   00124A  0E03               	movlw	3
  3061   00124C  ECD1  F008         	call	_lcd_send_nibble
  3062   001250  0E42               	movlw	66
  3063   001252                     u1317:
  3064   001252  2EE8               	decfsz	wreg,f,c
  3065   001254  D7FE               	bra	u1317
  3066   001256  D000               	nop2	
  3067   001258                     
  3068                           ;lcd.c: 94:     lcd_send_nibble(0x03); _delay((unsigned long)((100)*(8000000/4000000.0))
      +                          );
  3069   001258  0E03               	movlw	3
  3070   00125A  ECD1  F008         	call	_lcd_send_nibble
  3071   00125E  0E42               	movlw	66
  3072   001260                     u1327:
  3073   001260  2EE8               	decfsz	wreg,f,c
  3074   001262  D7FE               	bra	u1327
  3075   001264  D000               	nop2	
  3076   001266                     
  3077                           ;lcd.c: 95:     lcd_send_nibble(0x02); _delay((unsigned long)((100)*(8000000/4000000.0))
      +                          );
  3078   001266  0E02               	movlw	2
  3079   001268  ECD1  F008         	call	_lcd_send_nibble
  3080   00126C  0E42               	movlw	66
  3081   00126E                     u1337:
  3082   00126E  2EE8               	decfsz	wreg,f,c
  3083   001270  D7FE               	bra	u1337
  3084   001272  D000               	nop2	
  3085                           
  3086                           ;lcd.c: 97:     lcd_cmd(0x28);
  3087   001274  0E28               	movlw	40
  3088   001276  ECF2  F009         	call	_lcd_cmd
  3089                           
  3090                           ;lcd.c: 98:     lcd_cmd(0x0C);
  3091   00127A  0E0C               	movlw	12
  3092   00127C  ECF2  F009         	call	_lcd_cmd
  3093                           
  3094                           ;lcd.c: 99:     lcd_cmd(0x06);
  3095   001280  0E06               	movlw	6
  3096   001282  ECF2  F009         	call	_lcd_cmd
  3097                           
  3098                           ;lcd.c: 100:     lcd_clear();
  3099   001286  EC21  F00A         	call	_lcd_clear	;wreg free
  3100   00128A                     
  3101                           ;lcd.c: 102:     load_custom_characters();
  3102   00128A  ECA9  F009         	call	_load_custom_characters	;wreg free
  3103   00128E  0012               	return		;funcret
  3104   001290                     __end_of_lcd_init:
  3105                           	callstack 0
  3106                           
  3107 ;; *************** function _load_custom_characters *****************
  3108 ;; Defined at:
  3109 ;;		line 55 in file "lcd.c"
  3110 ;; Parameters:    Size  Location     Type
  3111 ;;		None
  3112 ;; Auto vars:     Size  Location     Type
  3113 ;;  cool_dude       8   16[COMRAM] unsigned char [8]
  3114 ;;  smiley          8    8[COMRAM] unsigned char [8]
  3115 ;; Return value:  Size  Location     Type
  3116 ;;                  1    wreg      void 
  3117 ;; Registers used:
  3118 ;;		wreg, fsr1l, fsr1h, fsr2l, fsr2h, status,2, status,0, cstack
  3119 ;; Tracked objects:
  3120 ;;		On entry : 0/0
  3121 ;;		On exit  : 0/0
  3122 ;;		Unchanged: 0/0
  3123 ;; Data sizes:     COMRAM   BANK0   BANK1   BANK2   BANK3   BANK4   BANK5   BANK6   BANK7
  3124 ;;      Params:         0       0       0       0       0       0       0       0       0
  3125 ;;      Locals:        16       0       0       0       0       0       0       0       0
  3126 ;;      Temps:          0       0       0       0       0       0       0       0       0
  3127 ;;      Totals:        16       0       0       0       0       0       0       0       0
  3128 ;;Total ram usage:       16 bytes
  3129 ;; Hardware stack levels used: 1
  3130 ;; Hardware stack levels required when called: 5
  3131 ;; This function calls:
  3132 ;;		_lcd_create_char
  3133 ;; This function is called by:
  3134 ;;		_lcd_init
  3135 ;; This function uses a non-reentrant model
  3136 ;;
  3137                           
  3138                           	psect	text13
  3139   001352                     __ptext13:
  3140                           	callstack 0
  3141   001352                     _load_custom_characters:
  3142                           	callstack 24
  3143   001352                     
  3144                           ;lcd.c: 56:     unsigned char smiley[8] = {
  3145   001352  EE20  F024         	lfsr	2,load_custom_characters@F3248
  3146   001356  EE10  F009         	lfsr	1,load_custom_characters@smiley
  3147   00135A  0E07               	movlw	7
  3148   00135C                     u1071:
  3149   00135C  CFDB FFE3          	movff	plusw2,plusw1
  3150   001360  06E8               	decf	wreg,f,c
  3151   001362  E2FC               	bc	u1071
  3152   001364                     
  3153                           ;lcd.c: 67:     lcd_create_char(0, smiley);
  3154   001364  0E09               	movlw	low load_custom_characters@smiley
  3155   001366  6E05               	movwf	lcd_create_char@charmap^0,c
  3156   001368  0E00               	movlw	0
  3157   00136A  EC48  F009         	call	_lcd_create_char
  3158   00136E                     
  3159                           ;lcd.c: 68:     unsigned char cool_dude[8] = {
  3160   00136E  EE20  F01C         	lfsr	2,load_custom_characters@F3250
  3161   001372  EE10  F011         	lfsr	1,load_custom_characters@cool_dude
  3162   001376  0E07               	movlw	7
  3163   001378                     u1081:
  3164   001378  CFDB FFE3          	movff	plusw2,plusw1
  3165   00137C  06E8               	decf	wreg,f,c
  3166   00137E  E2FC               	bc	u1081
  3167                           
  3168                           ;lcd.c: 78:     lcd_create_char(1, cool_dude);
  3169   001380  0E11               	movlw	low load_custom_characters@cool_dude
  3170   001382  6E05               	movwf	lcd_create_char@charmap^0,c
  3171   001384  0E01               	movlw	1
  3172   001386  EC48  F009         	call	_lcd_create_char
  3173   00138A  0012               	return		;funcret
  3174   00138C                     __end_of_load_custom_characters:
  3175                           	callstack 0
  3176                           
  3177 ;; *************** function _lcd_create_char *****************
  3178 ;; Defined at:
  3179 ;;		line 46 in file "lcd.c"
  3180 ;; Parameters:    Size  Location     Type
  3181 ;;  location        1    wreg     unsigned char 
  3182 ;;  charmap         1    4[COMRAM] PTR unsigned char 
  3183 ;;		 -> load_custom_characters@cool_dude(8), load_custom_characters@smiley(8), 
  3184 ;; Auto vars:     Size  Location     Type
  3185 ;;  location        1    5[COMRAM] unsigned char 
  3186 ;;  i               2    6[COMRAM] int 
  3187 ;; Return value:  Size  Location     Type
  3188 ;;                  1    wreg      void 
  3189 ;; Registers used:
  3190 ;;		wreg, fsr2l, fsr2h, status,2, status,0, cstack
  3191 ;; Tracked objects:
  3192 ;;		On entry : 0/0
  3193 ;;		On exit  : 0/0
  3194 ;;		Unchanged: 0/0
  3195 ;; Data sizes:     COMRAM   BANK0   BANK1   BANK2   BANK3   BANK4   BANK5   BANK6   BANK7
  3196 ;;      Params:         1       0       0       0       0       0       0       0       0
  3197 ;;      Locals:         3       0       0       0       0       0       0       0       0
  3198 ;;      Temps:          0       0       0       0       0       0       0       0       0
  3199 ;;      Totals:         4       0       0       0       0       0       0       0       0
  3200 ;;Total ram usage:        4 bytes
  3201 ;; Hardware stack levels used: 1
  3202 ;; Hardware stack levels required when called: 4
  3203 ;; This function calls:
  3204 ;;		_lcd_cmd
  3205 ;;		_lcd_data
  3206 ;; This function is called by:
  3207 ;;		_load_custom_characters
  3208 ;; This function uses a non-reentrant model
  3209 ;;
  3210                           
  3211                           	psect	text14
  3212   001290                     __ptext14:
  3213                           	callstack 0
  3214   001290                     _lcd_create_char:
  3215                           	callstack 24
  3216                           
  3217                           ;incstack = 0
  3218                           ;lcd_create_char@location stored from wreg
  3219   001290  6E06               	movwf	lcd_create_char@location^0,c
  3220   001292                     
  3221                           ;lcd.c: 47:     location &= 0x07;
  3222   001292  0E07               	movlw	7
  3223   001294  1606               	andwf	lcd_create_char@location^0,f,c
  3224   001296                     
  3225                           ;lcd.c: 48:     lcd_cmd(0x40 | (location << 3));
  3226   001296  3806               	swapf	lcd_create_char@location^0,w,c
  3227   001298  42E8               	rrncf	wreg,f,c
  3228   00129A  0BF8               	andlw	248
  3229   00129C  0940               	iorlw	64
  3230   00129E  ECF2  F009         	call	_lcd_cmd
  3231   0012A2                     
  3232                           ;lcd.c: 50:     for (int i = 0; i < 8; i++) {
  3233   0012A2  0E00               	movlw	0
  3234   0012A4  6E08               	movwf	(lcd_create_char@i+1)^0,c
  3235   0012A6  0E00               	movlw	0
  3236   0012A8  6E07               	movwf	lcd_create_char@i^0,c
  3237   0012AA                     l1480:
  3238                           
  3239                           ;lcd.c: 51:         lcd_data(charmap[i]);
  3240   0012AA  5005               	movf	lcd_create_char@charmap^0,w,c
  3241   0012AC  2407               	addwf	lcd_create_char@i^0,w,c
  3242   0012AE  6ED9               	movwf	fsr2l,c
  3243   0012B0  6ADA               	clrf	fsr2h,c
  3244   0012B2  50DF               	movf	indf2,w,c
  3245   0012B4  EC05  F00A         	call	_lcd_data
  3246   0012B8                     
  3247                           ;lcd.c: 52:     }
  3248   0012B8  4A07               	infsnz	lcd_create_char@i^0,f,c
  3249   0012BA  2A08               	incf	(lcd_create_char@i+1)^0,f,c
  3250   0012BC  BE08               	btfsc	(lcd_create_char@i+1)^0,7,c
  3251   0012BE  EF6A  F009         	goto	u811
  3252   0012C2  5008               	movf	(lcd_create_char@i+1)^0,w,c
  3253   0012C4  E109               	bnz	u810
  3254   0012C6  0E08               	movlw	8
  3255   0012C8  5C07               	subwf	lcd_create_char@i^0,w,c
  3256   0012CA  A0D8               	btfss	status,0,c
  3257   0012CC  EF6A  F009         	goto	u811
  3258   0012D0  EF6C  F009         	goto	u810
  3259   0012D4                     u811:
  3260   0012D4  EF55  F009         	goto	l1480
  3261   0012D8                     u810:
  3262   0012D8  0012               	return		;funcret
  3263   0012DA                     __end_of_lcd_create_char:
  3264                           	callstack 0
  3265                           
  3266 ;; *************** function _lcd_data *****************
  3267 ;; Defined at:
  3268 ;;		line 25 in file "lcd.c"
  3269 ;; Parameters:    Size  Location     Type
  3270 ;;  data            1    wreg     unsigned char 
  3271 ;; Auto vars:     Size  Location     Type
  3272 ;;  data            1    2[COMRAM] unsigned char 
  3273 ;; Return value:  Size  Location     Type
  3274 ;;                  1    wreg      void 
  3275 ;; Registers used:
  3276 ;;		wreg, status,2, status,0, cstack
  3277 ;; Tracked objects:
  3278 ;;		On entry : 0/0
  3279 ;;		On exit  : 0/0
  3280 ;;		Unchanged: 0/0
  3281 ;; Data sizes:     COMRAM   BANK0   BANK1   BANK2   BANK3   BANK4   BANK5   BANK6   BANK7
  3282 ;;      Params:         0       0       0       0       0       0       0       0       0
  3283 ;;      Locals:         1       0       0       0       0       0       0       0       0
  3284 ;;      Temps:          0       0       0       0       0       0       0       0       0
  3285 ;;      Totals:         1       0       0       0       0       0       0       0       0
  3286 ;;Total ram usage:        1 bytes
  3287 ;; Hardware stack levels used: 1
  3288 ;; Hardware stack levels required when called: 3
  3289 ;; This function calls:
  3290 ;;		_lcd_send_nibble
  3291 ;; This function is called by:
  3292 ;;		_get_valid_input_count
  3293 ;;		_count_update_screen
  3294 ;;		_loop
  3295 ;;		_main
  3296 ;;		_lcd_write
  3297 ;;		_lcd_create_char
  3298 ;; This function uses a non-reentrant model
  3299 ;;
  3300                           
  3301                           	psect	text15
  3302   00140A                     __ptext15:
  3303                           	callstack 0
  3304   00140A                     _lcd_data:
  3305                           	callstack 25
  3306                           
  3307                           ;incstack = 0
  3308                           ;lcd_data@data stored from wreg
  3309   00140A  6E03               	movwf	lcd_data@data^0,c
  3310   00140C                     
  3311                           ;lcd.c: 26:     LATAbits.LATA4 = 1;
  3312   00140C  8889               	bsf	137,4,c	;volatile
  3313   00140E                     
  3314                           ;lcd.c: 27:     lcd_send_nibble(data >> 4);
  3315   00140E  3803               	swapf	lcd_data@data^0,w,c
  3316   001410  0B0F               	andlw	15
  3317   001412  ECD1  F008         	call	_lcd_send_nibble
  3318                           
  3319                           ;lcd.c: 28:     lcd_send_nibble(data & 0x0F);
  3320   001416  5003               	movf	lcd_data@data^0,w,c
  3321   001418  0B0F               	andlw	15
  3322   00141A  ECD1  F008         	call	_lcd_send_nibble
  3323   00141E                     
  3324                           ;lcd.c: 29:     _delay((unsigned long)((50)*(8000000/4000000.0)));
  3325   00141E  0E21               	movlw	33
  3326   001420                     u1347:
  3327   001420  2EE8               	decfsz	wreg,f,c
  3328   001422  D7FE               	bra	u1347
  3329   001424  0000               	nop	
  3330   001426  0012               	return		;funcret
  3331   001428                     __end_of_lcd_data:
  3332                           	callstack 0
  3333                           
  3334 ;; *************** function _lcd_clear *****************
  3335 ;; Defined at:
  3336 ;;		line 32 in file "lcd.c"
  3337 ;; Parameters:    Size  Location     Type
  3338 ;;		None
  3339 ;; Auto vars:     Size  Location     Type
  3340 ;;		None
  3341 ;; Return value:  Size  Location     Type
  3342 ;;                  1    wreg      void 
  3343 ;; Registers used:
  3344 ;;		wreg, status,2, status,0, cstack
  3345 ;; Tracked objects:
  3346 ;;		On entry : 0/0
  3347 ;;		On exit  : 0/0
  3348 ;;		Unchanged: 0/0
  3349 ;; Data sizes:     COMRAM   BANK0   BANK1   BANK2   BANK3   BANK4   BANK5   BANK6   BANK7
  3350 ;;      Params:         0       0       0       0       0       0       0       0       0
  3351 ;;      Locals:         0       0       0       0       0       0       0       0       0
  3352 ;;      Temps:          1       0       0       0       0       0       0       0       0
  3353 ;;      Totals:         1       0       0       0       0       0       0       0       0
  3354 ;;Total ram usage:        1 bytes
  3355 ;; Hardware stack levels used: 1
  3356 ;; Hardware stack levels required when called: 4
  3357 ;; This function calls:
  3358 ;;		_lcd_cmd
  3359 ;; This function is called by:
  3360 ;;		_set_status
  3361 ;;		_get_valid_input_count
  3362 ;;		_count_update_screen
  3363 ;;		_loop
  3364 ;;		_lcd_init
  3365 ;; This function uses a non-reentrant model
  3366 ;;
  3367                           
  3368                           	psect	text16
  3369   001442                     __ptext16:
  3370                           	callstack 0
  3371   001442                     _lcd_clear:
  3372                           	callstack 25
  3373   001442                     
  3374                           ;lcd.c: 33:     lcd_cmd(0x01);
  3375   001442  0E01               	movlw	1
  3376   001444  ECF2  F009         	call	_lcd_cmd
  3377   001448                     
  3378                           ;lcd.c: 34:     _delay((unsigned long)((2)*(8000000/4000.0)));
  3379   001448  0E06               	movlw	6
  3380   00144A  6E05               	movwf	??_lcd_clear^0,c
  3381   00144C  0E30               	movlw	48
  3382   00144E                     u1357:
  3383   00144E  2EE8               	decfsz	wreg,f,c
  3384   001450  D7FE               	bra	u1357
  3385   001452  2E05               	decfsz	??_lcd_clear^0,f,c
  3386   001454  D7FC               	bra	u1357
  3387   001456  D000               	nop2	
  3388   001458  0012               	return		;funcret
  3389   00145A                     __end_of_lcd_clear:
  3390                           	callstack 0
  3391                           
  3392 ;; *************** function _lcd_cmd *****************
  3393 ;; Defined at:
  3394 ;;		line 18 in file "lcd.c"
  3395 ;; Parameters:    Size  Location     Type
  3396 ;;  cmd             1    wreg     unsigned char 
  3397 ;; Auto vars:     Size  Location     Type
  3398 ;;  cmd             1    3[COMRAM] unsigned char 
  3399 ;; Return value:  Size  Location     Type
  3400 ;;                  1    wreg      void 
  3401 ;; Registers used:
  3402 ;;		wreg, status,2, status,0, cstack
  3403 ;; Tracked objects:
  3404 ;;		On entry : 0/0
  3405 ;;		On exit  : 0/0
  3406 ;;		Unchanged: 0/0
  3407 ;; Data sizes:     COMRAM   BANK0   BANK1   BANK2   BANK3   BANK4   BANK5   BANK6   BANK7
  3408 ;;      Params:         0       0       0       0       0       0       0       0       0
  3409 ;;      Locals:         1       0       0       0       0       0       0       0       0
  3410 ;;      Temps:          1       0       0       0       0       0       0       0       0
  3411 ;;      Totals:         2       0       0       0       0       0       0       0       0
  3412 ;;Total ram usage:        2 bytes
  3413 ;; Hardware stack levels used: 1
  3414 ;; Hardware stack levels required when called: 3
  3415 ;; This function calls:
  3416 ;;		_lcd_send_nibble
  3417 ;; This function is called by:
  3418 ;;		_get_valid_input_count
  3419 ;;		_lcd_clear
  3420 ;;		_lcd_set_cursor
  3421 ;;		_lcd_create_char
  3422 ;;		_lcd_init
  3423 ;; This function uses a non-reentrant model
  3424 ;;
  3425                           
  3426                           	psect	text17
  3427   0013E4                     __ptext17:
  3428                           	callstack 0
  3429   0013E4                     _lcd_cmd:
  3430                           	callstack 25
  3431                           
  3432                           ;incstack = 0
  3433                           ;lcd_cmd@cmd stored from wreg
  3434   0013E4  6E04               	movwf	lcd_cmd@cmd^0,c
  3435   0013E6                     
  3436                           ;lcd.c: 19:     LATAbits.LATA4 = 0;
  3437   0013E6  9889               	bcf	137,4,c	;volatile
  3438   0013E8                     
  3439                           ;lcd.c: 20:     lcd_send_nibble(cmd >> 4);
  3440   0013E8  3804               	swapf	lcd_cmd@cmd^0,w,c
  3441   0013EA  0B0F               	andlw	15
  3442   0013EC  ECD1  F008         	call	_lcd_send_nibble
  3443                           
  3444                           ;lcd.c: 21:     lcd_send_nibble(cmd & 0x0F);
  3445   0013F0  5004               	movf	lcd_cmd@cmd^0,w,c
  3446   0013F2  0B0F               	andlw	15
  3447   0013F4  ECD1  F008         	call	_lcd_send_nibble
  3448   0013F8                     
  3449                           ;lcd.c: 22:     _delay((unsigned long)((2)*(8000000/4000.0)));
  3450   0013F8  0E06               	movlw	6
  3451   0013FA  6E03               	movwf	??_lcd_cmd^0,c
  3452   0013FC  0E30               	movlw	48
  3453   0013FE                     u1367:
  3454   0013FE  2EE8               	decfsz	wreg,f,c
  3455   001400  D7FE               	bra	u1367
  3456   001402  2E03               	decfsz	??_lcd_cmd^0,f,c
  3457   001404  D7FC               	bra	u1367
  3458   001406  D000               	nop2	
  3459   001408  0012               	return		;funcret
  3460   00140A                     __end_of_lcd_cmd:
  3461                           	callstack 0
  3462                           
  3463 ;; *************** function _lcd_send_nibble *****************
  3464 ;; Defined at:
  3465 ;;		line 10 in file "lcd.c"
  3466 ;; Parameters:    Size  Location     Type
  3467 ;;  nibble          1    wreg     unsigned char 
  3468 ;; Auto vars:     Size  Location     Type
  3469 ;;  nibble          1    1[COMRAM] unsigned char 
  3470 ;; Return value:  Size  Location     Type
  3471 ;;                  1    wreg      void 
  3472 ;; Registers used:
  3473 ;;		wreg, status,2, status,0, cstack
  3474 ;; Tracked objects:
  3475 ;;		On entry : 0/0
  3476 ;;		On exit  : 0/0
  3477 ;;		Unchanged: 0/0
  3478 ;; Data sizes:     COMRAM   BANK0   BANK1   BANK2   BANK3   BANK4   BANK5   BANK6   BANK7
  3479 ;;      Params:         0       0       0       0       0       0       0       0       0
  3480 ;;      Locals:         1       0       0       0       0       0       0       0       0
  3481 ;;      Temps:          1       0       0       0       0       0       0       0       0
  3482 ;;      Totals:         2       0       0       0       0       0       0       0       0
  3483 ;;Total ram usage:        2 bytes
  3484 ;; Hardware stack levels used: 1
  3485 ;; Hardware stack levels required when called: 2
  3486 ;; This function calls:
  3487 ;;		_lcd_pulse
  3488 ;; This function is called by:
  3489 ;;		_lcd_cmd
  3490 ;;		_lcd_data
  3491 ;;		_lcd_init
  3492 ;; This function uses a non-reentrant model
  3493 ;;
  3494                           
  3495                           	psect	text18
  3496   0011A2                     __ptext18:
  3497                           	callstack 0
  3498   0011A2                     _lcd_send_nibble:
  3499                           	callstack 25
  3500                           
  3501                           ;incstack = 0
  3502                           ;lcd_send_nibble@nibble stored from wreg
  3503   0011A2  6E02               	movwf	lcd_send_nibble@nibble^0,c
  3504   0011A4                     
  3505                           ;lcd.c: 11:     LATDbits.LATD4 = (nibble >> 0) & 1;
  3506   0011A4  C002  F001         	movff	lcd_send_nibble@nibble,??_lcd_send_nibble
  3507   0011A8  0E01               	movlw	1
  3508   0011AA  1601               	andwf	??_lcd_send_nibble^0,f,c
  3509   0011AC  3A01               	swapf	??_lcd_send_nibble^0,f,c
  3510   0011AE  508C               	movf	140,w,c	;volatile
  3511   0011B0  1801               	xorwf	??_lcd_send_nibble^0,w,c
  3512   0011B2  0BEF               	andlw	-17
  3513   0011B4  1801               	xorwf	??_lcd_send_nibble^0,w,c
  3514   0011B6  6E8C               	movwf	140,c	;volatile
  3515                           
  3516                           ;lcd.c: 12:     LATDbits.LATD5 = (nibble >> 1) & 1;
  3517   0011B8  C002  F001         	movff	lcd_send_nibble@nibble,??_lcd_send_nibble
  3518   0011BC  90D8               	bcf	status,0,c
  3519   0011BE  3201               	rrcf	??_lcd_send_nibble^0,f,c
  3520   0011C0  0E01               	movlw	1
  3521   0011C2  1601               	andwf	??_lcd_send_nibble^0,f,c
  3522   0011C4  3A01               	swapf	??_lcd_send_nibble^0,f,c
  3523   0011C6  4601               	rlncf	??_lcd_send_nibble^0,f,c
  3524   0011C8  508C               	movf	140,w,c	;volatile
  3525   0011CA  1801               	xorwf	??_lcd_send_nibble^0,w,c
  3526   0011CC  0BDF               	andlw	-33
  3527   0011CE  1801               	xorwf	??_lcd_send_nibble^0,w,c
  3528   0011D0  6E8C               	movwf	140,c	;volatile
  3529                           
  3530                           ;lcd.c: 13:     LATDbits.LATD6 = (nibble >> 2) & 1;
  3531   0011D2  C002  F001         	movff	lcd_send_nibble@nibble,??_lcd_send_nibble
  3532   0011D6  90D8               	bcf	status,0,c
  3533   0011D8  3201               	rrcf	??_lcd_send_nibble^0,f,c
  3534   0011DA  90D8               	bcf	status,0,c
  3535   0011DC  3201               	rrcf	??_lcd_send_nibble^0,f,c
  3536   0011DE  0E01               	movlw	1
  3537   0011E0  1601               	andwf	??_lcd_send_nibble^0,f,c
  3538   0011E2  3A01               	swapf	??_lcd_send_nibble^0,f,c
  3539   0011E4  4601               	rlncf	??_lcd_send_nibble^0,f,c
  3540   0011E6  4601               	rlncf	??_lcd_send_nibble^0,f,c
  3541   0011E8  508C               	movf	140,w,c	;volatile
  3542   0011EA  1801               	xorwf	??_lcd_send_nibble^0,w,c
  3543   0011EC  0BBF               	andlw	-65
  3544   0011EE  1801               	xorwf	??_lcd_send_nibble^0,w,c
  3545   0011F0  6E8C               	movwf	140,c	;volatile
  3546                           
  3547                           ;lcd.c: 14:     LATDbits.LATD7 = (nibble >> 3) & 1;
  3548   0011F2  C002  F001         	movff	lcd_send_nibble@nibble,??_lcd_send_nibble
  3549   0011F6  90D8               	bcf	status,0,c
  3550   0011F8  3201               	rrcf	??_lcd_send_nibble^0,f,c
  3551   0011FA  90D8               	bcf	status,0,c
  3552   0011FC  3201               	rrcf	??_lcd_send_nibble^0,f,c
  3553   0011FE  90D8               	bcf	status,0,c
  3554   001200  3201               	rrcf	??_lcd_send_nibble^0,f,c
  3555   001202  0E01               	movlw	1
  3556   001204  1601               	andwf	??_lcd_send_nibble^0,f,c
  3557   001206  3201               	rrcf	??_lcd_send_nibble^0,f,c
  3558   001208  3201               	rrcf	??_lcd_send_nibble^0,f,c
  3559   00120A  508C               	movf	140,w,c	;volatile
  3560   00120C  1801               	xorwf	??_lcd_send_nibble^0,w,c
  3561   00120E  0B7F               	andlw	-129
  3562   001210  1801               	xorwf	??_lcd_send_nibble^0,w,c
  3563   001212  6E8C               	movwf	140,c	;volatile
  3564   001214                     
  3565                           ;lcd.c: 15:     lcd_pulse();
  3566   001214  EC36  F00A         	call	_lcd_pulse	;wreg free
  3567   001218  0012               	return		;funcret
  3568   00121A                     __end_of_lcd_send_nibble:
  3569                           	callstack 0
  3570                           
  3571 ;; *************** function _lcd_pulse *****************
  3572 ;; Defined at:
  3573 ;;		line 5 in file "lcd.c"
  3574 ;; Parameters:    Size  Location     Type
  3575 ;;		None
  3576 ;; Auto vars:     Size  Location     Type
  3577 ;;		None
  3578 ;; Return value:  Size  Location     Type
  3579 ;;                  1    wreg      void 
  3580 ;; Registers used:
  3581 ;;		wreg
  3582 ;; Tracked objects:
  3583 ;;		On entry : 0/0
  3584 ;;		On exit  : 0/0
  3585 ;;		Unchanged: 0/0
  3586 ;; Data sizes:     COMRAM   BANK0   BANK1   BANK2   BANK3   BANK4   BANK5   BANK6   BANK7
  3587 ;;      Params:         0       0       0       0       0       0       0       0       0
  3588 ;;      Locals:         0       0       0       0       0       0       0       0       0
  3589 ;;      Temps:          0       0       0       0       0       0       0       0       0
  3590 ;;      Totals:         0       0       0       0       0       0       0       0       0
  3591 ;;Total ram usage:        0 bytes
  3592 ;; Hardware stack levels used: 1
  3593 ;; Hardware stack levels required when called: 1
  3594 ;; This function calls:
  3595 ;;		Nothing
  3596 ;; This function is called by:
  3597 ;;		_lcd_send_nibble
  3598 ;; This function uses a non-reentrant model
  3599 ;;
  3600                           
  3601                           	psect	text19
  3602   00146C                     __ptext19:
  3603                           	callstack 0
  3604   00146C                     _lcd_pulse:
  3605                           	callstack 25
  3606   00146C                     
  3607                           ;lcd.c: 6:     LATAbits.LATA5 = 1; _delay((unsigned long)((1)*(8000000/4000000.0)));
  3608   00146C  8A89               	bsf	137,5,c	;volatile
  3609   00146E  D000               	nop2		;2 cycle nop
  3610                           
  3611                           ;lcd.c: 7:     LATAbits.LATA5 = 0; _delay((unsigned long)((100)*(8000000/4000000.0)));
  3612   001470  9A89               	bcf	137,5,c	;volatile
  3613   001472  0E42               	movlw	66
  3614   001474                     u1377:
  3615   001474  2EE8               	decfsz	wreg,f,c
  3616   001476  D7FE               	bra	u1377
  3617   001478  D000               	nop2	
  3618   00147A  0012               	return		;funcret
  3619   00147C                     __end_of_lcd_pulse:
  3620                           	callstack 0
  3621                           
  3622 ;; *************** function _keypad_init *****************
  3623 ;; Defined at:
  3624 ;;		line 11 in file "keypad.c"
  3625 ;; Parameters:    Size  Location     Type
  3626 ;;		None
  3627 ;; Auto vars:     Size  Location     Type
  3628 ;;		None
  3629 ;; Return value:  Size  Location     Type
  3630 ;;                  1    wreg      void 
  3631 ;; Registers used:
  3632 ;;		wreg, status,2
  3633 ;; Tracked objects:
  3634 ;;		On entry : 0/0
  3635 ;;		On exit  : 0/0
  3636 ;;		Unchanged: 0/0
  3637 ;; Data sizes:     COMRAM   BANK0   BANK1   BANK2   BANK3   BANK4   BANK5   BANK6   BANK7
  3638 ;;      Params:         0       0       0       0       0       0       0       0       0
  3639 ;;      Locals:         0       0       0       0       0       0       0       0       0
  3640 ;;      Temps:          0       0       0       0       0       0       0       0       0
  3641 ;;      Totals:         0       0       0       0       0       0       0       0       0
  3642 ;;Total ram usage:        0 bytes
  3643 ;; Hardware stack levels used: 1
  3644 ;; Hardware stack levels required when called: 1
  3645 ;; This function calls:
  3646 ;;		Nothing
  3647 ;; This function is called by:
  3648 ;;		_main
  3649 ;; This function uses a non-reentrant model
  3650 ;;
  3651                           
  3652                           	psect	text20
  3653   00147C                     __ptext20:
  3654                           	callstack 0
  3655   00147C                     _keypad_init:
  3656                           	callstack 29
  3657   00147C                     
  3658                           ;keypad.c: 12:     TRISB = 0xF0;
  3659   00147C  0EF0               	movlw	240
  3660   00147E  6E93               	movwf	147,c	;volatile
  3661                           
  3662                           ;keypad.c: 13:     LATB = 0x0F;
  3663   001480  0E0F               	movlw	15
  3664   001482  6E8A               	movwf	138,c	;volatile
  3665   001484  0012               	return		;funcret
  3666   001486                     __end_of_keypad_init:
  3667                           	callstack 0
  3668                           
  3669 ;; *************** function _isr *****************
  3670 ;; Defined at:
  3671 ;;		line 26 in file "main.c"
  3672 ;; Parameters:    Size  Location     Type
  3673 ;;		None
  3674 ;; Auto vars:     Size  Location     Type
  3675 ;;		None
  3676 ;; Return value:  Size  Location     Type
  3677 ;;                  1    wreg      void 
  3678 ;; Registers used:
  3679 ;;		wreg, status,2, status,0
  3680 ;; Tracked objects:
  3681 ;;		On entry : 0/0
  3682 ;;		On exit  : 0/0
  3683 ;;		Unchanged: 0/0
  3684 ;; Data sizes:     COMRAM   BANK0   BANK1   BANK2   BANK3   BANK4   BANK5   BANK6   BANK7
  3685 ;;      Params:         0       0       0       0       0       0       0       0       0
  3686 ;;      Locals:         0       0       0       0       0       0       0       0       0
  3687 ;;      Temps:          0       0       0       0       0       0       0       0       0
  3688 ;;      Totals:         0       0       0       0       0       0       0       0       0
  3689 ;;Total ram usage:        0 bytes
  3690 ;; Hardware stack levels used: 1
  3691 ;; This function calls:
  3692 ;;		Nothing
  3693 ;; This function is called by:
  3694 ;;		Interrupt level 2
  3695 ;; This function uses a non-reentrant model
  3696 ;;
  3697                           
  3698                           	psect	intcode
  3699   000008                     __pintcode:
  3700                           	callstack 0
  3701   000008                     _isr:
  3702                           	callstack 23
  3703                           
  3704                           ;incstack = 0
  3705   000008  8237               	bsf	int$flags,1,c	;set compiler interrupt flag (level 2)
  3706   00000A  EDDC  F009         	call	int_func,f	;refresh shadow registers
  3707                           
  3708                           	psect	intcode_body
  3709   0013B8                     __pintcode_body:
  3710                           	callstack 23
  3711   0013B8                     int_func:
  3712                           	callstack 23
  3713   0013B8  0006               	pop		; remove dummy address from shadow register refresh
  3714   0013BA                     
  3715                           ;main.c: 27:     else if (new_status == "end_count") {
  3716   0013BA  A09E               	btfss	158,0,c	;volatile
  3717   0013BC  EFE2  F009         	goto	i2u64_41
  3718   0013C0  EFE4  F009         	goto	i2u64_40
  3719   0013C4                     i2u64_41:
  3720   0013C4  EFF0  F009         	goto	i2l62
  3721   0013C8                     i2u64_40:
  3722   0013C8                     
  3723                           ;main.c: 28: 
  3724   0013C8  909E               	bcf	158,0,c	;volatile
  3725   0013CA                     
  3726                           ;main.c: 31:         lcd_clear();
  3727   0013CA  0E0B               	movlw	11
  3728   0013CC  6ECF               	movwf	207,c	;volatile
  3729                           
  3730                           ;main.c: 32:         lcd_set_cursor(1, 1);
  3731   0013CE  0EDC               	movlw	220
  3732   0013D0  6ECE               	movwf	206,c	;volatile
  3733   0013D2                     
  3734                           ;main.c: 34:         lcd_set_cursor(2, 1);
  3735   0013D2  0E01               	movlw	1
  3736   0013D4  1A32               	xorwf	_led_estado^0,f,c	;volatile
  3737   0013D6                     
  3738                           ;main.c: 35:         lcd_write("!!!EMERGENCIA!!!");
  3739   0013D6  B032               	btfsc	_led_estado^0,0,c	;volatile
  3740   0013D8  D002               	bra	i2u65_45
  3741   0013DA  9289               	bcf	137,1,c	;volatile
  3742   0013DC  D001               	bra	i2u65_46
  3743   0013DE                     i2u65_45:
  3744   0013DE  8289               	bsf	137,1,c	;volatile
  3745   0013E0                     i2u65_46:
  3746   0013E0                     i2l62:
  3747   0013E0  9237               	bcf	int$flags,1,c	;clear compiler interrupt flag (level 2)
  3748   0013E2  0011               	retfie		f
  3749   0013E4                     __end_of_isr:
  3750                           	callstack 0
  3751                           
  3752                           	psect	rparam
  3753   000001                     ___rparam_used  equ	1
  3754   000000                     ___param_bank   equ	0
  3755   000000                     __Lparam        equ	__Lrparam
  3756   000000                     __Hparam        equ	__Hrparam
  3757                           
  3758                           	psect	temp
  3759   000037                     btemp:
  3760                           	callstack 0
  3761   000037                     	ds	1
  3762   000037                     int$flags       set	btemp
  3763   000038                     wtemp8          set	btemp+1
  3764   000038                     ttemp5          set	btemp+1
  3765   00003B                     ttemp6          set	btemp+4
  3766   00003F                     ttemp7          set	btemp+8
  3767                           
  3768                           	psect	idloc
  3769                           
  3770                           ;Config register IDLOC0 @ 0x200000
  3771                           ;	unspecified, using default values
  3772   200000                     	org	2097152
  3773   200000  FF                 	db	255
  3774                           
  3775                           ;Config register IDLOC1 @ 0x200001
  3776                           ;	unspecified, using default values
  3777   200001                     	org	2097153
  3778   200001  FF                 	db	255
  3779                           
  3780                           ;Config register IDLOC2 @ 0x200002
  3781                           ;	unspecified, using default values
  3782   200002                     	org	2097154
  3783   200002  FF                 	db	255
  3784                           
  3785                           ;Config register IDLOC3 @ 0x200003
  3786                           ;	unspecified, using default values
  3787   200003                     	org	2097155
  3788   200003  FF                 	db	255
  3789                           
  3790                           ;Config register IDLOC4 @ 0x200004
  3791                           ;	unspecified, using default values
  3792   200004                     	org	2097156
  3793   200004  FF                 	db	255
  3794                           
  3795                           ;Config register IDLOC5 @ 0x200005
  3796                           ;	unspecified, using default values
  3797   200005                     	org	2097157
  3798   200005  FF                 	db	255
  3799                           
  3800                           ;Config register IDLOC6 @ 0x200006
  3801                           ;	unspecified, using default values
  3802   200006                     	org	2097158
  3803   200006  FF                 	db	255
  3804                           
  3805                           ;Config register IDLOC7 @ 0x200007
  3806                           ;	unspecified, using default values
  3807   200007                     	org	2097159
  3808   200007  FF                 	db	255
  3809                           
  3810                           	psect	config
  3811                           
  3812                           ;Config register CONFIG1L @ 0x300000
  3813                           ;	unspecified, using default values
  3814                           ;	PLL Prescaler Selection bits
  3815                           ;	PLLDIV = 0x0, unprogrammed default
  3816                           ;	System Clock Postscaler Selection bits
  3817                           ;	CPUDIV = 0x0, unprogrammed default
  3818                           ;	USB Clock Selection bit (used in Full-Speed USB mode only; UCFG:FSEN = 1)
  3819                           ;	USBDIV = 0x0, unprogrammed default
  3820   300000                     	org	3145728
  3821   300000  00                 	db	0
  3822                           
  3823                           ;Config register CONFIG1H @ 0x300001
  3824                           ;	Oscillator Selection bits
  3825                           ;	FOSC = INTOSCIO_EC, Internal oscillator, port function on RA6, EC used by USB (INTIO)
  3826                           ;	Fail-Safe Clock Monitor Enable bit
  3827                           ;	FCMEN = 0x0, unprogrammed default
  3828                           ;	Internal/External Oscillator Switchover bit
  3829                           ;	IESO = 0x0, unprogrammed default
  3830   300001                     	org	3145729
  3831   300001  08                 	db	8
  3832                           
  3833                           ;Config register CONFIG2L @ 0x300002
  3834                           ;	Power-up Timer Enable bit
  3835                           ;	PWRT = ON, PWRT enabled
  3836                           ;	Brown-out Reset Enable bits
  3837                           ;	BOR = 0x3, unprogrammed default
  3838                           ;	Brown-out Reset Voltage bits
  3839                           ;	BORV = 0x3, unprogrammed default
  3840                           ;	USB Voltage Regulator Enable bit
  3841                           ;	VREGEN = 0x0, unprogrammed default
  3842   300002                     	org	3145730
  3843   300002  1E                 	db	30
  3844                           
  3845                           ;Config register CONFIG2H @ 0x300003
  3846                           ;	Watchdog Timer Enable bit
  3847                           ;	WDT = OFF, WDT disabled (control is placed on the SWDTEN bit)
  3848                           ;	Watchdog Timer Postscale Select bits
  3849                           ;	WDTPS = 0xF, unprogrammed default
  3850   300003                     	org	3145731
  3851   300003  1E                 	db	30
  3852                           
  3853                           ; Padding undefined space
  3854   300004                     	org	3145732
  3855   300004  FF                 	db	255
  3856                           
  3857                           ;Config register CONFIG3H @ 0x300005
  3858                           ;	CCP2 MUX bit
  3859                           ;	CCP2MX = 0x1, unprogrammed default
  3860                           ;	PORTB A/D Enable bit
  3861                           ;	PBADEN = OFF, PORTB<4:0> pins are configured as digital I/O on Reset
  3862                           ;	Low-Power Timer 1 Oscillator Enable bit
  3863                           ;	LPT1OSC = 0x0, unprogrammed default
  3864                           ;	MCLR Pin Enable bit
  3865                           ;	MCLRE = ON, MCLR pin enabled; RE3 input pin disabled
  3866   300005                     	org	3145733
  3867   300005  81                 	db	129
  3868                           
  3869                           ;Config register CONFIG4L @ 0x300006
  3870                           ;	Stack Full/Underflow Reset Enable bit
  3871                           ;	STVREN = 0x1, unprogrammed default
  3872                           ;	Single-Supply ICSP Enable bit
  3873                           ;	LVP = OFF, Single-Supply ICSP disabled
  3874                           ;	Dedicated In-Circuit Debug/Programming Port (ICPORT) Enable bit
  3875                           ;	ICPRT = 0x0, unprogrammed default
  3876                           ;	Extended Instruction Set Enable bit
  3877                           ;	XINST = 0x0, unprogrammed default
  3878                           ;	Background Debugger Enable bit
  3879                           ;	DEBUG = 0x1, unprogrammed default
  3880   300006                     	org	3145734
  3881   300006  81                 	db	129
  3882                           
  3883                           ; Padding undefined space
  3884   300007                     	org	3145735
  3885   300007  FF                 	db	255
  3886                           
  3887                           ;Config register CONFIG5L @ 0x300008
  3888                           ;	unspecified, using default values
  3889                           ;	Code Protection bit
  3890                           ;	CP0 = 0x1, unprogrammed default
  3891                           ;	Code Protection bit
  3892                           ;	CP1 = 0x1, unprogrammed default
  3893                           ;	Code Protection bit
  3894                           ;	CP2 = 0x1, unprogrammed default
  3895                           ;	Code Protection bit
  3896                           ;	CP3 = 0x1, unprogrammed default
  3897   300008                     	org	3145736
  3898   300008  0F                 	db	15
  3899                           
  3900                           ;Config register CONFIG5H @ 0x300009
  3901                           ;	unspecified, using default values
  3902                           ;	Boot Block Code Protection bit
  3903                           ;	CPB = 0x1, unprogrammed default
  3904                           ;	Data EEPROM Code Protection bit
  3905                           ;	CPD = 0x1, unprogrammed default
  3906   300009                     	org	3145737
  3907   300009  C0                 	db	192
  3908                           
  3909                           ;Config register CONFIG6L @ 0x30000A
  3910                           ;	unspecified, using default values
  3911                           ;	Write Protection bit
  3912                           ;	WRT0 = 0x1, unprogrammed default
  3913                           ;	Write Protection bit
  3914                           ;	WRT1 = 0x1, unprogrammed default
  3915                           ;	Write Protection bit
  3916                           ;	WRT2 = 0x1, unprogrammed default
  3917                           ;	Write Protection bit
  3918                           ;	WRT3 = 0x1, unprogrammed default
  3919   30000A                     	org	3145738
  3920   30000A  0F                 	db	15
  3921                           
  3922                           ;Config register CONFIG6H @ 0x30000B
  3923                           ;	unspecified, using default values
  3924                           ;	Configuration Register Write Protection bit
  3925                           ;	WRTC = 0x1, unprogrammed default
  3926                           ;	Boot Block Write Protection bit
  3927                           ;	WRTB = 0x1, unprogrammed default
  3928                           ;	Data EEPROM Write Protection bit
  3929                           ;	WRTD = 0x1, unprogrammed default
  3930   30000B                     	org	3145739
  3931   30000B  E0                 	db	224
  3932                           
  3933                           ;Config register CONFIG7L @ 0x30000C
  3934                           ;	unspecified, using default values
  3935                           ;	Table Read Protection bit
  3936                           ;	EBTR0 = 0x1, unprogrammed default
  3937                           ;	Table Read Protection bit
  3938                           ;	EBTR1 = 0x1, unprogrammed default
  3939                           ;	Table Read Protection bit
  3940                           ;	EBTR2 = 0x1, unprogrammed default
  3941                           ;	Table Read Protection bit
  3942                           ;	EBTR3 = 0x1, unprogrammed default
  3943   30000C                     	org	3145740
  3944   30000C  0F                 	db	15
  3945                           
  3946                           ;Config register CONFIG7H @ 0x30000D
  3947                           ;	unspecified, using default values
  3948                           ;	Boot Block Table Read Protection bit
  3949                           ;	EBTRB = 0x1, unprogrammed default
  3950   30000D                     	org	3145741
  3951   30000D  40                 	db	64
  3952                           tosu	equ	0xFFF
  3953                           tosh	equ	0xFFE
  3954                           tosl	equ	0xFFD
  3955                           stkptr	equ	0xFFC
  3956                           pclatu	equ	0xFFB
  3957                           pclath	equ	0xFFA
  3958                           pcl	equ	0xFF9
  3959                           tblptru	equ	0xFF8
  3960                           tblptrh	equ	0xFF7
  3961                           tblptrl	equ	0xFF6
  3962                           tablat	equ	0xFF5
  3963                           prodh	equ	0xFF4
  3964                           prodl	equ	0xFF3
  3965                           indf0	equ	0xFEF
  3966                           postinc0	equ	0xFEE
  3967                           postdec0	equ	0xFED
  3968                           preinc0	equ	0xFEC
  3969                           plusw0	equ	0xFEB
  3970                           fsr0h	equ	0xFEA
  3971                           fsr0l	equ	0xFE9
  3972                           wreg	equ	0xFE8
  3973                           indf1	equ	0xFE7
  3974                           postinc1	equ	0xFE6
  3975                           postdec1	equ	0xFE5
  3976                           preinc1	equ	0xFE4
  3977                           plusw1	equ	0xFE3
  3978                           fsr1h	equ	0xFE2
  3979                           fsr1l	equ	0xFE1
  3980                           bsr	equ	0xFE0
  3981                           indf2	equ	0xFDF
  3982                           postinc2	equ	0xFDE
  3983                           postdec2	equ	0xFDD
  3984                           preinc2	equ	0xFDC
  3985                           plusw2	equ	0xFDB
  3986                           fsr2h	equ	0xFDA
  3987                           fsr2l	equ	0xFD9
  3988                           status	equ	0xFD8

Data Sizes:
    Strings     207
    Constant    16
    Data        17
    BSS         10
    Persistent  0
    Stack       0

Auto Spaces:
    Space          Size  Autos    Used
    COMRAM           94     27      54
    BANK0           160      0       0
    BANK1           256      0       0
    BANK2           256      0       0
    BANK3           256      0       0
    BANK4           256      0       0
    BANK5           256      0       0
    BANK6           256      0       0
    BANK7           256      0       0

Pointer List with Targets:

    atoi@s	PTR const unsigned char  size(1) Largest target is 3
		 -> get_valid_input_count@buffer(COMRAM[3]), 

    lcd_create_char@charmap	PTR unsigned char  size(1) Largest target is 8
		 -> load_custom_characters@cool_dude(COMRAM[8]), load_custom_characters@smiley(COMRAM[8]), 

    lcd_write@str	PTR const unsigned char  size(1) Largest target is 17
		 -> STR_11(CODE[17]), STR_15(CODE[15]), STR_16(CODE[12]), STR_19(CODE[10]), 
		 -> STR_20(CODE[8]), STR_28(CODE[17]), STR_29(CODE[15]), STR_30(CODE[14]), 
		 -> STR_31(CODE[17]), STR_8(CODE[17]), STR_9(CODE[17]), 

    set_status@new_status	PTR unsigned char  size(1) Largest target is 15
		 -> STR_13(CODE[6]), STR_14(CODE[11]), STR_17(CODE[4]), STR_18(CODE[15]), 
		 -> STR_22(CODE[6]), STR_24(CODE[4]), STR_25(CODE[15]), STR_27(CODE[10]), 
		 -> STR_32(CODE[4]), 

    status	PTR unsigned char  size(1) Largest target is 15
		 -> STR_1(CODE[8]), STR_13(CODE[6]), STR_14(CODE[11]), STR_17(CODE[4]), 
		 -> STR_18(CODE[15]), STR_22(CODE[6]), STR_24(CODE[4]), STR_25(CODE[15]), 
		 -> STR_27(CODE[10]), STR_32(CODE[4]), 


Critical Paths under _main in COMRAM

    _main->_lcd_init
    _loop->_get_valid_input_count
    _get_valid_input_count->_set_status
    _set_status->_lcd_set_cursor
    _count_update_screen->_lcd_set_cursor
    _lcd_write->_lcd_data
    _lcd_set_cursor->_lcd_cmd
    _lcd_init->_load_custom_characters
    _load_custom_characters->_lcd_create_char
    _lcd_create_char->_lcd_cmd
    _lcd_data->_lcd_send_nibble
    _lcd_clear->_lcd_cmd
    _lcd_cmd->_lcd_send_nibble

Critical Paths under _isr in COMRAM

    None.

Critical Paths under _main in BANK0

    None.

Critical Paths under _isr in BANK0

    None.

Critical Paths under _main in BANK1

    None.

Critical Paths under _isr in BANK1

    None.

Critical Paths under _main in BANK2

    None.

Critical Paths under _isr in BANK2

    None.

Critical Paths under _main in BANK3

    None.

Critical Paths under _isr in BANK3

    None.

Critical Paths under _main in BANK4

    None.

Critical Paths under _isr in BANK4

    None.

Critical Paths under _main in BANK5

    None.

Critical Paths under _isr in BANK5

    None.

Critical Paths under _main in BANK6

    None.

Critical Paths under _isr in BANK6

    None.

Critical Paths under _main in BANK7

    None.

Critical Paths under _isr in BANK7

    None.

Call Graph Tables:

 ---------------------------------------------------------------------------------
 (Depth) Function   	        Calls       Base Space   Used Autos Params    Refs
 ---------------------------------------------------------------------------------
 (0) _main                                                 2     2      0    8800
                                             25 COMRAM     2     2      0
                        _keypad_init
                           _lcd_data
                           _lcd_init
                     _lcd_set_cursor
                          _lcd_write
                               _loop
                         _set_status
                         _timer_init
 ---------------------------------------------------------------------------------
 (1) _timer_init                                           0     0      0       0
 ---------------------------------------------------------------------------------
 (1) _loop                                                 1     1      0    6230
                                             20 COMRAM     1     1      0
                _count_update_screen
              _get_valid_input_count
                     _keypad_get_key
                          _lcd_clear
                           _lcd_data
                     _lcd_set_cursor
                          _lcd_write
                         _set_status
 ---------------------------------------------------------------------------------
 (2) _get_valid_input_count                               10    10      0    2755
                                             10 COMRAM    10    10      0
                               _atoi
                     _keypad_get_key
                          _lcd_clear
                            _lcd_cmd
                           _lcd_data
                     _lcd_set_cursor
                          _lcd_write
                         _set_status
 ---------------------------------------------------------------------------------
 (1) _set_status                                           1     0      1     875
                                              9 COMRAM     1     0      1
                          _lcd_clear
                     _lcd_set_cursor
                          _lcd_write
 ---------------------------------------------------------------------------------
 (2) _keypad_get_key                                       4     4      0     135
                                              0 COMRAM     4     4      0
 ---------------------------------------------------------------------------------
 (3) _atoi                                                 8     6      2     229
                                              0 COMRAM     8     6      2
 ---------------------------------------------------------------------------------
 (2) _count_update_screen                                  0     0      0    1490
                            ___awdiv
                            ___awmod
                          _lcd_clear
                           _lcd_data
                     _lcd_set_cursor
                          _lcd_write
 ---------------------------------------------------------------------------------
 (2) _lcd_write                                            1     0      1     230
                                              3 COMRAM     1     0      1
                           _lcd_data
 ---------------------------------------------------------------------------------
 (2) _lcd_set_cursor                                       5     4      1     308
                                              4 COMRAM     5     4      1
                            _lcd_cmd
 ---------------------------------------------------------------------------------
 (3) ___awmod                                              6     2      4     300
                                              0 COMRAM     6     2      4
 ---------------------------------------------------------------------------------
 (3) ___awdiv                                              8     4      4     304
                                              0 COMRAM     8     4      4
 ---------------------------------------------------------------------------------
 (1) _lcd_init                                             1     1      0     983
                                             24 COMRAM     1     1      0
                          _lcd_clear
                            _lcd_cmd
                    _lcd_send_nibble
             _load_custom_characters
 ---------------------------------------------------------------------------------
 (2) _load_custom_characters                              16    16      0     519
                                              8 COMRAM    16    16      0
                    _lcd_create_char
 ---------------------------------------------------------------------------------
 (3) _lcd_create_char                                      4     3      1     471
                                              4 COMRAM     4     3      1
                            _lcd_cmd
                           _lcd_data
 ---------------------------------------------------------------------------------
 (3) _lcd_data                                             1     1      0     174
                                              2 COMRAM     1     1      0
                    _lcd_send_nibble
 ---------------------------------------------------------------------------------
 (2) _lcd_clear                                            1     1      0     174
                                              4 COMRAM     1     1      0
                            _lcd_cmd
 ---------------------------------------------------------------------------------
 (3) _lcd_cmd                                              2     2      0     174
                                              2 COMRAM     2     2      0
                    _lcd_send_nibble
 ---------------------------------------------------------------------------------
 (4) _lcd_send_nibble                                      2     2      0     116
                                              0 COMRAM     2     2      0
                          _lcd_pulse
 ---------------------------------------------------------------------------------
 (5) _lcd_pulse                                            0     0      0       0
 ---------------------------------------------------------------------------------
 (1) _keypad_init                                          0     0      0       0
 ---------------------------------------------------------------------------------
 Estimated maximum stack depth 5
 ---------------------------------------------------------------------------------
 (Depth) Function   	        Calls       Base Space   Used Autos Params    Refs
 ---------------------------------------------------------------------------------
 (8) _isr                                                  0     0      0       0
 ---------------------------------------------------------------------------------
 Estimated maximum stack depth 8
 ---------------------------------------------------------------------------------

 Call Graph Graphs:

 _main (ROOT)
   _keypad_init
   _lcd_data
     _lcd_send_nibble
       _lcd_pulse
   _lcd_init
     _lcd_clear
       _lcd_cmd
         _lcd_send_nibble
     _lcd_cmd
     _lcd_send_nibble
     _load_custom_characters
       _lcd_create_char
         _lcd_cmd
         _lcd_data
   _lcd_set_cursor
     _lcd_cmd
   _lcd_write
     _lcd_data
   _loop
     _count_update_screen
       ___awdiv
       ___awmod
       _lcd_clear
       _lcd_data
       _lcd_set_cursor
       _lcd_write
     _get_valid_input_count
       _atoi
       _keypad_get_key
       _lcd_clear
       _lcd_cmd
       _lcd_data
       _lcd_set_cursor
       _lcd_write
       _set_status
         _lcd_clear
         _lcd_set_cursor
         _lcd_write
     _keypad_get_key
     _lcd_clear
     _lcd_data
     _lcd_set_cursor
     _lcd_write
     _set_status
   _set_status
   _timer_init

 _isr (ROOT)

Address spaces:
Name               Size   Autos  Total    Usage
BIGRAM            2047      0       0      0.0%
BITBANK7           256      0       0      0.0%
BANK7              256      0       0      0.0%
BITBANK6           256      0       0      0.0%
BANK6              256      0       0      0.0%
BITBANK5           256      0       0      0.0%
BANK5              256      0       0      0.0%
BITBANK4           256      0       0      0.0%
BANK4              256      0       0      0.0%
BITBANK3           256      0       0      0.0%
BANK3              256      0       0      0.0%
BITBANK2           256      0       0      0.0%
BANK2              256      0       0      0.0%
BITBANK1           256      0       0      0.0%
BANK1              256      0       0      0.0%
BITBANK0           160      0       0      0.0%
BANK0              160      0       0      0.0%
BITBIGSFRh         118      0       0      0.0%
BITCOMRAM           94      0       0      0.0%
COMRAM              94     27      54     57.4%
BITBIGSFRll         33      0       0      0.0%
BITBIGSFRlh          7      0       0      0.0%
STACK                0      0       0      0.0%
DATA                 0      0      54      0.0%


Microchip Technology PIC18 Macro Assembler V3.00 build 20241204225717 
Symbol Table                                                                                   Thu Jul 24 19:31:46 2025

                   lcd_data@data 0003                               l83 0AC8                               l76 1074  
                             l88 0AC8                               l98 0AEC                               u90 0D82  
                             u91 0D7E                     ___awdiv@sign 0006                              l101 0FC4  
                            l110 0B98                              l210 0E50                              l122 0C62  
                            l130 1128                              l116 0C2C                              l125 1440  
                            l133 119E                              l152 1408                              l146 147A  
                            l155 1426                              l171 13B6                              l149 1218  
                            l165 1350                              l158 1458                              l183 138A  
                            l176 12D8                              l186 128E                              l444 0F12  
                            l199 1484                              l457 1122                              l900 0D6E  
                            l980 0DA4                              l972 0D70                              l982 0DAC  
                            l974 0D72                              l992 0DDE                              l897 0D66  
                            l994 0E0E                              l978 0D86                              l996 0E1E  
                            l988 0DAE                              u120 0DDE                              u104 0D98  
                            u121 0DDA                              u105 0D94                              u114 0DC4  
                            u115 0DC0                              u140 0E0E                              u141 0E0A  
                            u150 0E48                              u134 0DF4                              u151 0E44  
                            u135 0DF0                              u700 0FF2                              u701 0FEE  
                            u710 1008                              u711 1004                              u800 0D4A  
                            u720 101E                              u801 0D46                              u721 101A  
                            u810 12D8                              u730 1034                              u811 12D4  
                            u731 1030                              u820 0E62                              u900 10BA  
                            u740 104A                              u821 0E5E                              u901 10B6  
                            u741 1046                              u830 0E7C                              u910 10D8  
                            u670 132A                              u750 0C8C                              u831 0E78  
                            u911 10D4                              u671 1326                              u751 0C88  
                            u840 0EA2                              u920 10EE                              u680 13B6  
                            u760 0CAA                              u841 0E9E                              u921 10EA  
                            u681 13B2                              u761 0CA6                              u850 0EC0  
                            u930 1112                              u770 0CC2                              u690 0FDC  
                            u851 0EBC                              u931 110E                              u771 0CBE  
                            u691 0FD8                              u860 0EDC                              u780 0CE4  
                            u940 0930                              u861 0ED8                              u781 0CE0  
                            u941 092C                              u870 0F02                              u790 0D3A  
                            u950 0940                              u871 0EFE                              u791 0D36  
                            u951 093C                              u880 1086                              u960 095C  
                            u881 1082                              u961 0958                              u890 10A0  
                            u970 0988                              u891 109C                              u971 0984  
                            u980 09A2                              u981 099E                              u990 09D8  
                            u991 09D4                              _isr 0008                     ___awmod@sign 0006  
                            wreg 0FE8                  ?_lcd_set_cursor 0005                             l1000 0E36  
                           l1002 0E38                             l1004 0E48                             l1008 0E4E  
                           l1300 142C                             l1302 1438                             l1400 1346  
                           l1304 143A                             l1330 147C                             l1402 134A  
                           l1410 139E                             l1306 143C                             l1500 0E88  
                           l1404 138C                             l1420 0FF6                             l1412 0FC6  
                           l1308 143E                             l1510 0EC0                             l1502 0E90  
                           l1406 1390                             l1520 0EEC                             l1512 0EC6  
                           l1504 0EA2                             l1408 139C                             l1440 0C64  
                           l1432 1038                             l1424 100C                             l1416 0FE0  
                           l1600 09C6                             l1370 146C                             l1514 0EDC  
                           l1506 0EAA                             l1522 0EF2                             l1530 1076  
                           l1450 0CAA                             l1442 0C6C                             l1434 104A  
                           l1610 0A28                             l1602 09D8                             l1372 1472  
                           l1380 13E8                             l1524 0F02                             l1516 0EE4  
                           l1508 0EB2                             l1540 10A0                             l1532 1078  
                           l1460 0CE8                             l1452 0CC2                             l1444 0C72  
                           l1436 1058                             l1428 1022                             l1620 0A4A  
                           l1612 0A2E                             l1604 09E2                             l1700 0BC4  
                           l1374 11A4                             l1382 13F8                             l1390 1442  
                           l1470 1292                             l1526 0F0A                             l1518 0EE6  
                           l1550 10D8                             l1542 10A8                             l1534 1086  
                           l1454 0CC6                             l1446 0C74                             l1438 1060  
                           l1630 0A98                             l1622 0A5C                             l1614 0A36  
                           l1606 09F2                             l1710 0C00                             l1702 0BC8  
                           l1376 1214                             l1392 1448                             l1384 140C  
                           l1480 12AA                             l1472 1296                             l1560 1112  
                           l1552 10EE                             l1544 10BA                             l1536 108E  
                           l1640 0F14                             l1464 0D1C                             l1456 0CCC  
                           l1448 0C8C                             l1632 0AA4                             l1624 0A64  
                           l1608 0A0C                             l1616 0A3E                             l1720 0C3A  
                           l1712 0C10                             l1704 0BDA                             l1378 13E6  
                           l1386 140E                             l1482 12B8                             l1474 12A2  
                           l1730 1234                             l1490 0E62                             l1562 111A  
                           l1554 10F6                             l1546 10C2                             l1538 1092  
                           l1394 131A                             l1650 0F68                             l1642 0F22  
                           l1466 0D3A                             l1634 0AB6                             l1626 0A7A  
                           l1618 0A46                             l1570 08FA                             l1722 0C4A  
                           l1714 0C14                             l1706 0BE4                             l1298 1428  
                           l1388 141E                             l1484 12BC                             l1740 1266  
                           l1732 1236                             l1492 0E6A                             l1556 10FC  
                           l1548 10CA                             l1396 132A                             l1652 0F72  
                           l1644 0F2A                             l1468 0D4A                             l1636 0ABA  
                           l1628 0A86                             l1580 0920                             l1572 08FE  
                           l1716 0C26                             l1708 0BF2                             l1724 0C50  
                           l1660 0AEE                             l1654 1352                             l1742 126C  
                           l1734 123C                             l1726 121A                             l1494 0E6E  
                           l1486 0E52                             l1558 1102                             l1398 133A  
                           l1646 0F34                             l1590 096C                             l1582 0930  
                           l1574 0906                             l1638 0ADA                             l1566 08E2  
                           l1670 0B12                             l1662 0AF2                             l1750 1144  
                           l1656 1364                             l1744 128A                             l1736 1250  
                           l1728 1226                             l1496 0E7C                             l1488 0E54  
                           l1648 0F4E                             l1584 0940                             l1592 0976  
                           l1576 0910                             l1568 08F2                             l1680 0B48  
                           l1672 0B14                             l1664 0AF6                             l1760 115C  
                           l1752 1146                             l1658 136E                             l1738 1258  
                           l1498 0E84                             l1594 0988                             l1586 095C  
                           l1578 091A                             l1682 0B5A                             l1690 0B7A  
                           l1674 0B24                             l1666 0AFA                             l1770 1192  
                           l1762 1164                             l1754 114A                             l1746 1124  
                           l1596 09A2                             l1588 0968                             l1692 0B8C  
                           l1684 0B6C                             l1676 0B36                             l1668 0B00  
                           l1772 119A                             l1764 116A                             l1756 114E  
                           l1748 1136                             l1598 09BC                             l1686 0B6E  
                           l1678 0B3A                             l1694 0B98                             l1766 1174  
                           l1758 1152                             l1696 0BAA                             l1768 117C  
                           l1698 0BBC                             ?_isr 0001                             STR_1 08D4  
                           STR_2 08D4                             STR_3 08DC                             STR_4 08AD  
                           STR_5 08C6                             STR_6 08C2                             STR_7 0884  
                           STR_8 0811                             STR_9 0822                             u1000 0A0C  
                           u1001 0A08                             u1010 0A28                             u1011 0A24  
                           u1020 0A98                             u1100 0B36                             u1021 0A94  
                           u1101 0B32                             u1030 0AB6                             u1031 0AB2  
                           u1200 0C3A                             u1120 0B5A                             u1201 0C36  
                           u1121 0B56                             u1050 0ADA                             u1210 0C4A  
                           u1130 0B6C                             u1051 0AD6                             u1211 0C46  
                           u1131 0B68                             u1115 0B42                             u1060 0AEC  
                           u1220 0C62                             u1140 0B8C                             u1116 0B44  
                           u1061 0AE8                             u1045 0AC2                             u1221 0C5E  
                           u1141 0B88                             u1046 0AC4                             u1150 0BAA  
                           u1230 1136                             u1071 135C                             u1151 0BA6  
                           u1231 1132                             u1160 0BBC                             u1081 1378  
                           u1161 0BB8                             u1170 0C00                             u1090 0B12  
                           u1307 1242                             u1171 0BFC                             u1091 0B0E  
                           u1180 0C10                             u1317 1252                             u1181 0C0C  
                           u1190 0C26                             _LATB 0F8A                             u1327 1260  
                           u1191 0C22                             u1247 113C                             u1337 126E  
                           u1257 1186                             u1347 1420                             u1267 0A6E  
                           u1357 144E                             u1277 0DA6                             u1367 13FE  
                           u1287 0E14                             u1377 1474                             u1297 122C  
                           i2l62 13E0                 ?_lcd_send_nibble 0001                             _atoi 0C64  
                           _main 1124                             _loop 0AEE                             fsr2h 0FDA  
                           indf2 0FDF                             fsr1l 0FE1                             fsr2l 0FD9  
                           btemp 0037                             prodh 0FF4                             prodl 0FF3  
                           start 000E      __end_of_count_update_screen 0FC6                     ___param_bank 0000  
                          ??_isr 0001                            ?_atoi 0001                            ?_main 0001  
                __end_of___awdiv 0F14                            ?_loop 0001                            STR_10 08DC  
                          STR_11 0844                            STR_12 08DC                            STR_20 08CC  
                          STR_21 08DC                            STR_13 08C6                            STR_22 08C6  
                          STR_14 08AD                            STR_30 0893                            STR_23 08C2  
                          STR_15 0875                            STR_31 0833                            STR_32 08DC  
                          STR_24 08DC                            STR_16 08A1                            STR_17 08DC  
                          STR_25 0884                            STR_26 08C6                            STR_18 0884  
                          STR_27 08C2                            STR_19 08B8                            STR_28 0855  
                __end_of___awmod 1124                            STR_29 0866                  ___awdiv@divisor 0003  
                          _T1CON 0FCD                  ___awdiv@counter 0005                            _TMR1H 0FCF  
                          _TMR1L 0FCE                            _PORTB 0F81                            _TRISB 0F93  
               ??_keypad_get_key 0001                  __end_of_lcd_cmd 140A                     ?_keypad_init 0001  
                          atoi@n 0007                            atoi@s 0001                            tablat 0FF5  
                          plusw1 0FE3                            plusw2 0FDB                            ttemp5 0038  
                          ttemp6 003B                            ttemp7 003F                            status 0FD8  
                          wtemp8 0038                     lcd_write@str 0004                  __initialization 12DA  
                   __end_of_atoi 0D70                     __end_of_main 11A2                     __end_of_loop 0C64  
                         ??_atoi 0003                           ??_main 001A                           ??_loop 0015  
                  __activetblptr 0001          ?_load_custom_characters 0001                 ___awdiv@dividend 0001  
                         i2l1340 13D6                           i2l1332 13BA                           i2l1334 13C8  
                         i2l1336 13CA                           i2l1338 13D2         get_valid_input_count@key 0014  
                         _OSCCON 0FD3            _get_valid_input_count 08E2                 __end_of_lcd_data 1428  
               __end_of_lcd_init 1290                        ??___awdiv 0005                        ??___awmod 0005  
                         _keymap 0801                           clear_0 1300                 ___awdiv@quotient 0007  
                ___awmod@divisor 0003                           isa$std 0001                  ___awmod@counter 0005  
                      ??_lcd_cmd 0003                           _status 002C                     __pdataCOMRAM 001C  
 __end_of_load_custom_characters 138C                     __mediumconst 0800                           tblptrh 0FF7  
                         tblptrl 0FF6                           tblptru 0FF8                       __accesstop 0060  
        __end_of__initialization 1306                    ___rparam_used 0001                   __pcstackCOMRAM 0001  
               ??_lcd_set_cursor 0006           ?_get_valid_input_count 0001           lcd_create_char@charmap 0005  
              ??_lcd_create_char 0006                          i2u64_40 13C8                          i2u64_41 13C4  
                        i2u65_45 13DE                          i2u65_46 13E0                        ?_lcd_data 0001  
                     _led_estado 0032                        ?_lcd_init 0001  load_custom_characters@cool_dude 0011  
                        __Hparam 0000                          __Lparam 0000                __end_of_lcd_clear 145A  
           set_status@new_status 000A                __end_of_lcd_pulse 147C                          ___awdiv 0E52  
   load_custom_characters@smiley 0009                          ___awmod 1076                __end_of_lcd_write 13B8  
                   __psmallconst 0800                          __pcinit 12DA                          __ramtop 0800  
                        __ptext0 1124                          __ptext1 1428                          __ptext2 0AEE  
                        __ptext3 08E2                          __ptext4 0FC6                          __ptext5 0D70  
                        __ptext6 0C64                          __ptext7 0F14                          __ptext8 138C  
                        __ptext9 1318                          _lcd_cmd 13E4                 ___awmod@dividend 0001  
                        atoi@neg 0006                       ??_lcd_data 0003                       ??_lcd_init 0019  
                _piezas_contadas 0036                   __pintcode_body 13B8             end_of_initialization 1306  
                _piezas_objetivo 0035                          int_func 13B8                          loop@key 0015  
     get_valid_input_count@F3241 002D                          postdec1 0FE5                          postinc0 0FEE  
                        postinc2 0FDE                       _set_status 0FC6                       _timer_init 1428  
                      _PORTCbits 0F82       get_valid_input_count@index 0012       get_valid_input_count@value 0010  
                      _TRISAbits 0F92                        _TRISCbits 0F94                        _TRISDbits 0F95  
                     lcd_cmd@cmd 0004                    __pidataCOMRAM 145A                ??_lcd_send_nibble 0001  
                 __end_of_keymap 0811              start_initialization 12DA                      __end_of_isr 13E4  
        ??_get_valid_input_count 000B               _lcd_set_cursor$662 0007                 lcd_create_char@i 0007  
                _lcd_create_char 1290                      ?_set_status 000A                      ?_timer_init 0001  
                    __pbssCOMRAM 002D                    ??_keypad_init 0001              _count_update_screen 0F14  
                      __pintcode 0008                         ?___awdiv 0001                         ?___awmod 0001  
           ?_count_update_screen 0001         ??_load_custom_characters 0009                        _lcd_clear 1442  
                      _lcd_pulse 146C                         ?_lcd_cmd 0001                        _lcd_write 138C  
                    __smallconst 0800          lcd_create_char@location 0006                   _keypad_get_key 0D70  
                       _LATAbits 0F89                         _LATDbits 0F8C              __end_of_keypad_init 1486  
        __end_of_lcd_create_char 12DA                         _PIE1bits 0F9D                         _PIR1bits 0F9E  
          ??_count_update_screen 000A                       ?_lcd_clear 0001                       ?_lcd_pulse 0001  
                     ?_lcd_write 0004                keypad_get_key@col 0004                keypad_get_key@row 0003  
         __end_of_keypad_get_key 0E52                        copy_data0 12EE                  _lcd_send_nibble 11A2  
                       __Hrparam 0000                         __Lrparam 0000                     __Lsmallconst 0800  
             lcd_set_cursor@addr 0009                         __ptext10 1076                         __ptext11 0E52  
                       __ptext20 147C                         __ptext12 121A                         __ptext13 1352  
                       __ptext14 1290                         __ptext15 140A                         __ptext16 1442  
                       __ptext17 13E4                         __ptext18 11A2                         __ptext19 146C  
                       _lcd_data 140A                      _keypad_init 147C                         _lcd_init 121A  
                ?_keypad_get_key 0001    __end_of_get_valid_input_count 0AEE                 ?_lcd_create_char 0005  
                       isa$xinst 0000                     ??_set_status 000B                         int$flags 0037  
                    ??_lcd_clear 0005      load_custom_characters@F3250 001C      load_custom_characters@F3248 0024  
                   ??_timer_init 0001                      ??_lcd_pulse 0001                      ??_lcd_write 0005  
                 _int0_triggered 0034                       _INTCONbits 0FF2                         intlevel2 0000  
         _load_custom_characters 1352                   _lcd_set_cursor 1318                lcd_set_cursor@col 0005  
        __end_of_lcd_send_nibble 121A                lcd_set_cursor@row 0006               __end_of_set_status 1076  
             __end_of_timer_init 1442                       _OSCCONbits 0FD3                   _led_lbk_estado 0030  
         __end_of_lcd_set_cursor 1352      get_valid_input_count@buffer 000D            lcd_send_nibble@nibble 0002  
